name,cls,sub,layer,shape,numel,distinct,entropy,huffman_tensor,T32_best_real,T32_best_shuf_row,T32_best_shuf_tensor,T32_bump_real,T32_bump_shuf_row,T32_bump_shuf_tensor,T32_escape_real,T32_escape_shuf_row,T32_escape_shuf_tensor,T32_unary_real,T32_unary_shuf_row,T32_unary_shuf_tensor,T32_rank_fixed_real,T32_rank_fixed_shuf_row,T32_rank_fixed_shuf_tensor,T32_rank_best_real,T32_rank_best_shuf_row,T32_rank_best_shuf_tensor,T32_rank_unary_real,T32_rank_unary_shuf_row,T32_rank_unary_shuf_tensor,T32_rank_rice_real,T32_rank_rice_shuf_row,T32_rank_rice_shuf_tensor,T64_best_real,T64_best_shuf_row,T64_best_shuf_tensor,T64_bump_real,T64_bump_shuf_row,T64_bump_shuf_tensor,T64_escape_real,T64_escape_shuf_row,T64_escape_shuf_tensor,T64_unary_real,T64_unary_shuf_row,T64_unary_shuf_tensor,T64_rank_fixed_real,T64_rank_fixed_shuf_row,T64_rank_fixed_shuf_tensor,T64_rank_best_real,T64_rank_best_shuf_row,T64_rank_best_shuf_tensor,T64_rank_unary_real,T64_rank_unary_shuf_row,T64_rank_unary_shuf_tensor,T64_rank_rice_real,T64_rank_rice_shuf_row,T64_rank_rice_shuf_tensor,T128_best_real,T128_best_shuf_row,T128_best_shuf_tensor,T128_bump_real,T128_bump_shuf_row,T128_bump_shuf_tensor,T128_escape_real,T128_escape_shuf_row,T128_escape_shuf_tensor,T128_unary_real,T128_unary_shuf_row,T128_unary_shuf_tensor,T128_rank_fixed_real,T128_rank_fixed_shuf_row,T128_rank_fixed_shuf_tensor,T128_rank_best_real,T128_rank_best_shuf_row,T128_rank_best_shuf_tensor,T128_rank_unary_real,T128_rank_unary_shuf_row,T128_rank_unary_shuf_tensor,T128_rank_rice_real,T128_rank_rice_shuf_row,T128_rank_rice_shuf_tensor
model.language_model.embed_tokens.weight,embed,embed_tokens,,262144x2560,671088640,34,2.5608,10.5977,12.758,12.7581,12.774,12.9672,12.9672,12.9728,12.7637,12.7638,12.7796,12.4344,12.4345,12.4484,11.662,11.662,11.6632,11.4014,11.4012,11.4033,10.9361,10.936,10.9362,10.8133,10.8133,10.8145,12.0984,12.0984,12.1056,12.3989,12.4,12.4103,12.1007,12.1008,12.1078,11.7246,11.7249,11.7389,11.7899,11.7899,11.7918,11.3121,11.3121,11.3134,10.8324,10.8324,10.8326,10.7332,10.7332,10.7345,11.6688,11.6689,11.6725,12.3608,12.3616,12.377,11.6729,11.673,11.6764,11.3006,11.3008,11.3146,11.9575,11.958,11.9604,11.2704,11.2705,11.2712,10.7802,10.7802,10.7803,10.6951,10.6951,10.6964
model.language_model.layers.0.mlp.down_proj.weight,linear,mlp,0,2560x10240,26214400,28,2.5782,10.62,12.7906,12.7904,12.802,12.988,12.9876,12.9996,12.7939,12.7936,12.805,12.4733,12.4729,12.4889,11.6156,11.616,11.6328,11.3837,11.3839,11.389,10.9614,10.9614,10.9619,10.8172,10.8173,10.8194,12.1033,12.1035,12.1109,12.3858,12.3855,12.4091,12.106,12.1062,12.1135,11.745,11.7449,11.7603,11.7274,11.7281,11.7521,11.2858,11.286,11.2913,10.8585,10.8585,10.8589,10.7383,10.7383,10.7401,11.6598,11.6598,11.6667,12.3198,12.3196,12.3532,11.6645,11.6646,11.6709,11.317,11.3168,11.3326,11.9141,11.9138,11.9362,11.243,11.2429,11.2482,10.8068,10.8068,10.8071,10.7001,10.7002,10.7015
model.language_model.layers.0.mlp.gate_proj.weight,linear,mlp,0,10240x2560,26214400,30,2.5751,10.6075,12.7712,12.7716,12.7853,12.9938,12.9938,13.003,12.7767,12.777,12.7906,12.4673,12.4681,12.4841,11.6514,11.6517,11.6525,11.4112,11.4112,11.4116,10.9621,10.9622,10.9626,10.8349,10.8351,10.8363,12.1113,12.1111,12.12,12.4472,12.4468,12.4674,12.1143,12.1141,12.1232,11.7561,11.756,11.7729,11.7783,11.7781,11.7792,11.3333,11.3332,11.3331,10.8579,10.8579,10.8581,10.7535,10.7535,10.7546,11.6837,11.6837,11.6914,12.3987,12.399,12.4256,11.6887,11.6889,11.6965,11.3255,11.3257,11.3413,11.9512,11.9509,11.9536,11.3014,11.3014,11.3016,10.8058,10.8058,10.8059,10.7151,10.7151,10.7162
model.language_model.layers.0.mlp.up_proj.weight,linear,mlp,0,10240x2560,26214400,28,2.5749,10.6036,12.7671,12.7675,12.7817,12.9905,12.9907,13.0042,12.7727,12.773,12.7871,12.4668,12.4668,12.4871,11.6397,11.6404,11.6406,11.4035,11.4036,11.4041,10.9688,10.9689,10.9696,10.8427,10.8428,10.8441,12.1079,12.1079,12.1184,12.4376,12.4373,12.467,12.1112,12.1112,12.1219,11.7544,11.7543,11.7753,11.7647,11.764,11.765,11.3253,11.325,11.3251,10.8646,10.8646,10.8651,10.7609,10.7608,10.762,11.6807,11.6805,11.6912,12.388,12.3863,12.4193,11.6863,11.6862,11.6971,11.3238,11.3234,11.3423,11.9418,11.941,11.9435,11.2934,11.2931,11.2933,10.8128,10.8127,10.8128,10.7229,10.7228,10.7236
model.language_model.layers.0.per_layer_input_gate.weight,linear,ple_proj,0,256x2560,655360,24,2.6953,10.721,12.9356,12.9342,12.9605,13.1286,13.1259,13.1501,12.9373,12.9369,12.9621,12.7067,12.7079,12.7464,11.7638,11.7629,11.7638,11.4696,11.4692,11.4732,11.1717,11.1715,11.1724,10.9392,10.9387,10.94,12.1772,12.1772,12.1911,12.6017,12.6016,12.6392,12.1816,12.1817,12.1956,11.9645,11.9655,12.0038,11.8978,11.8963,11.8966,11.3765,11.3761,11.38,11.0678,11.0676,11.0684,10.8516,10.851,10.8521,11.7272,11.7268,11.7398,12.5135,12.5074,12.5398,11.7316,11.7313,11.7435,11.5226,11.5219,11.5598,12.0274,12.0235,12.0261,11.3349,11.3348,11.3369,11.0159,11.0158,11.016,10.8052,10.8047,10.8052
model.language_model.layers.0.per_layer_projection.weight,linear,ple_proj,0,2560x256,655360,24,2.8474,10.8758,12.905,12.9111,13.1542,13.1352,13.1443,13.455,12.9079,12.9137,13.1565,12.6881,12.6898,13.1049,11.8236,11.8184,11.8879,11.5579,11.5555,11.5818,11.4342,11.4342,11.4409,11.0641,11.0636,11.0794,12.1824,12.1823,12.3224,12.6151,12.6151,12.9876,12.187,12.1869,12.3289,11.948,11.9456,12.3278,11.9312,11.9285,12.0126,11.4817,11.48,11.5016,11.3321,11.3321,11.3363,10.9754,10.9751,10.9837,11.739,11.7387,11.8723,12.4856,12.4869,12.6896,11.7439,11.7439,11.8742,11.5,11.4983,11.8618,12.0413,12.0452,12.0894,11.4455,11.4452,11.4584,11.2813,11.2814,11.2839,10.9313,10.9317,10.9352
model.language_model.layers.0.self_attn.k_proj.weight,linear,attn,0,512x2560,1310720,24,2.5711,10.6005,12.751,12.7489,12.7662,12.9936,12.9893,13.009,12.7558,12.7541,12.7714,12.4622,12.459,12.4861,11.6198,11.62,11.6209,11.39,11.389,11.3896,10.9638,10.9636,10.9647,10.8406,10.8403,10.8422,12.1019,12.1018,12.1127,12.437,12.4286,12.4643,12.1056,12.1055,12.1169,11.7472,11.7452,11.7701,11.7381,11.7382,11.743,11.3092,11.3087,11.3097,10.8595,10.8592,10.8599,10.7575,10.7575,10.7592,11.6786,11.6781,11.6891,12.3655,12.3685,12.4009,11.6857,11.6851,11.696,11.3113,11.3114,11.3332,11.9204,11.9205,11.9274,11.2764,11.276,11.2773,10.8079,10.8078,10.8082,10.7205,10.72,10.7212
model.language_model.layers.0.self_attn.o_proj.weight,linear,attn,0,2560x2048,5242880,28,2.5935,10.6252,12.7346,12.7684,12.8027,12.9636,12.9945,13.0391,12.7402,12.7741,12.8075,12.4218,12.4699,12.5273,11.6421,11.6468,11.6565,11.4064,11.4081,11.4117,10.9947,10.9966,10.9984,10.8533,10.8572,10.8651,12.088,12.1106,12.134,12.3845,12.451,12.519,12.0909,12.114,12.138,11.7096,11.7588,11.8096,11.763,11.7688,11.7822,11.3279,11.3285,11.3309,10.8915,10.8928,10.8937,10.7729,10.7762,10.7818,11.6628,11.6857,11.7058,12.3295,12.4011,12.454,11.6684,11.6914,11.7117,11.2818,11.3266,11.3715,11.9371,11.9428,11.9579,11.2956,11.2962,11.2983,10.8405,10.8407,10.8418,10.7361,10.7384,10.7434
model.language_model.layers.0.self_attn.q_proj.weight,linear,attn,0,2048x2560,5242880,27,2.5896,10.6195,12.7515,12.7515,12.7991,12.9923,12.9929,13.029,12.7565,12.7564,12.8038,12.4633,12.4632,12.5237,11.6325,11.6317,11.6339,11.3994,11.3996,11.4004,10.9963,10.9962,10.998,10.8612,10.8608,10.8648,12.0989,12.0993,12.128,12.4218,12.423,12.4945,12.1026,12.1031,12.1326,11.7433,11.7436,11.8048,11.7517,11.7513,11.7555,11.3196,11.3199,11.3192,10.8922,10.8921,10.8933,10.778,10.7778,10.7809,11.6735,11.6738,11.6981,12.3535,12.3555,12.4228,11.6802,11.6806,11.7055,11.3087,11.3092,11.3648,11.9291,11.9266,11.9318,11.2872,11.2871,11.2867,10.8412,10.8412,10.8414,10.7405,10.7403,10.7422
model.language_model.layers.0.self_attn.v_proj.weight,linear,attn,0,512x2560,1310720,24,2.5718,10.6008,12.7665,12.7652,12.7691,13.0039,13.0052,13.0089,12.7722,12.7704,12.7743,12.4813,12.4813,12.4871,11.6249,11.623,11.6277,11.3919,11.3922,11.3925,10.9661,10.966,10.9663,10.8424,10.8423,10.8432,12.1128,12.1121,12.1146,12.4623,12.4627,12.4722,12.117,12.1163,12.1185,11.7674,11.7674,11.7725,11.7464,11.7427,11.75,11.3121,11.3127,11.3128,10.8614,10.8613,10.8615,10.7597,10.7592,10.7602,11.6881,11.6891,11.6904,12.3973,12.4063,12.4082,11.6954,11.6958,11.6973,11.3308,11.331,11.3355,11.9264,11.9262,11.9318,11.2802,11.2809,11.2808,10.8094,10.8094,10.8095,10.7216,10.7217,10.7224
model.language_model.layers.1.mlp.down_proj.weight,linear,mlp,1,2560x10240,26214400,32,2.5871,10.6278,12.7988,12.7986,12.813,12.9944,12.9945,13.0105,12.802,12.8019,12.816,12.485,12.4848,12.5052,11.6269,11.6266,11.6525,11.3904,11.3904,11.3987,10.9752,10.9751,10.9759,10.8254,10.8253,10.828,12.1075,12.1074,12.1184,12.3968,12.3964,12.4324,12.1102,12.1101,12.1209,11.7565,11.7563,11.7775,11.7415,11.7404,11.7761,11.2925,11.2923,11.3011,10.8722,10.8721,10.8727,10.7459,10.7458,10.7481,11.6633,11.6633,11.6738,12.3337,12.3335,12.3799,11.6679,11.6679,11.6778,11.3283,11.3282,11.3492,11.9245,11.9245,11.9543,11.2491,11.2491,11.2573,10.8205,10.8204,10.8209,10.7073,10.7072,10.7088
model.language_model.layers.1.mlp.gate_proj.weight,linear,mlp,1,10240x2560,26214400,29,2.5997,10.6337,12.7923,12.7925,12.825,13.0163,13.0162,13.0379,12.7968,12.7972,12.8294,12.5024,12.5024,12.5399,11.6587,11.6585,11.6608,11.4191,11.4192,11.4202,10.998,10.998,10.9989,10.8542,10.8541,10.8571,12.1203,12.1202,12.1391,12.4675,12.467,12.511,12.1241,12.1239,12.1431,11.7827,11.7828,11.8206,11.7832,11.7837,11.787,11.3399,11.34,11.3399,10.8938,10.8938,10.8943,10.7713,10.7713,10.7739,11.6892,11.689,11.7047,12.4069,12.4076,12.4518,11.6949,11.6946,11.7105,11.3481,11.3483,11.3831,11.954,11.9556,11.9589,11.3082,11.3084,11.3081,10.842,10.8421,10.8421,10.7322,10.7323,10.7341
model.language_model.layers.1.mlp.up_proj.weight,linear,mlp,1,10240x2560,26214400,28,2.5934,10.6239,12.7849,12.7854,12.8104,13.0094,13.0103,13.0321,12.7897,12.7901,12.815,12.4952,12.496,12.5303,11.6433,11.6436,11.6443,11.4073,11.4075,11.4081,10.9955,10.9955,10.9967,10.8584,10.8585,10.8609,12.116,12.1161,12.133,12.4562,12.4583,12.5025,12.1198,12.1199,12.1373,11.7763,11.7768,11.8114,11.7669,11.7665,11.7682,11.3274,11.3275,11.3273,10.8914,10.8914,10.8921,10.7755,10.7755,10.7775,11.6858,11.6856,11.7012,12.3963,12.395,12.4359,11.6918,11.6916,11.7077,11.3421,11.3421,11.3724,11.942,11.9408,11.9445,11.2951,11.2951,11.2951,10.8399,10.8399,10.84,10.7372,10.7371,10.7385
model.language_model.layers.1.per_layer_input_gate.weight,linear,ple_proj,1,256x2560,655360,26,2.6287,10.6605,12.8454,12.8464,12.8501,13.0809,13.0845,13.0868,12.8489,12.8498,12.8529,12.6001,12.6027,12.6089,11.6531,11.6539,11.6541,11.4109,11.4112,11.4116,11.0491,11.0493,11.0494,10.8872,10.8877,10.8884,12.1502,12.1501,12.1507,12.5539,12.5517,12.5508,12.1556,12.1554,12.1566,11.8671,11.8675,11.8723,11.7809,11.7766,11.7739,11.3266,11.3254,11.3257,10.9452,10.9452,10.945,10.8023,10.8023,10.8027,11.7114,11.7108,11.7114,12.4638,12.4542,12.4558,11.7176,11.717,11.7182,11.4225,11.4214,11.4283,11.9536,11.9521,11.9472,11.2922,11.2917,11.2914,10.8936,10.8934,10.8936,10.7617,10.7618,10.7621
model.language_model.layers.1.per_layer_projection.weight,linear,ple_proj,1,2560x256,655360,24,2.9202,10.951,12.8108,12.8044,13.2482,13.0546,13.0515,13.6569,12.8147,12.8086,13.2512,12.536,12.5306,13.2915,11.8538,11.8493,11.9768,11.6108,11.6089,11.6945,11.5572,11.5567,11.5679,11.1075,11.1061,11.1534,12.1352,12.1321,12.4174,12.5314,12.5192,13.1698,12.1385,12.1357,12.4231,11.8123,11.8065,12.5032,11.9514,11.9469,12.0707,11.5496,11.5477,11.6325,11.4561,11.4557,11.4627,11.0219,11.0205,11.0569,11.7023,11.7017,11.977,12.4378,12.4265,12.7461,11.7066,11.706,11.9779,11.3726,11.3693,12.0184,12.047,12.0499,12.1087,11.5148,11.5142,11.5909,11.406,11.4063,11.4102,10.9776,10.9778,11.0075
model.language_model.layers.1.self_attn.k_proj.weight,linear,attn,1,512x2560,1310720,24,2.5794,10.6095,12.7754,12.7754,12.7864,12.9982,12.9989,13.0139,12.7808,12.7806,12.7918,12.4784,12.4786,12.4974,11.6463,11.6458,11.646,11.4061,11.4056,11.4055,10.973,10.9729,10.9737,10.8455,10.8458,10.8467,12.1121,12.1119,12.1222,12.4492,12.4513,12.4834,12.1152,12.1155,12.1261,11.7645,11.7635,11.7836,11.7745,11.7691,11.7706,11.3272,11.3272,11.3267,10.8688,10.8686,10.8692,10.764,10.7634,10.7647,11.6836,11.6838,11.696,12.3974,12.3975,12.4329,11.6892,11.6891,11.7017,11.3317,11.3315,11.3493,11.9428,11.9435,11.9466,11.2942,11.2942,11.2942,10.8168,10.8169,10.817,10.7257,10.7255,10.7263
model.language_model.layers.1.self_attn.o_proj.weight,linear,attn,1,2560x2048,5242880,27,2.5941,10.6262,12.7368,12.7704,12.8131,12.9693,12.9976,13.0263,12.7421,12.7755,12.8179,12.4283,12.4736,12.5231,11.6531,11.6562,11.667,11.4162,11.417,11.4204,10.9898,10.9911,10.9922,10.8454,10.8487,10.8534,12.0886,12.1083,12.1334,12.3893,12.4395,12.4972,12.0916,12.1117,12.137,11.7134,11.7566,11.8082,11.7747,11.7799,11.7997,11.3386,11.3386,11.3411,10.8862,10.887,10.8877,10.7639,10.7664,10.7708,11.6632,11.6797,11.7014,12.3268,12.3785,12.4503,11.6691,11.6855,11.7066,11.284,11.3244,11.3741,11.9413,11.9488,11.9786,11.3064,11.3068,11.3096,10.8349,10.8352,10.8354,10.7257,10.7276,10.7312
model.language_model.layers.1.self_attn.q_proj.weight,linear,attn,1,2048x2560,5242880,26,2.5822,10.6112,12.7557,12.7567,12.7897,12.9919,12.9929,13.0195,12.7614,12.7616,12.7946,12.463,12.4639,12.5059,11.6352,11.6356,11.6376,11.4001,11.4009,11.4018,10.9838,10.9839,10.9852,10.8535,10.8536,10.8564,12.1029,12.1043,12.1236,12.432,12.4349,12.4857,12.1064,12.1079,12.1276,11.7478,11.7484,11.7902,11.758,11.7567,11.7602,11.3212,11.3211,11.3214,10.8796,10.8797,10.8803,10.7711,10.7713,10.7732,11.6782,11.679,11.6959,12.3763,12.3782,12.4242,11.6846,11.6854,11.7022,11.315,11.3158,11.3533,11.9355,11.9348,11.9393,11.2889,11.2889,11.2891,10.8281,10.8282,10.8283,10.7334,10.7335,10.735
model.language_model.layers.1.self_attn.v_proj.weight,linear,attn,1,512x2560,1310720,23,2.5753,10.6049,12.7671,12.7674,12.7731,13.0053,13.0083,13.0137,12.7717,12.7726,12.7783,12.483,12.4858,12.4946,11.623,11.6224,11.6255,11.3912,11.3911,11.3906,10.9699,10.9699,10.9703,10.8449,10.8446,10.8453,12.1113,12.1115,12.1163,12.4545,12.4573,12.4799,12.1154,12.1155,12.1208,11.7667,11.7668,11.7792,11.7439,11.7419,11.7463,11.3102,11.3109,11.3104,10.8653,10.8652,10.8656,10.7616,10.7607,10.762,11.6861,11.6873,11.6916,12.3953,12.4016,12.4079,11.6929,11.6942,11.699,11.3306,11.3316,11.3404,11.9248,11.9293,11.9279,11.2775,11.2781,11.2775,10.8136,10.8137,10.8138,10.7237,10.7236,10.7241
model.language_model.layers.10.mlp.down_proj.weight,linear,mlp,10,2560x10240,26214400,31,2.6194,10.6582,12.8134,12.8134,12.8407,13.0412,13.0407,13.0687,12.8161,12.816,12.8427,12.5402,12.5396,12.5817,11.6479,11.648,11.6713,11.4048,11.4048,11.4109,11.0418,11.0418,11.0427,10.8674,10.8674,10.8717,12.123,12.1229,12.1385,12.4624,12.4636,12.5127,12.1268,12.1267,12.1422,11.8034,11.803,11.8421,11.7573,11.7585,11.7962,11.3105,11.3108,11.317,10.9386,10.9386,10.9396,10.7866,10.7866,10.7907,11.6828,11.6829,11.6949,12.3734,12.3754,12.4377,11.6885,11.6885,11.6995,11.3663,11.3662,11.4059,11.9315,11.9327,11.9709,11.2698,11.27,11.276,10.8871,10.887,10.8878,10.7464,10.7465,10.7494
model.language_model.layers.10.mlp.gate_proj.weight,linear,mlp,10,10240x2560,26214400,31,2.6265,10.6633,12.8091,12.8093,12.8617,13.0292,13.0285,13.0793,12.8133,12.8134,12.8654,12.5245,12.5239,12.599,11.6731,11.6728,11.6767,11.4288,11.4286,11.4299,11.0376,11.0375,11.0401,10.8767,10.8767,10.8825,12.1275,12.1274,12.1596,12.4812,12.48,12.5686,12.1312,12.1312,12.1645,11.8012,11.8009,11.8715,11.7986,11.7983,11.8057,11.3481,11.348,11.3482,10.9341,10.9341,10.9354,10.7935,10.7935,10.7974,11.6925,11.6926,11.7213,12.4144,12.4155,12.4868,11.698,11.6981,11.7274,11.3654,11.3655,11.4282,11.9645,11.965,11.9733,11.3152,11.3153,11.3156,10.8829,10.8829,10.8834,10.7542,10.7542,10.7568
model.language_model.layers.10.mlp.up_proj.weight,linear,mlp,10,10240x2560,26214400,30,2.6142,10.6481,12.8142,12.814,12.8411,13.0353,13.0355,13.0628,12.8188,12.8185,12.8453,12.5304,12.5304,12.572,11.6653,11.6655,11.668,11.4218,11.422,11.4231,11.0214,11.0215,11.0231,10.8705,10.8706,10.8744,12.1339,12.1338,12.1502,12.5025,12.5027,12.548,12.1377,12.1376,12.1547,11.8105,11.8104,11.8487,11.7911,11.7921,11.7968,11.3414,11.3417,11.3421,10.9176,10.9176,10.9184,10.7874,10.7874,10.7903,11.7009,11.7011,11.7147,12.4378,12.4381,12.4739,11.7064,11.7066,11.7207,11.374,11.374,11.4074,11.9616,11.9618,11.968,11.3089,11.309,11.3096,10.866,10.8661,10.8664,10.7483,10.7483,10.7503
model.language_model.layers.10.per_layer_input_gate.weight,linear,ple_proj,10,256x2560,655360,24,2.7139,10.7519,12.9637,12.9615,12.9718,13.1899,13.1909,13.2014,12.966,12.9639,12.9739,12.7786,12.778,12.795,11.7285,11.7282,11.7348,11.4588,11.4589,11.4608,11.1946,11.1945,11.1949,10.9675,10.9674,10.9692,12.2003,12.2,12.207,12.6719,12.676,12.6975,12.2066,12.2065,12.213,12.0226,12.0221,12.039,11.8596,11.8571,11.8668,11.3694,11.3689,11.3716,11.0909,11.0908,11.0913,10.8799,10.8798,10.8811,11.7479,11.7486,11.7521,12.5389,12.5434,12.5493,11.7525,11.7534,11.7563,11.571,11.5711,11.5866,12.0079,12.0099,12.0122,11.3316,11.3324,11.3326,11.039,11.0391,11.0395,10.835,10.8353,10.8357
model.language_model.layers.10.per_layer_projection.weight,linear,ple_proj,10,2560x256,655360,28,3.2225,11.2725,12.952,12.9486,13.6509,13.2286,13.2181,14.3514,12.9545,12.951,13.657,12.7581,12.757,14.1366,12.0083,12.0056,12.203,11.7941,11.791,12.0003,12.307,12.307,12.321,11.3715,11.3721,11.501,12.2165,12.2181,12.8028,12.7198,12.731,13.4779,12.2213,12.223,12.8042,12.0096,12.0108,13.2922,12.0604,12.0594,12.1802,11.7232,11.7211,11.9476,12.2065,12.2068,12.2152,11.2856,11.2858,11.4143,11.7742,11.776,12.3663,12.563,12.5654,12.8382,11.7783,11.7796,12.3663,11.5612,11.5623,12.7821,12.1464,12.1472,12.181,11.6944,11.6947,11.9212,12.1573,12.1574,12.1628,11.2453,11.2456,11.3702
model.language_model.layers.10.self_attn.k_proj.weight,linear,attn,10,512x2560,1310720,25,2.6057,10.6379,12.7773,12.7759,12.8263,13.0017,12.9991,13.0468,12.7808,12.7802,12.8306,12.4817,12.4814,12.5561,11.6469,11.6486,11.6496,11.4114,11.411,11.4119,11.0137,11.0135,11.0164,10.869,10.8687,10.8736,12.1072,12.1074,12.1417,12.4267,12.4241,12.5206,12.1106,12.1111,12.1463,11.7582,11.7574,11.8334,11.7677,11.7712,11.772,11.3299,11.3305,11.3299,10.91,10.91,10.9116,10.7852,10.786,10.789,11.6746,11.6738,11.7076,12.3597,12.3639,12.4471,11.6807,11.6796,11.7141,11.325,11.3246,11.3924,11.9438,11.9431,11.9462,11.2972,11.2971,11.297,10.8594,10.8593,10.8598,10.7475,10.7477,10.7497
model.language_model.layers.10.self_attn.o_proj.weight,linear,attn,10,2560x2048,5242880,27,2.6112,10.6433,12.7314,12.7764,12.8249,12.9661,13.0177,13.064,12.7371,12.7818,12.829,12.4238,12.4965,12.5648,11.6427,11.6467,11.6698,11.4081,11.4093,11.4175,11.0253,11.0268,11.0285,10.8719,10.8754,10.8835,12.0873,12.1162,12.1466,12.3922,12.4677,12.554,12.0903,12.1201,12.151,11.7112,11.7778,11.8431,11.7604,11.7676,11.7996,11.3293,11.3297,11.3359,10.9221,10.9227,10.9238,10.7895,10.7923,10.7992,11.6643,11.6905,11.7144,12.3333,12.3961,12.4727,11.67,11.6967,11.7204,11.2824,11.342,11.4022,11.936,11.9409,11.9725,11.2962,11.2965,11.3017,10.8709,10.8712,10.8721,10.7524,10.7544,10.76
model.language_model.layers.10.self_attn.q_proj.weight,linear,attn,10,2048x2560,5242880,26,2.6035,10.6343,12.7631,12.7627,12.8258,12.9948,12.9943,13.0449,12.768,12.7674,12.8303,12.4687,12.4686,12.551,11.65,11.6498,11.6527,11.4126,11.412,11.4139,11.01,11.0101,11.0124,10.8643,10.8643,10.8699,12.1049,12.1047,12.1399,12.433,12.4324,12.518,12.1083,12.1082,12.1445,11.7516,11.7513,11.83,11.7715,11.7725,11.7777,11.3328,11.3327,11.3327,10.9065,10.9065,10.9078,10.7813,10.7813,10.7859,11.6777,11.6773,11.7066,12.3775,12.3713,12.4495,11.6835,11.6834,11.7128,11.3187,11.3186,11.3903,11.9448,11.9454,11.9528,11.3006,11.3004,11.3005,10.8555,10.8555,10.8558,10.7433,10.7432,10.7465
model.language_model.layers.10.self_attn.v_proj.weight,linear,attn,10,512x2560,1310720,25,2.623,10.6574,12.8507,12.8523,12.8522,13.0747,13.0757,13.0745,12.8547,12.8559,12.8563,12.5869,12.5891,12.5902,11.6763,11.6791,11.6801,11.431,11.4308,11.4315,11.0365,11.0365,11.0366,10.8813,10.8822,10.8824,12.1567,12.1569,12.1569,12.5663,12.5675,12.5706,12.1612,12.1613,12.1616,11.8639,11.8642,11.8661,11.8047,11.8076,11.8097,11.3501,11.3502,11.3502,10.9318,10.9318,10.9319,10.797,10.7975,10.7979,11.7206,11.7206,11.7214,12.4881,12.4811,12.493,11.7262,11.7261,11.7267,11.4226,11.4219,11.4242,11.9728,11.9744,11.9783,11.3176,11.3174,11.3179,10.8798,10.8798,10.8799,10.7568,10.757,10.7573
model.language_model.layers.11.mlp.down_proj.weight,linear,mlp,11,2560x10240,26214400,31,2.6233,10.6561,12.8268,12.8273,12.8565,13.0357,13.0356,13.0574,12.8295,12.8299,12.8584,12.5416,12.5417,12.5879,11.6436,11.6436,11.6562,11.4017,11.4019,11.4052,11.0423,11.0423,11.0427,10.8649,10.8649,10.8698,12.1251,12.1251,12.1364,12.4529,12.4525,12.4841,12.1285,12.1285,12.1399,11.8062,11.8061,11.8479,11.7583,11.758,11.779,11.3063,11.3064,11.3088,10.9393,10.9393,10.9397,10.7844,10.7844,10.7886,11.6804,11.6802,11.6871,12.3712,12.3716,12.4138,11.6854,11.6852,11.6918,11.3719,11.372,11.4133,11.935,11.9348,11.9571,11.2648,11.2648,11.2674,10.8876,10.8875,10.8879,10.7445,10.7445,10.7472
model.language_model.layers.11.mlp.gate_proj.weight,linear,mlp,11,10240x2560,26214400,29,2.6232,10.661,12.7979,12.7978,12.86,13.012,13.0123,13.0704,12.802,12.8019,12.8639,12.503,12.503,12.5909,11.6744,11.6746,11.6779,11.4316,11.4318,11.4328,11.0313,11.0313,11.034,10.8688,10.8689,10.8753,12.118,12.118,12.1567,12.45,12.4501,12.5568,12.1214,12.1214,12.1612,11.7801,11.7804,11.8654,11.7995,11.8004,11.8072,11.3523,11.3523,11.3522,10.9279,10.9279,10.9293,10.786,10.786,10.7907,11.682,11.6821,11.7183,12.3873,12.3887,12.4836,11.6873,11.6874,11.724,11.3473,11.3475,11.4237,11.9647,11.9647,11.973,11.3201,11.3202,11.3204,10.8768,10.8768,10.8772,10.7467,10.7467,10.7495
model.language_model.layers.11.mlp.up_proj.weight,linear,mlp,11,10240x2560,26214400,30,2.6005,10.6347,12.7947,12.7958,12.8258,13.0068,13.0078,13.039,12.7994,12.8005,12.8304,12.4951,12.4961,12.5411,11.6613,11.6624,11.6632,11.4209,11.4211,11.4215,10.9979,10.998,10.9996,10.8533,10.8534,10.8572,12.1196,12.1198,12.1399,12.4567,12.4572,12.5138,12.1229,12.1231,12.1438,11.7786,11.779,11.822,11.788,11.7888,11.7907,11.3414,11.3415,11.3414,10.8943,10.8943,10.8951,10.7714,10.7714,10.7741,11.6862,11.6865,11.7055,12.4049,12.4051,12.4555,11.6914,11.6916,11.7111,11.3465,11.3468,11.3845,11.959,11.959,11.9616,11.3097,11.3097,11.3097,10.8426,10.8426,10.8429,10.7326,10.7326,10.7342
model.language_model.layers.11.per_layer_input_gate.weight,linear,ple_proj,11,256x2560,655360,25,2.7099,10.7486,12.964,12.9646,12.9694,13.1982,13.1954,13.2083,12.9655,12.9668,12.9712,12.7789,12.7808,12.7897,11.7507,11.7547,11.7532,11.4697,11.4682,11.4695,11.183,11.183,11.1832,10.9629,10.9635,10.9639,12.203,12.2047,12.2077,12.6905,12.6894,12.7026,12.2083,12.2103,12.2127,12.0237,12.0247,12.0321,11.8798,11.88,11.8833,11.3784,11.3772,11.3787,11.0792,11.0792,11.0793,10.8756,10.876,10.8766,11.753,11.7541,11.7544,12.5581,12.5543,12.5602,11.757,11.7584,11.7582,11.573,11.5757,11.58,12.0191,12.0161,12.0226,11.3376,11.3369,11.3379,11.0273,11.0271,11.0272,10.8308,10.8308,10.8311
model.language_model.layers.11.per_layer_projection.weight,linear,ple_proj,11,2560x256,655360,24,3.3279,11.3574,13.0022,12.9977,13.8466,13.3459,13.3588,14.5882,13.0053,13.0008,13.853,12.8502,12.8616,14.4905,11.9959,11.9947,12.2502,11.8443,11.8426,12.1282,12.6358,12.6357,12.6575,11.4971,11.4972,11.6426,12.2665,12.2857,13.0399,12.7725,12.7947,13.5375,12.2703,12.2891,13.0404,12.0741,12.1063,13.622,12.0417,12.0382,12.2064,11.7955,11.7938,12.0728,12.5393,12.5391,12.5527,11.4188,11.4185,11.5647,11.8508,11.8562,12.618,12.5413,12.5402,12.8544,11.855,11.8602,12.618,11.6327,11.64,13.1081,12.1481,12.1487,12.2208,11.7908,11.7905,12.0429,12.4932,12.4933,12.5003,11.3829,11.3832,11.5311
model.language_model.layers.11.self_attn.k_proj.weight,linear,attn,11,1024x2560,2621440,25,2.7024,10.7354,12.859,12.8583,12.9716,13.0874,13.0847,13.1875,12.8626,12.8623,12.9738,12.6025,12.601,12.764,11.7491,11.7486,11.7561,11.4934,11.4924,11.4948,11.1803,11.1803,11.1814,10.9319,10.932,10.9409,12.1603,12.1603,12.2121,12.5796,12.5785,12.7098,12.1649,12.165,12.2174,11.8757,11.875,12.0218,11.8735,11.8756,11.8877,11.4175,11.4174,11.4164,11.0762,11.0761,11.0767,10.8446,10.8448,10.8507,11.7237,11.7234,11.7672,12.4913,12.4915,12.5785,11.7289,11.7287,11.7712,11.4322,11.4324,11.5715,12.0108,12.0103,12.0214,11.3846,11.3842,11.3847,11.0245,11.0244,11.0245,10.8015,10.8017,10.8042
model.language_model.layers.11.self_attn.o_proj.weight,linear,attn,11,2560x4096,10485760,27,2.6112,10.6499,12.7454,12.8222,12.8475,12.9624,13.0198,13.0411,12.7502,12.8258,12.8503,12.4257,12.5224,12.5563,11.6522,11.6773,11.7032,11.4082,11.4183,11.4257,11.0169,11.0188,11.0197,10.8445,10.8494,10.8538,12.0866,12.1234,12.1375,12.3632,12.4439,12.4896,12.0894,12.1264,12.1403,11.7066,11.7952,11.828,11.759,11.7958,11.8359,11.3123,11.3208,11.3278,10.9138,10.9154,10.9162,10.7632,10.7677,10.7718,11.6548,11.6808,11.6918,12.2979,12.3785,12.4351,11.6603,11.6852,11.6955,11.2792,11.3644,11.3968,11.9258,11.9593,11.9949,11.2691,11.2761,11.2822,10.8623,10.8636,10.864,10.7235,10.727,10.7301
model.language_model.layers.11.self_attn.q_proj.weight,linear,attn,11,4096x2560,10485760,27,2.6221,10.6611,12.7957,12.7961,12.8606,13.0203,13.021,13.064,12.8003,12.8006,12.8642,12.511,12.5117,12.5859,11.6793,11.6805,11.6848,11.4365,11.4362,11.4391,11.0338,11.0339,11.0349,10.8673,10.8674,10.8726,12.1231,12.1232,12.1537,12.4752,12.4763,12.5446,12.127,12.127,12.1578,11.7917,11.7912,11.8623,11.8049,11.8073,11.8147,11.3587,11.3589,11.3586,10.9297,10.9297,10.9303,10.7837,10.7837,10.7883,11.6914,11.6917,11.7144,12.4142,12.4166,12.4808,11.6974,11.6976,11.7195,11.356,11.3559,11.4235,11.9678,11.97,11.9785,11.3269,11.3271,11.3273,10.8779,10.8779,10.8781,10.7435,10.7435,10.7466
model.language_model.layers.11.self_attn.v_proj.weight,linear,attn,11,1024x2560,2621440,27,2.6369,10.6822,12.8785,12.8795,12.885,13.084,13.0837,13.0861,12.882,12.8829,12.8881,12.6143,12.615,12.6199,11.6911,11.6928,11.6932,11.4461,11.4458,11.4471,11.0587,11.0586,11.0588,10.8826,10.883,10.8835,12.1627,12.1635,12.1651,12.5682,12.5714,12.573,12.167,12.1676,12.1697,11.8852,11.8863,11.8905,11.8198,11.821,11.8224,11.3656,11.3659,11.3661,10.9541,10.9541,10.9541,10.7971,10.7975,10.798,11.7217,11.7224,11.7226,12.4886,12.4912,12.4943,11.7271,11.7277,11.7278,11.4438,11.4447,11.4482,11.9811,11.9816,11.9834,11.3346,11.3351,11.3353,10.9019,10.9019,10.9019,10.7545,10.7546,10.7551
model.language_model.layers.12.mlp.down_proj.weight,linear,mlp,12,2560x10240,26214400,31,2.6126,10.6455,12.8044,12.8044,12.8458,13.0048,13.0044,13.0379,12.8074,12.8074,12.848,12.5003,12.5001,12.5642,11.6261,11.626,11.6374,11.3917,11.3915,11.3952,11.022,11.0219,11.0223,10.8515,10.8514,10.8572,12.1111,12.1111,12.1277,12.4112,12.4101,12.452,12.1141,12.1141,12.1311,11.7699,11.7697,11.8265,11.7402,11.7401,11.7564,11.2956,11.2954,11.2979,10.9191,10.919,10.9194,10.7723,10.7722,10.7767,11.6669,11.667,11.6777,12.3424,12.3412,12.3833,11.6719,11.6719,11.6825,11.3398,11.3397,11.3935,11.9245,11.923,11.9421,11.2541,11.2539,11.2567,10.8675,10.8675,10.8677,10.7334,10.7333,10.7362
model.language_model.layers.12.mlp.gate_proj.weight,linear,mlp,12,10240x2560,26214400,30,2.6224,10.6567,12.7838,12.7835,12.8536,13.009,13.0083,13.0717,12.7878,12.7878,12.8576,12.4932,12.4925,12.595,11.6516,11.6514,11.6553,11.4158,11.4155,11.4166,11.0414,11.0414,11.045,10.8831,10.8829,10.8902,12.1117,12.1115,12.1527,12.4401,12.4391,12.5462,12.1152,12.1151,12.1581,11.769,11.7685,11.8655,11.7722,11.7722,11.7803,11.3345,11.3345,11.334,10.9383,10.9383,10.9403,10.7996,10.7994,10.8048,11.6781,11.678,11.7142,12.3738,12.3724,12.4607,11.6839,11.6838,11.7213,11.3351,11.3349,11.4212,11.9429,11.9434,11.9543,11.3013,11.3014,11.3014,10.8881,10.8881,10.8886,10.7615,10.7614,10.7648
model.language_model.layers.12.mlp.up_proj.weight,linear,mlp,12,10240x2560,26214400,28,2.594,10.6251,12.7791,12.7793,12.8051,13.0096,13.01,13.0367,12.7839,12.7842,12.8096,12.4914,12.4921,12.533,11.638,11.6378,11.6397,11.4023,11.4023,11.4031,11.0029,11.0029,11.0046,10.866,10.8659,10.8691,12.1147,12.1148,12.1315,12.459,12.4586,12.5042,12.1185,12.1185,12.1361,11.7731,11.773,11.812,11.7596,11.7593,11.7622,11.3216,11.3216,11.3213,10.899,10.899,10.8999,10.7828,10.7829,10.7852,11.6861,11.6861,11.701,12.3973,12.3989,12.4341,11.6923,11.6922,11.7079,11.3382,11.3383,11.3719,11.9354,11.9368,11.9409,11.2888,11.2889,11.2889,10.8478,10.8478,10.8481,10.7449,10.745,10.7466
model.language_model.layers.12.per_layer_input_gate.weight,linear,ple_proj,12,256x2560,655360,23,2.7276,10.7644,12.9919,12.9908,12.9953,13.2457,13.2463,13.2498,12.9936,12.9925,12.9972,12.8282,12.8271,12.8334,11.8249,11.823,11.821,11.5174,11.5155,11.5167,11.2126,11.2125,11.2127,10.9785,10.9783,10.9798,12.2291,12.2287,12.2316,12.7597,12.7645,12.779,12.2352,12.2345,12.237,12.065,12.0667,12.0748,11.953,11.9477,11.9472,11.4297,11.4292,11.4296,11.1082,11.1082,11.1082,10.8905,10.8904,10.8908,11.7837,11.7837,11.7882,12.6003,12.5989,12.6124,11.7869,11.787,11.7907,11.6086,11.6089,11.6174,12.0448,12.0495,12.0485,11.3862,11.387,11.3875,11.0558,11.0558,11.0559,10.8436,10.8438,10.844
model.language_model.layers.12.per_layer_projection.weight,linear,ple_proj,12,2560x256,655360,24,2.9012,10.9436,12.8471,12.8556,13.2224,13.0484,13.056,13.5708,12.851,12.8587,13.2262,12.5854,12.5959,13.2544,11.7635,11.7707,11.9021,11.5457,11.5528,11.6138,11.547,11.5469,11.5538,11.0752,11.0774,11.1546,12.1335,12.1392,12.3697,12.4784,12.5003,13.0658,12.1385,12.1435,12.3789,11.8539,11.8639,12.4527,11.8563,11.8567,12.0192,11.4736,11.4712,11.5431,11.4451,11.4455,11.4497,10.9929,10.9937,11.0605,11.6917,11.6942,11.9207,12.4037,12.4107,12.7025,11.6989,11.701,11.9226,11.4153,11.425,11.975,11.9968,11.9907,12.0911,11.436,11.4348,11.5042,11.3944,11.3945,11.3975,10.9515,10.952,11.013
model.language_model.layers.12.self_attn.k_proj.weight,linear,attn,12,512x2560,1310720,24,2.6308,10.6698,12.8122,12.8126,12.872,13.0367,13.0365,13.0792,12.8157,12.8159,12.8757,12.5333,12.5347,12.6086,11.6756,11.6766,11.6781,11.434,11.4348,11.4346,11.0445,11.0446,11.0467,10.8777,10.8781,10.8823,12.1281,12.1301,12.1622,12.4866,12.4944,12.5674,12.1319,12.134,12.167,11.8064,11.808,11.8808,11.7983,11.8026,11.8056,11.3533,11.3544,11.3528,10.9407,10.9409,10.942,10.7936,10.7938,10.7966,11.692,11.6934,11.7221,12.4109,12.4205,12.4927,11.698,11.699,11.7279,11.3701,11.3709,11.4366,11.9607,11.9673,11.9754,11.3208,11.3219,11.3224,10.8896,10.8898,10.89,10.7533,10.7537,10.7555
model.language_model.layers.12.self_attn.o_proj.weight,linear,attn,12,2560x2048,5242880,30,2.6281,10.661,12.7355,12.8159,12.8618,12.9716,13.0406,13.0786,12.7409,12.8205,12.8655,12.4311,12.5426,12.6018,11.6576,11.6663,11.6802,11.4231,11.4264,11.4317,11.0439,11.0466,11.048,10.8733,10.8801,10.8886,12.0878,12.1328,12.1588,12.3868,12.5008,12.5665,12.0909,12.1372,12.1634,11.714,11.8197,11.8757,11.7763,11.7887,11.8102,11.3458,11.3473,11.3503,10.9408,10.9423,10.9432,10.791,10.796,10.8034,11.6628,11.7004,11.7215,12.3218,12.4278,12.4886,11.6692,11.7066,11.7273,11.2834,11.3813,11.434,11.9425,11.957,11.9806,11.3136,11.3152,11.3179,10.8902,10.8906,10.8912,10.7529,10.7564,10.7624
model.language_model.layers.12.self_attn.q_proj.weight,linear,attn,12,2048x2560,5242880,27,2.5957,10.6278,12.7765,12.777,12.8177,13.0003,13.0007,13.0327,12.7813,12.7818,12.8224,12.4807,12.4818,12.5335,11.6526,11.6519,11.6538,11.4142,11.4146,11.4149,10.9933,10.9934,10.995,10.8527,10.8529,10.8562,12.1103,12.1101,12.1354,12.4388,12.4393,12.5054,12.1138,12.1135,12.1393,11.7622,11.7627,11.8147,11.7762,11.7763,11.7815,11.3353,11.3354,11.3351,10.8894,10.8894,10.8903,10.7704,10.7705,10.773,11.6793,11.6795,11.702,12.3808,12.3816,12.4486,11.6851,11.6852,11.7079,11.3293,11.3299,11.3765,11.9501,11.9498,11.9565,11.3037,11.3037,11.3035,10.838,10.838,10.8381,10.7318,10.7319,10.7333
model.language_model.layers.12.self_attn.v_proj.weight,linear,attn,12,512x2560,1310720,24,2.6254,10.6609,12.8506,12.853,12.8627,13.053,13.0553,13.0695,12.8547,12.8566,12.8664,12.5774,12.5793,12.5964,11.6717,11.6719,11.6715,11.4286,11.43,11.4293,11.0409,11.0408,11.0417,10.8793,10.8795,10.8811,12.1446,12.1459,12.1556,12.5163,12.5214,12.55,12.1492,12.1504,12.1604,11.8497,11.8513,11.8704,11.7994,11.7991,11.8005,11.3486,11.3488,11.3491,10.9365,10.9366,10.9371,10.7953,10.7954,10.7968,11.7041,11.7049,11.7167,12.4459,12.4533,12.473,11.7097,11.7103,11.7228,11.4111,11.4123,11.4273,11.9688,11.9713,11.9711,11.3173,11.3182,11.3177,10.8847,10.8849,10.8849,10.7545,10.7547,10.7554
model.language_model.layers.13.mlp.down_proj.weight,linear,mlp,13,2560x10240,26214400,30,2.5939,10.6309,12.7943,12.7947,12.8237,12.9926,12.9925,13.0145,12.7977,12.7981,12.8264,12.4821,12.4823,12.5228,11.6206,11.6207,11.6325,11.3872,11.3872,11.3909,10.9881,10.9881,10.9886,10.8322,10.8322,10.8361,12.1056,12.1055,12.1181,12.3934,12.3939,12.4241,12.1083,12.1083,12.121,11.7539,11.754,11.7902,11.7337,11.7344,11.7504,11.2901,11.2901,11.293,10.8852,10.8852,10.8855,10.7532,10.7532,10.7561,11.6622,11.6622,11.6704,12.3283,12.3298,12.3626,11.6671,11.667,11.675,11.3256,11.3258,11.3604,11.9188,11.9197,11.9351,11.2477,11.2477,11.2507,10.8336,10.8336,10.8339,10.7147,10.7147,10.7166
model.language_model.layers.13.mlp.gate_proj.weight,linear,mlp,13,10240x2560,26214400,29,2.6021,10.6328,12.7624,12.7627,12.8237,12.9921,12.9921,13.0432,12.7672,12.7675,12.8282,12.4654,12.4657,12.5493,11.6453,11.6459,11.6503,11.4106,11.4106,11.4121,11.0082,11.0083,11.0109,10.863,10.8631,10.8693,12.1017,12.1021,12.1392,12.419,12.4209,12.5159,12.1051,12.1055,12.1437,11.7456,11.7461,11.828,11.7661,11.7667,11.7754,11.3311,11.3313,11.3311,10.9046,10.9047,10.9062,10.7803,10.7805,10.7853,11.6727,11.6727,11.7056,12.3563,12.3564,12.4473,11.6785,11.6786,11.712,11.3137,11.3139,11.3877,11.9392,11.9377,11.9509,11.2989,11.2987,11.2992,10.8538,10.8538,10.8542,10.7425,10.7425,10.7458
model.language_model.layers.13.mlp.up_proj.weight,linear,mlp,13,10240x2560,26214400,28,2.58,10.6088,12.7613,12.7611,12.7864,12.9904,12.99,13.0146,12.7668,12.7665,12.7918,12.463,12.4631,12.4995,11.6372,11.6379,11.6395,11.4014,11.4016,11.4026,10.9788,10.9788,10.9801,10.8494,10.8495,10.8527,12.1051,12.1051,12.122,12.4359,12.4347,12.4806,12.1084,12.1085,12.1259,11.7497,11.7497,11.7854,11.7596,11.7607,11.7639,11.3225,11.3227,11.3229,10.8747,10.8747,10.8754,10.7675,10.7676,10.77,11.6798,11.6798,11.6948,12.3827,12.3833,12.4252,11.6855,11.6855,11.7009,11.3182,11.3184,11.3498,11.9374,11.938,11.9435,11.2906,11.2906,11.291,10.8231,10.8231,10.8233,10.7297,10.7299,10.7316
model.language_model.layers.13.per_layer_input_gate.weight,linear,ple_proj,13,256x2560,655360,24,2.7199,10.7614,12.9817,12.9818,12.9829,13.2502,13.2483,13.2417,12.9834,12.9838,12.9849,12.8144,12.8128,12.8143,11.8164,11.818,11.8208,11.5081,11.509,11.5075,11.1958,11.1959,11.1958,10.9739,10.974,10.9744,12.2314,12.2313,12.2299,12.7741,12.7789,12.7741,12.2371,12.2364,12.2356,12.055,12.0546,12.0567,11.9459,11.9503,11.9521,11.4195,11.4214,11.4204,11.0914,11.0914,11.0914,10.8854,10.8856,10.8854,11.7855,11.786,11.7849,12.6081,12.6059,12.6021,11.7885,11.7889,11.7884,11.5964,11.5963,11.6006,12.0558,12.0521,12.0558,11.3764,11.3759,11.3759,11.0392,11.039,11.0391,10.8397,10.8392,10.8396
model.language_model.layers.13.per_layer_projection.weight,linear,ple_proj,13,2560x256,655360,25,2.9887,11.0407,12.8,12.8049,13.3151,13.0349,13.0266,13.7129,12.8047,12.8087,13.3216,12.5301,12.5273,13.4766,11.8037,11.8035,11.9493,11.5965,11.6084,11.6694,11.7676,11.7675,11.7796,11.1467,11.1474,11.2483,12.1234,12.1189,12.4318,12.4482,12.4531,13.1471,12.1276,12.1236,12.4422,11.796,11.7933,12.6657,11.8692,11.8717,12.0538,11.5281,11.5353,11.6092,11.6697,11.6698,11.6755,11.0687,11.0685,11.1558,11.6822,11.6822,11.9846,12.3742,12.3637,12.7252,11.6888,11.6889,11.9863,11.3578,11.3551,12.1919,11.9872,11.9894,12.1069,11.5011,11.5015,11.5721,11.6202,11.6205,11.6236,11.0271,11.0274,11.1086
model.language_model.layers.13.self_attn.k_proj.weight,linear,attn,13,512x2560,1310720,24,2.6712,10.7111,12.8409,12.8389,12.9337,13.0786,13.0721,13.1447,12.8441,12.842,12.936,12.5842,12.5821,12.7004,11.7122,11.7112,11.7171,11.465,11.4635,11.4659,11.1149,11.1151,11.1175,10.9047,10.9045,10.9123,12.1458,12.1458,12.1921,12.5438,12.5416,12.6535,12.15,12.1503,12.1974,11.8501,11.8499,11.9592,11.8359,11.837,11.8501,11.3861,11.3855,11.3861,11.0114,11.0114,11.0127,10.8184,10.8185,10.8239,11.7086,11.7086,11.7473,12.4587,12.4607,12.5395,11.7141,11.7141,11.7526,11.4097,11.4094,11.5089,11.983,11.9861,11.9998,11.3537,11.3539,11.3547,10.9603,10.9603,10.9605,10.7762,10.7764,10.7793
model.language_model.layers.13.self_attn.o_proj.weight,linear,attn,13,2560x2048,5242880,27,2.6092,10.6421,12.7366,12.777,12.8269,12.9645,13.0022,13.0615,12.7421,12.7823,12.8312,12.4244,12.4833,12.5599,11.6518,11.6548,11.6741,11.4148,11.4167,11.4236,11.0143,11.0166,11.0185,10.8597,10.8643,10.875,12.0883,12.1134,12.1474,12.3855,12.4536,12.5526,12.0912,12.1169,12.1516,11.7114,11.7682,11.8393,11.7717,11.7761,11.8033,11.3364,11.3384,11.3425,10.9111,10.9123,10.9137,10.7785,10.7817,10.791,11.6633,11.6855,11.7158,12.3291,12.3987,12.4803,11.6689,11.6914,11.7216,11.2842,11.3348,11.3995,11.9428,11.9483,11.9725,11.3042,11.3062,11.3093,10.8602,10.8603,10.8617,10.7413,10.7432,10.7517
model.language_model.layers.13.self_attn.q_proj.weight,linear,attn,13,2048x2560,5242880,26,2.6117,10.6519,12.7955,12.7962,12.8474,13.0155,13.0159,13.0494,12.8,12.8007,12.8513,12.503,12.5049,12.5644,11.6739,11.6758,11.6791,11.4334,11.4335,11.4354,11.0162,11.0163,11.0175,10.8571,10.8573,10.862,12.1202,12.1213,12.1477,12.4639,12.468,12.5263,12.1237,12.1247,12.1516,11.7828,11.7844,11.8428,11.7984,11.8023,11.809,11.3551,11.3557,11.3557,10.9122,10.9123,10.913,10.7742,10.7742,10.7783,11.687,11.6877,11.7085,12.4043,12.4123,12.4678,11.6926,11.693,11.7134,11.3499,11.3505,11.4051,11.9622,11.9656,11.9745,11.3235,11.3245,11.3245,10.8605,10.8606,10.8608,10.7339,10.7341,10.737
model.language_model.layers.13.self_attn.v_proj.weight,linear,attn,13,512x2560,1310720,24,2.6272,10.6637,12.8649,12.8647,12.8691,13.067,13.0684,13.0666,12.8687,12.8682,12.8726,12.5945,12.5957,12.5977,11.6853,11.6881,11.6853,11.4422,11.4419,11.4408,11.0469,11.0472,11.0469,10.8804,10.8807,10.8811,12.1534,12.1554,12.1561,12.542,12.5469,12.5449,12.1575,12.1593,12.1605,11.8685,11.8707,11.8741,11.8088,11.8155,11.8124,11.3613,11.3614,11.3606,10.9422,10.9425,10.9424,10.7953,10.7958,10.796,11.714,11.7156,11.7158,12.4683,12.4799,12.4745,11.7196,11.7209,11.7214,11.4298,11.4314,11.4348,11.969,11.975,11.971,11.3291,11.3295,11.329,10.8901,10.8901,10.8901,10.7532,10.7534,10.7537
model.language_model.layers.14.mlp.down_proj.weight,linear,mlp,14,2560x10240,26214400,30,2.5888,10.6278,12.7807,12.7809,12.8065,12.9943,12.9943,13.0171,12.7838,12.784,12.8089,12.4789,12.4789,12.5178,11.5969,11.5972,11.6095,11.3755,11.3753,11.3797,10.9861,10.9861,10.9866,10.8346,10.8345,10.8373,12.0998,12.1,12.1112,12.3867,12.3874,12.4169,12.103,12.1033,12.1147,11.7467,11.7468,11.7802,11.7038,11.7038,11.722,11.28,11.2799,11.2837,10.8834,10.8834,10.8837,10.7558,10.7558,10.7583,11.6594,11.6595,11.6667,12.3087,12.3083,12.3434,11.6653,11.6654,11.6723,11.3151,11.3151,11.3476,11.8956,11.8952,11.9135,11.2397,11.2397,11.2433,10.832,10.832,10.8323,10.7177,10.7176,10.7195
model.language_model.layers.14.mlp.gate_proj.weight,linear,mlp,14,10240x2560,26214400,29,2.5962,10.6298,12.7773,12.7769,12.8195,12.9959,12.9946,13.0299,12.782,12.7818,12.8241,12.4754,12.475,12.5303,11.6601,11.6598,11.6627,11.4204,11.4198,11.4211,10.9928,10.9927,10.9945,10.8492,10.8492,10.8536,12.1095,12.1096,12.1358,12.4353,12.4341,12.5024,12.1127,12.1128,12.1395,11.7588,11.7588,11.8136,11.7853,11.7847,11.7901,11.3419,11.3417,11.3418,10.889,10.889,10.89,10.7671,10.7672,10.7708,11.6789,11.6787,11.7017,12.3818,12.3805,12.4489,11.684,11.684,11.7071,11.3286,11.3284,11.3781,11.955,11.9551,11.9613,11.3101,11.3102,11.3102,10.8375,10.8375,10.8377,10.7284,10.7285,10.731
model.language_model.layers.14.mlp.up_proj.weight,linear,mlp,14,10240x2560,26214400,31,2.5805,10.6128,12.7783,12.7784,12.7946,12.9941,12.9942,13.0072,12.7838,12.7839,12.7997,12.4738,12.474,12.4943,11.6564,11.6564,11.6581,11.4151,11.4151,11.4163,10.971,10.9711,10.9717,10.8387,10.8387,10.8409,12.1131,12.1132,12.1232,12.4455,12.4467,12.4723,12.116,12.1162,12.1264,11.762,11.7623,11.7826,11.784,11.7831,11.7857,11.3375,11.3375,11.3377,10.867,10.867,10.8673,10.7574,10.7574,10.7591,11.6841,11.6841,11.6928,12.4021,12.4037,12.4299,11.6889,11.689,11.6977,11.3326,11.3328,11.3513,11.9558,11.9564,11.9591,11.306,11.3061,11.3063,10.8148,10.8148,10.815,10.7187,10.7188,10.7201
model.language_model.layers.14.per_layer_input_gate.weight,linear,ple_proj,14,256x2560,655360,23,2.7143,10.763,12.9682,12.9668,12.9811,13.2336,13.2303,13.2425,12.9706,12.9689,12.9833,12.7845,12.7798,12.7994,11.7896,11.7879,11.7891,11.4981,11.4977,11.4987,11.1768,11.1767,11.177,10.958,10.9575,10.9587,12.2292,12.2289,12.2332,12.7787,12.7726,12.7786,12.2342,12.234,12.2385,12.0318,12.0308,12.0462,11.9272,11.9185,11.9219,11.416,11.415,11.4147,11.0725,11.0723,11.0724,10.8695,10.8688,10.8701,11.7852,11.7855,11.7889,12.6065,12.5962,12.6054,11.7883,11.7888,11.7925,11.5726,11.5728,11.5888,12.0509,12.0483,12.0503,11.3756,11.375,11.3753,11.0202,11.0202,11.0202,10.8248,10.8247,10.8251
model.language_model.layers.14.per_layer_projection.weight,linear,ple_proj,14,2560x256,655360,23,2.7951,10.8333,12.8464,12.8414,13.0885,13.0659,13.0604,13.3797,12.8497,12.8448,13.0909,12.5846,12.5797,12.9927,11.7219,11.7191,11.8307,11.4851,11.4838,11.5385,11.3216,11.3212,11.3274,10.9909,10.9894,11.0358,12.1419,12.1411,12.2877,12.5178,12.5133,12.9051,12.1461,12.1457,12.2955,11.8501,11.8485,12.2147,11.8308,11.8276,11.964,11.3986,11.3967,11.4593,11.22,11.2198,11.2234,10.9053,10.9047,10.9434,11.7009,11.7007,11.8359,12.4297,12.4275,12.6523,11.7069,11.7066,11.8392,11.4112,11.4094,11.7463,11.9891,11.9831,12.0684,11.3605,11.3597,11.42,11.1692,11.1689,11.1714,10.8643,10.864,10.8962
model.language_model.layers.14.self_attn.k_proj.weight,linear,attn,14,512x2560,1310720,25,2.7785,10.8041,12.8297,12.8272,13.0698,13.073,13.0694,13.3038,12.8329,12.83,13.0717,12.5734,12.5705,12.9455,11.768,11.7666,11.8035,11.525,11.524,11.5386,11.3203,11.3203,11.3249,11.0027,11.0031,11.0167,12.1424,12.1418,12.2598,12.5397,12.5357,12.839,12.1465,12.1457,12.2671,11.8406,11.8397,12.183,11.8811,11.8818,11.9354,11.4547,11.4541,11.4687,11.2179,11.2179,11.2201,10.9136,10.9136,10.9226,11.7065,11.7063,11.8147,12.4574,12.4553,12.6273,11.7116,11.7112,11.8186,11.3994,11.3996,11.7213,12.0051,12.0035,12.046,11.4222,11.4216,11.4373,11.1676,11.1675,11.1682,10.869,10.8692,10.8748
model.language_model.layers.14.self_attn.o_proj.weight,linear,attn,14,2560x2048,5242880,26,2.6211,10.6563,12.7356,12.792,12.8456,12.9643,13.0129,13.0768,12.7412,12.7971,12.8496,12.4224,12.499,12.5785,11.6628,11.6677,11.7059,11.4236,11.4273,11.4424,11.0244,11.0272,11.0291,10.8571,10.8629,10.8767,12.0869,12.121,12.1599,12.3793,12.4699,12.5914,12.0898,12.1245,12.1637,11.7078,11.7827,11.8608,11.7871,11.7944,11.8415,11.3455,11.3487,11.3626,10.9213,10.9232,10.9245,10.7758,10.7807,10.7928,11.661,11.6905,11.7267,12.3214,12.4127,12.5137,11.6665,11.6961,11.7312,11.2796,11.348,11.4222,11.9622,11.9692,12.0037,11.3135,11.3167,11.3284,10.8704,10.8713,10.8722,10.7383,10.7415,10.7523
model.language_model.layers.14.self_attn.q_proj.weight,linear,attn,14,2048x2560,5242880,27,2.6528,10.697,12.8126,12.8133,12.9065,13.0391,13.0402,13.1064,12.8166,12.8174,12.9092,12.5353,12.5361,12.6534,11.704,11.7036,11.7153,11.4579,11.4584,11.4627,11.0877,11.0878,11.0895,10.8863,10.8862,10.8963,12.1318,12.1328,12.1749,12.5001,12.4992,12.6017,12.1357,12.1367,12.1794,11.8109,11.8115,11.9213,11.8284,11.829,11.8473,11.3818,11.3823,11.383,10.9838,10.9838,10.9848,10.8017,10.8018,10.8096,11.698,11.6981,11.7313,12.4356,12.435,12.517,11.7035,11.7036,11.736,11.374,11.3745,11.478,11.9816,11.983,11.9991,11.3505,11.3511,11.3516,10.9322,10.9322,10.9326,10.7603,10.7602,10.7654
model.language_model.layers.14.self_attn.v_proj.weight,linear,attn,14,512x2560,1310720,25,2.5845,10.6188,12.8015,12.8038,12.8058,13.0041,13.0074,13.0067,12.8062,12.8086,12.8104,12.497,12.5002,12.5026,11.6618,11.6625,11.6624,11.4171,11.4167,11.4175,10.9767,10.9769,10.9769,10.8402,10.8406,10.8403,12.122,12.1225,12.1241,12.4579,12.4588,12.4669,12.1248,12.1257,12.1271,11.7834,11.7855,11.7903,11.7876,11.7908,11.7884,11.3329,11.3337,11.3346,10.8725,10.8727,10.8728,10.7585,10.7584,10.7589,11.6878,11.6881,11.6903,12.4165,12.4178,12.4267,11.6924,11.6926,11.6951,11.3547,11.3552,11.3603,11.9537,11.9548,11.9555,11.298,11.2989,11.2997,10.8203,10.8204,10.8205,10.719,10.7185,10.7193
model.language_model.layers.15.mlp.down_proj.weight,linear,mlp,15,2560x10240,26214400,29,2.6029,10.6409,12.7902,12.7906,12.8143,13.0209,13.0211,13.0448,12.7931,12.7936,12.8167,12.5125,12.5125,12.5545,11.606,11.6058,11.6151,11.3822,11.3822,11.3843,11.0104,11.0104,11.0112,10.8498,10.8497,10.8524,12.1098,12.1098,12.1208,12.43,12.4289,12.4588,12.1139,12.1139,12.1254,11.7771,11.7768,11.8126,11.7139,11.7135,11.7288,11.2908,11.2906,11.2924,10.9075,10.9074,10.9078,10.7683,10.7683,10.7703,11.6722,11.672,11.679,12.3434,12.3422,12.3728,11.6788,11.6787,11.6856,11.3401,11.3399,11.3738,11.9006,11.9,11.9195,11.2531,11.2529,11.255,10.8562,10.8562,10.8564,10.7288,10.7288,10.73
model.language_model.layers.15.mlp.gate_proj.weight,linear,mlp,15,10240x2560,26214400,32,2.6327,10.6753,12.8129,12.8128,12.8765,13.0265,13.0276,13.0819,12.8168,12.8166,12.8799,12.5247,12.5247,12.6096,11.6903,11.6896,11.6962,11.4442,11.4442,11.4465,11.0474,11.0474,11.0498,10.8735,10.8734,10.88,12.1265,12.1268,12.1634,12.4729,12.4739,12.5729,12.13,12.1303,12.1677,11.8006,11.8006,11.8825,11.8174,11.8169,11.8269,11.3655,11.3654,11.3662,10.9439,10.9439,10.9452,10.7901,10.7901,10.795,11.6892,11.6893,11.7228,12.411,12.4105,12.498,11.6943,11.6944,11.7279,11.3668,11.3668,11.4411,11.9767,11.9766,11.9875,11.3336,11.3335,11.3347,10.8925,10.8926,10.893,10.7496,10.7496,10.7527
model.language_model.layers.15.mlp.up_proj.weight,linear,mlp,15,10240x2560,26214400,29,2.6067,10.6442,12.8168,12.8166,12.837,13.0242,13.024,13.0425,12.8212,12.821,12.8412,12.5228,12.5225,12.5508,11.6764,11.6766,11.6783,11.4321,11.4321,11.4327,11.0085,11.0085,11.0095,10.8569,10.8569,10.8593,12.1306,12.1307,12.1436,12.4847,12.4844,12.5193,12.1339,12.134,12.1472,11.8043,11.8042,11.8319,11.8051,11.8052,11.8073,11.3531,11.3532,11.3533,10.9045,10.9045,10.905,10.7743,10.7744,10.7762,11.6949,11.6952,11.7067,12.4317,12.4329,12.4645,11.6997,11.6999,11.7117,11.3714,11.3715,11.3963,11.9707,11.9704,11.9733,11.3215,11.3216,11.3218,10.8525,10.8525,10.8527,10.7342,10.7343,10.7355
model.language_model.layers.15.per_layer_input_gate.weight,linear,ple_proj,15,256x2560,655360,23,2.6544,10.692,12.875,12.8745,12.8961,13.1195,13.1177,13.1336,12.8781,12.8781,12.8993,12.639,12.6386,12.6666,11.6942,11.6923,11.6936,11.4395,11.4376,11.4397,11.0868,11.0866,11.0869,10.9115,10.9113,10.9137,12.1709,12.171,12.1793,12.6104,12.6128,12.6262,12.1762,12.1761,12.1852,11.9016,11.902,11.9244,11.8167,11.8148,11.8198,11.3551,11.3555,11.3553,10.9822,10.9821,10.9821,10.8261,10.8257,10.8271,11.733,11.7322,11.7369,12.502,12.4987,12.5117,11.7388,11.7379,11.7432,11.4549,11.4533,11.4763,11.979,11.9753,11.9819,11.3206,11.3207,11.3204,10.9305,10.9304,10.9306,10.7851,10.7851,10.7863
model.language_model.layers.15.per_layer_projection.weight,linear,ple_proj,15,2560x256,655360,24,3.128,11.1637,12.8993,12.9111,13.5331,13.1506,13.1687,14.1636,12.9024,12.9137,13.5405,12.6835,12.7026,13.8762,11.8465,11.8484,12.1434,11.6548,11.6559,11.9513,12.0336,12.0334,12.0424,11.2585,11.2603,11.3876,12.1919,12.1899,12.6915,12.6485,12.6438,13.4011,12.1968,12.195,12.6951,11.9531,11.958,13.0299,11.9177,11.9124,12.1506,11.5635,11.5626,11.9148,11.9315,11.9312,11.9378,11.1757,11.1758,11.2945,11.7513,11.7512,12.2639,12.5007,12.4927,12.7973,11.7558,11.7569,12.264,11.5016,11.5066,12.5138,12.0501,12.0458,12.1476,11.5224,11.5216,11.8904,11.8819,11.8821,11.8856,11.1399,11.1398,11.247
model.language_model.layers.15.self_attn.k_proj.weight,linear,attn,15,512x2560,1310720,27,2.7224,10.751,12.8333,12.8323,12.9985,13.0723,13.0688,13.2124,12.8368,12.8359,13.0004,12.5751,12.5733,12.8135,11.7488,11.7496,11.7681,11.4794,11.4781,11.5069,11.212,11.2118,11.2167,10.9516,10.9517,10.9605,12.1447,12.1436,12.2212,12.5417,12.5359,12.735,12.1486,12.1479,12.2273,11.8432,11.8423,12.0628,11.8692,11.8668,11.8976,11.4064,11.404,11.432,11.1086,11.1082,11.112,10.8635,10.8636,10.8694,11.708,11.7074,11.7749,12.4568,12.4533,12.5858,11.7133,11.7128,11.7791,11.4032,11.4022,11.6087,11.9991,11.9968,12.0275,11.3838,11.3833,11.4015,11.0582,11.058,11.0599,10.8195,10.8194,10.8222
model.language_model.layers.15.self_attn.o_proj.weight,linear,attn,15,2560x2048,5242880,28,2.639,10.6858,12.7417,12.8061,12.8824,12.9651,13.0191,13.0901,12.7469,12.8106,12.8857,12.4262,12.5117,12.6163,11.6878,11.6922,11.7248,11.4255,11.4377,11.4608,11.0547,11.0574,11.0593,10.8643,10.8697,10.8835,12.0876,12.1243,12.1681,12.3737,12.4697,12.5914,12.0905,12.1278,12.1718,11.7089,11.791,11.8915,11.8105,11.8183,11.8619,11.3431,11.3558,11.3804,10.9513,10.9534,10.9549,10.7829,10.7873,10.7988,11.6585,11.6893,11.7274,12.3109,12.4117,12.5184,11.6642,11.6944,11.7315,11.2809,11.3575,11.4529,11.9701,11.9775,12.0188,11.3138,11.3228,11.3466,10.9006,10.9017,10.9026,10.7442,10.7473,10.756
model.language_model.layers.15.self_attn.q_proj.weight,linear,attn,15,2048x2560,5242880,27,2.6554,10.6947,12.8155,12.8161,12.9107,13.039,13.0389,13.1089,12.8192,12.8197,12.9132,12.537,12.5372,12.6583,11.711,11.7127,11.7216,11.4486,11.4491,11.4642,11.0948,11.0948,11.0971,10.8896,10.8897,10.8973,12.1307,12.1309,12.1755,12.493,12.4905,12.6009,12.1345,12.1346,12.1801,11.8103,11.8102,11.9245,11.836,11.8382,11.8526,11.3685,11.369,11.381,10.9907,10.9908,10.9927,10.8045,10.8048,10.8106,11.6942,11.6946,11.731,12.4204,12.4204,12.5176,11.6995,11.6999,11.7355,11.3736,11.3737,11.4818,11.9875,11.9879,12.0027,11.3407,11.3407,11.3479,10.9395,10.9396,10.9404,10.7626,10.7627,10.766
model.language_model.layers.15.self_attn.v_proj.weight,linear,attn,15,512x2560,1310720,25,2.6004,10.6458,12.8289,12.8299,12.835,13.015,13.0172,13.0202,12.8329,12.8335,12.8392,12.5252,12.5261,12.5339,11.6926,11.6943,11.6939,11.424,11.4244,11.4246,11.0029,11.003,11.0033,10.8483,10.8486,10.849,12.1283,12.1277,12.1327,12.46,12.4609,12.4748,12.1311,12.1305,12.1356,11.8062,11.8054,11.8143,11.8254,11.8248,11.8284,11.3306,11.3305,11.332,10.8993,10.8991,10.8996,10.7664,10.7663,10.767,11.6866,11.686,11.6906,12.4147,12.4081,12.4312,11.6905,11.6901,11.6944,11.3766,11.3757,11.3851,11.9806,11.984,11.9838,11.2878,11.2877,11.2887,10.8471,10.8471,10.8473,10.7256,10.7254,10.726
model.language_model.layers.16.mlp.down_proj.weight,linear,mlp,16,2560x10240,26214400,30,2.6066,10.6414,12.79,12.79,12.815,13.0302,13.0304,13.0555,12.7934,12.7934,12.818,12.5213,12.5212,12.5648,11.6156,11.6157,11.6225,11.3874,11.3877,11.389,11.0122,11.0122,11.0127,10.8542,10.8543,10.8567,12.1147,12.1151,12.1278,12.4554,12.4547,12.4878,12.1191,12.1195,12.1329,11.7876,11.7878,11.8255,11.7276,11.7279,11.7402,11.2997,11.2999,11.3009,10.9087,10.9088,10.909,10.7711,10.7713,10.773,11.6805,11.6805,11.689,12.367,12.3668,12.3966,11.6874,11.6875,11.6963,11.3485,11.3486,11.3834,11.9126,11.9117,11.9288,11.2639,11.2638,11.265,10.8574,10.8574,10.8577,10.7315,10.7315,10.7327
model.language_model.layers.16.mlp.gate_proj.weight,linear,mlp,16,10240x2560,26214400,29,2.6452,10.6823,12.8081,12.8082,12.8955,13.0193,13.0192,13.0933,12.8116,12.812,12.898,12.5174,12.5177,12.6339,11.7194,11.7191,11.7263,11.4416,11.4417,11.4565,11.0778,11.0778,11.081,10.8802,10.8801,10.887,12.1204,12.1207,12.1673,12.4507,12.4517,12.578,12.1238,12.1242,12.1712,11.7909,11.7912,11.9019,11.847,11.8459,11.8589,11.3538,11.3539,11.3675,10.9746,10.9746,10.9769,10.7964,10.7964,10.8013,11.6816,11.6816,11.7226,12.3851,12.3857,12.5056,11.6869,11.687,11.7266,11.3578,11.3578,11.4626,11.9946,11.9947,12.0065,11.3181,11.3182,11.329,10.9235,10.9235,10.9246,10.7544,10.7544,10.757
model.language_model.layers.16.mlp.up_proj.weight,linear,mlp,16,10240x2560,26214400,29,2.608,10.6549,12.8197,12.82,12.8448,13.0154,13.0155,13.0357,12.8236,12.8239,12.8482,12.5171,12.5173,12.5491,11.7039,11.7044,11.7065,11.4274,11.4275,11.4317,11.0141,11.0142,11.0152,10.851,10.851,10.8537,12.125,12.1247,12.1388,12.4553,12.4542,12.494,12.1277,12.1275,12.1417,11.7954,11.7952,11.8264,11.8354,11.835,11.8384,11.3337,11.3335,11.3373,10.9107,10.9107,10.9115,10.7689,10.769,10.7711,11.6837,11.6835,11.6957,12.4024,12.4019,12.4462,11.6877,11.6876,11.6995,11.366,11.3657,11.3952,11.9901,11.991,11.9945,11.291,11.2911,11.2938,10.8588,10.8588,10.8592,10.728,10.728,10.7293
model.language_model.layers.16.per_layer_input_gate.weight,linear,ple_proj,16,256x2560,655360,24,2.691,10.7342,12.9098,12.9105,12.9465,13.1604,13.1654,13.2028,12.9121,12.9131,12.9486,12.6889,12.6916,12.7435,11.7381,11.7408,11.7632,11.4701,11.4696,11.4772,11.1393,11.1396,11.1408,10.9383,10.9378,10.9433,12.1928,12.1928,12.2135,12.6688,12.6703,12.7331,12.1978,12.1982,12.2186,11.9478,11.9496,11.9976,11.8648,11.8668,11.8993,11.3848,11.3855,11.393,11.0349,11.0353,11.0364,10.8516,10.8515,10.8556,11.7518,11.7525,11.7681,12.5352,12.5358,12.5849,11.7568,11.7572,11.772,11.4967,11.4989,11.5431,12.0104,12.0173,12.0399,11.3479,11.3489,11.3539,10.9833,10.9836,10.9842,10.8096,10.8099,10.8121
model.language_model.layers.16.per_layer_projection.weight,linear,ple_proj,16,2560x256,655360,26,3.1552,11.1959,12.9896,12.9879,13.5977,13.241,13.2423,14.2909,12.9924,12.9905,13.604,12.8172,12.8159,13.9693,11.8725,11.8673,12.1773,11.7261,11.7242,12.0219,12.0787,12.0784,12.0899,11.2779,11.277,11.4088,12.2335,12.2293,12.787,12.7736,12.7499,13.4519,12.2395,12.2354,12.7889,12.0712,12.0621,13.1043,11.9563,11.9503,12.1615,11.6942,11.6898,11.9874,11.9765,11.9764,11.9852,11.194,11.193,11.3183,11.7862,11.7849,12.3776,12.5794,12.5735,12.8133,11.7902,11.7894,12.3776,11.6117,11.6075,12.5745,12.0736,12.073,12.1501,11.6955,11.6933,11.9674,11.9283,11.9281,11.933,11.154,11.1541,11.2723
model.language_model.layers.16.self_attn.k_proj.weight,linear,attn,16,512x2560,1310720,23,2.6914,10.7224,12.8257,12.8245,12.9597,13.0525,13.0513,13.1609,12.8288,12.8273,12.962,12.5558,12.5534,12.7431,11.7327,11.7314,11.7459,11.4629,11.4626,11.4845,11.1613,11.1614,11.1652,10.9255,10.9255,10.932,12.1343,12.133,12.1977,12.5008,12.5037,12.6659,12.1383,12.1371,12.2027,11.8227,11.8233,11.9993,11.8546,11.8502,11.8795,11.3827,11.3824,11.4041,11.0576,11.0573,11.0607,10.8378,10.8374,10.843,11.6959,11.6956,11.7519,12.4251,12.4172,12.5487,11.7015,11.7013,11.7561,11.3846,11.384,11.5509,11.9911,11.9855,12.0153,11.3569,11.3555,11.3698,11.0069,11.0068,11.0084,10.7939,10.7935,10.7963
model.language_model.layers.16.self_attn.o_proj.weight,linear,attn,16,2560x2048,5242880,28,2.6292,10.673,12.7461,12.8114,12.8722,12.9611,13.0267,13.0736,12.7512,12.8161,12.8754,12.4246,12.5215,12.5992,11.6836,11.6891,11.7048,11.4226,11.4363,11.4492,11.0409,11.0438,11.0453,10.8599,10.8658,10.8768,12.0887,12.1289,12.159,12.3725,12.4754,12.56,12.0914,12.1321,12.1629,11.7094,11.8012,11.8742,11.8053,11.8136,11.8357,11.3394,11.3555,11.3675,10.9375,10.9397,10.9408,10.7788,10.7833,10.7925,11.6585,11.6947,11.7179,12.3161,12.4133,12.4945,11.6636,11.6996,11.7223,11.2828,11.3682,11.4362,11.9643,11.9731,11.9932,11.3078,11.3217,11.3341,10.8867,10.8879,10.8885,10.7403,10.7436,10.7501
model.language_model.layers.16.self_attn.q_proj.weight,linear,attn,16,2048x2560,5242880,25,2.6357,10.6807,12.8085,12.8089,12.8848,13.0257,13.025,13.0802,12.8123,12.8126,12.8879,12.5233,12.5234,12.6165,11.6977,11.6972,11.7029,11.4362,11.4361,11.4491,11.0595,11.0595,11.0615,10.8744,10.8747,10.8804,12.1243,12.1244,12.1615,12.469,12.4659,12.5584,12.128,12.1282,12.1655,11.7979,11.7976,11.8876,11.8238,11.8218,11.8331,11.3537,11.3529,11.3644,10.9554,10.9554,10.9571,10.7904,10.7907,10.7954,11.6874,11.6877,11.7176,12.4045,12.4056,12.4895,11.6931,11.6934,11.7224,11.363,11.363,11.4477,11.9803,11.9778,11.9882,11.3231,11.3225,11.3296,10.904,10.904,10.9048,10.749,10.749,10.7519
model.language_model.layers.16.self_attn.v_proj.weight,linear,attn,16,512x2560,1310720,26,2.6028,10.6508,12.8291,12.83,12.8391,13.021,13.0204,13.0259,12.833,12.8334,12.8427,12.5285,12.5295,12.5385,11.6999,11.7016,11.7023,11.426,11.4261,11.4273,11.0075,11.0077,11.0079,10.8494,10.8491,10.8499,12.1301,12.1288,12.134,12.4688,12.4676,12.4756,12.1327,12.1318,12.1369,11.8075,11.8071,11.8165,11.8318,11.8292,11.8336,11.3304,11.3299,11.3311,10.904,10.904,10.9041,10.7677,10.7667,10.7675,11.6881,11.6873,11.6898,12.4239,12.4141,12.425,11.6922,11.6913,11.694,11.3784,11.3765,11.3862,11.9896,11.9888,11.991,11.2864,11.2867,11.287,10.8519,10.8519,10.8519,10.7261,10.7256,10.7261
model.language_model.layers.17.mlp.down_proj.weight,linear,mlp,17,2560x10240,26214400,28,2.608,10.6433,12.7936,12.7938,12.8157,13.0368,13.0369,13.0579,12.7969,12.7972,12.8187,12.5299,12.53,12.567,11.6175,11.6174,11.6276,11.3892,11.3891,11.3918,11.0147,11.0147,11.0152,10.8558,10.8559,10.8584,12.1176,12.1176,12.1297,12.4655,12.4645,12.4955,12.1223,12.1223,12.1349,11.7954,11.7955,11.8289,11.7298,11.7295,11.7457,11.3018,11.3017,11.3038,10.9112,10.9112,10.9115,10.7724,10.7725,10.7745,11.6837,11.6835,11.6916,12.3739,12.3733,12.4042,11.6908,11.6906,11.6988,11.355,11.355,11.3868,11.9133,11.9128,11.9328,11.266,11.2658,11.268,10.8599,10.8599,10.8602,10.7327,10.7327,10.7342
model.language_model.layers.17.mlp.gate_proj.weight,linear,mlp,17,10240x2560,26214400,29,2.6367,10.6721,12.807,12.8073,12.8831,13.0225,13.0228,13.0849,12.8105,12.8108,12.8856,12.5193,12.5196,12.6162,11.7271,11.7271,11.7324,11.4388,11.439,11.4509,11.0577,11.0578,11.0605,10.8722,10.8722,10.8776,12.1204,12.1204,12.161,12.4525,12.4533,12.5622,12.1239,12.1239,12.1645,11.791,11.7911,11.8835,11.8559,11.8563,11.8647,11.3474,11.3475,11.358,10.9545,10.9544,10.9565,10.7891,10.789,10.7932,11.6813,11.6813,11.716,12.3836,12.3828,12.4938,11.6867,11.6866,11.7198,11.3571,11.3571,11.4454,12.0009,12.0013,12.01,11.308,11.308,11.3157,10.9032,10.9032,10.9042,10.7472,10.7473,10.7495
model.language_model.layers.17.mlp.up_proj.weight,linear,mlp,17,10240x2560,26214400,29,2.6102,10.6538,12.8207,12.8207,12.8474,13.0188,13.0189,13.0417,12.8241,12.8241,12.8506,12.5205,12.521,12.5549,11.7107,11.7106,11.7122,11.4301,11.43,11.4345,11.0203,11.0203,11.0217,10.8524,10.8523,10.8547,12.1239,12.124,12.1411,12.4509,12.4508,12.5014,12.127,12.1269,12.1441,11.795,11.7951,11.8302,11.8414,11.8409,11.8445,11.3352,11.3351,11.339,10.9169,10.9169,10.918,10.77,10.7699,10.7719,11.6814,11.6814,11.6978,12.3923,12.3925,12.4516,11.6858,11.6857,11.7015,11.3643,11.3644,11.3977,11.9939,11.9938,11.9975,11.2926,11.2927,11.2951,10.8652,10.8652,10.8656,10.7285,10.7285,10.7297
model.language_model.layers.17.per_layer_input_gate.weight,linear,ple_proj,17,256x2560,655360,25,2.7471,10.7781,12.9779,12.9777,13.019,13.2683,13.2646,13.2924,12.9801,12.9797,13.0206,12.7997,12.8,12.8729,11.8103,11.8128,11.8238,11.5372,11.537,11.5396,11.2475,11.2476,11.2481,10.9891,10.9894,10.9909,12.2411,12.2421,12.2528,12.7816,12.7842,12.831,12.2464,12.2471,12.2589,12.0415,12.0427,12.113,11.9358,11.9357,11.949,11.4631,11.4626,11.4646,11.1429,11.1431,11.1433,10.8998,10.9006,10.9013,11.8029,11.8043,11.8105,12.5991,12.6011,12.6291,11.8066,11.8073,11.8137,11.5826,11.5831,11.6515,12.0411,12.0497,12.056,11.427,11.4287,11.43,11.0907,11.091,11.091,10.8536,10.8541,10.8544
model.language_model.layers.17.per_layer_projection.weight,linear,ple_proj,17,2560x256,655360,26,3.3758,11.4068,12.907,12.9142,13.9466,13.1764,13.2006,14.6906,12.9098,12.9167,13.9517,12.6881,12.7058,14.6589,11.973,11.9735,12.2668,11.8908,11.8927,12.1805,12.7893,12.7892,12.8159,11.5852,11.5827,11.6835,12.203,12.2061,13.163,12.6968,12.7063,13.5668,12.2071,12.2095,13.1633,11.9557,11.9659,13.7705,11.9913,11.992,12.2011,11.8635,11.8619,12.1069,12.6921,12.6922,12.7114,11.5277,11.5264,11.6055,11.7676,11.7658,12.7361,12.5278,12.519,12.8681,11.7708,11.7693,12.7361,11.5268,11.5147,13.2517,12.096,12.0986,12.2097,11.89,11.8923,12.0654,12.6497,12.6498,12.6595,11.5232,11.5233,11.5781
model.language_model.layers.17.self_attn.k_proj.weight,linear,attn,17,1024x2560,2621440,26,2.7762,10.7975,12.833,12.8341,13.0621,13.041,13.0429,13.2794,12.8371,12.8382,13.0639,12.5501,12.5512,12.9355,11.8239,11.8262,11.8457,11.5139,11.5143,11.5279,11.3161,11.3159,11.3177,10.9945,10.9943,11.0213,12.1388,12.139,12.2453,12.5045,12.507,12.7992,12.1427,12.1428,12.2509,11.8268,11.8271,12.1759,11.9507,11.9511,11.9709,11.4231,11.4231,11.4344,11.2119,11.2117,11.2133,10.9129,10.9128,10.9293,11.7009,11.7018,11.7932,12.4431,12.4478,12.6168,11.7062,11.7069,11.7959,11.3907,11.3916,11.7219,12.0523,12.0516,12.0602,11.377,11.377,11.3876,11.1596,11.1595,11.1609,10.8702,10.8702,10.8803
model.language_model.layers.17.self_attn.o_proj.weight,linear,attn,17,2560x4096,10485760,30,2.603,10.6406,12.7397,12.7978,12.8243,12.9714,13.0144,13.04,12.7439,12.8006,12.8266,12.4332,12.5066,12.5453,11.6137,11.6258,11.6485,11.3857,11.3906,11.3986,11.0055,11.0066,11.0073,10.8424,10.8451,10.8498,12.0843,12.1105,12.1257,12.3651,12.4207,12.4662,12.0874,12.1138,12.129,11.7081,11.7723,11.809,11.7168,11.7361,11.7696,11.2917,11.2952,11.3033,10.9025,10.9035,10.9043,10.7627,10.7653,10.7697,11.654,11.6699,11.6818,12.2879,12.3437,12.3978,11.6605,11.6755,11.6864,11.2769,11.3392,11.3758,11.8965,11.9179,11.9491,11.2514,11.2543,11.2618,10.8509,10.852,10.8526,10.724,10.7261,10.7297
model.language_model.layers.17.self_attn.q_proj.weight,linear,attn,17,4096x2560,10485760,28,2.6719,10.7046,12.8033,12.8034,12.9322,13.0138,13.0133,13.1158,12.8076,12.8077,12.9344,12.5066,12.5068,12.6912,11.7245,11.7248,11.7478,11.4456,11.4455,11.4642,11.1333,11.1332,11.1345,10.902,10.902,10.9171,12.1228,12.1229,12.1767,12.4649,12.4648,12.6002,12.126,12.1262,12.1807,11.7884,11.7887,11.9554,11.8439,11.8441,11.8792,11.3566,11.3564,11.3706,11.0295,11.0294,11.0304,10.8189,10.8187,10.83,11.6879,11.6883,11.7281,12.4155,12.4154,12.5193,11.6928,11.693,11.7318,11.3568,11.3569,11.5162,11.988,11.9886,12.018,11.3178,11.3179,11.3284,10.9776,10.9776,10.9781,10.7777,10.7777,10.7841
model.language_model.layers.17.self_attn.v_proj.weight,linear,attn,17,1024x2560,2621440,24,2.6126,10.6532,12.8479,12.8478,12.8538,13.0382,13.0371,13.0418,12.851,12.851,12.8568,12.5564,12.5562,12.5633,11.7085,11.7084,11.7117,11.4302,11.4302,11.4311,11.0279,11.0279,11.028,10.8581,10.8582,10.8586,12.1366,12.1365,12.1389,12.4826,12.4858,12.4882,12.1396,12.1396,12.1418,11.8289,11.8288,11.8351,11.8383,11.8374,11.8401,11.3318,11.3318,11.3324,10.9243,10.9243,10.9243,10.7753,10.7752,10.7752,11.6911,11.6908,11.6935,12.4291,12.4321,12.4368,11.6953,11.6948,11.697,11.3964,11.3965,11.4031,11.9872,11.9893,11.9926,11.2858,11.2862,11.2866,10.872,10.8721,10.8721,10.7328,10.7329,10.7328
model.language_model.layers.18.mlp.down_proj.weight,linear,mlp,18,2560x10240,26214400,30,2.6091,10.639,12.7962,12.7956,12.821,13.0367,13.0366,13.0609,12.8003,12.7998,12.825,12.5296,12.5294,12.5664,11.6361,11.6357,11.6469,11.4016,11.4014,11.4051,11.0183,11.0183,11.0192,10.8699,10.8698,10.8732,12.1247,12.1243,12.14,12.4908,12.4895,12.5308,12.1294,12.129,12.1451,11.8038,11.8035,11.8384,11.7554,11.7549,11.772,11.3188,11.3187,11.3217,10.9141,10.9141,10.9146,10.786,10.786,10.7888,11.6941,11.6939,11.7064,12.4102,12.4094,12.4455,11.7011,11.701,11.7135,11.3629,11.3629,11.3954,11.9335,11.9339,11.9526,11.2852,11.2852,11.2879,10.8626,10.8626,10.8629,10.7472,10.7471,10.7495
model.language_model.layers.18.mlp.gate_proj.weight,linear,mlp,18,10240x2560,26214400,31,2.6402,10.676,12.7902,12.7899,12.8879,13.0087,13.0084,13.0938,12.7939,12.7936,12.8904,12.4966,12.4963,12.6251,11.7237,11.724,11.7302,11.4383,11.4381,11.4554,11.0618,11.0619,11.0659,10.872,10.8719,10.8799,12.111,12.1113,12.1664,12.4287,12.4292,12.5787,12.1145,12.1147,12.1702,11.7691,11.7692,11.8918,11.8515,11.8522,11.8628,11.3503,11.35,11.3659,10.9589,10.9589,10.9618,10.7892,10.7892,10.795,11.6739,11.674,11.7221,12.358,12.3585,12.5061,11.6796,11.6797,11.726,11.336,11.3362,11.4517,11.9977,11.9973,12.0088,11.3141,11.3138,11.3264,10.9081,10.9081,10.9094,10.7481,10.748,10.7512
model.language_model.layers.18.mlp.up_proj.weight,linear,mlp,18,10240x2560,26214400,30,2.5973,10.6473,12.7975,12.7976,12.83,12.998,12.9979,13.0235,12.8016,12.8016,12.8338,12.4876,12.4874,12.5274,11.6948,11.6949,11.6966,11.421,11.4213,11.4266,10.9947,10.9947,10.9961,10.8403,10.8402,10.8433,12.1138,12.1136,12.1329,12.4266,12.4247,12.4783,12.1165,12.1164,12.1357,11.7666,11.7666,11.8068,11.8254,11.8245,11.8277,11.3286,11.3285,11.3335,10.8913,10.8913,10.8923,10.7588,10.7587,10.7613,11.6748,11.6748,11.6918,12.3727,12.3728,12.4342,11.6792,11.6793,11.6957,11.3379,11.3379,11.3763,11.9829,11.9825,11.9865,11.2872,11.2871,11.2909,10.8395,10.8395,10.84,10.7187,10.7185,10.7203
model.language_model.layers.18.per_layer_input_gate.weight,linear,ple_proj,18,256x2560,655360,24,2.8435,10.8908,13.1172,13.1183,13.1479,13.4927,13.4945,13.5252,13.1196,13.121,13.1503,13.0467,13.0505,13.1089,11.9178,11.918,11.9356,11.638,11.6379,11.6414,11.404,11.404,11.4046,11.0836,11.0835,11.086,12.3474,12.35,12.3619,13.0259,13.0411,13.0813,12.3532,12.3558,12.3685,12.2634,12.2688,12.3278,12.0228,12.0237,12.0404,11.5744,11.5737,11.5766,11.2991,11.299,11.2993,10.9908,10.9907,10.9916,11.9148,11.9156,11.9255,12.6926,12.6929,12.7187,11.9169,11.9175,11.9269,11.7837,11.7852,11.8478,12.0894,12.0923,12.1001,11.5356,11.5357,11.5376,11.2466,11.2468,11.247,10.9427,10.943,10.9431
model.language_model.layers.18.per_layer_projection.weight,linear,ple_proj,18,2560x256,655360,24,2.9269,10.957,13.0503,13.0422,13.2596,13.3069,13.2947,13.6773,13.0521,13.0448,13.263,12.9307,12.9127,13.3136,11.9194,11.9177,11.9912,11.6619,11.6578,11.7018,11.5755,11.5754,11.5817,11.1379,11.1361,11.1598,12.2546,12.2512,12.4293,12.8039,12.7853,13.1794,12.2616,12.2577,12.4349,12.1558,12.1458,12.518,12.0081,12.0069,12.0781,11.5898,11.5948,11.6373,11.4722,11.4722,11.4766,11.0507,11.05,11.0633,11.8024,11.8002,11.9891,12.5935,12.5923,12.7455,11.8064,11.8038,11.9899,11.6913,11.688,12.0275,12.0894,12.0927,12.1146,11.5633,11.5631,11.5946,11.4214,11.4214,11.4241,11.0056,11.0055,11.0142
model.language_model.layers.18.self_attn.k_proj.weight,linear,attn,18,512x2560,1310720,24,2.7019,10.7279,12.8371,12.839,12.9677,13.0704,13.067,13.1813,12.8404,12.8421,12.9695,12.5748,12.5745,12.7629,11.7534,11.7556,11.7755,11.4711,11.4703,11.4897,11.1706,11.1708,11.1738,10.9328,10.9337,10.9422,12.1461,12.146,12.2041,12.5394,12.5357,12.6864,12.1503,12.15,12.2092,11.8441,11.8431,12.0162,11.8747,11.8751,11.9079,11.386,11.3855,11.4034,11.0671,11.0671,11.0694,10.8476,10.8477,10.8538,11.7074,11.7078,11.7577,12.4554,12.45,12.569,11.7123,11.7127,11.7612,11.4039,11.404,11.5677,12.0108,12.0111,12.0319,11.3526,11.3525,11.364,11.0161,11.0161,11.0171,10.8044,10.8044,10.8069
model.language_model.layers.18.self_attn.o_proj.weight,linear,attn,18,2560x2048,5242880,26,2.6023,10.6521,12.7511,12.7806,12.8315,12.9538,12.9771,13.0399,12.7561,12.785,12.8351,12.4191,12.4554,12.5333,11.695,11.6985,11.7187,11.4138,11.4209,11.4381,10.996,10.9973,10.9998,10.83,10.8327,10.8451,12.0865,12.1022,12.1417,12.3487,12.3886,12.5158,12.089,12.1047,12.1443,11.7014,11.736,11.814,11.8237,11.8263,11.8538,11.3155,11.3216,11.3457,10.8932,10.8939,10.8959,10.7504,10.7521,10.7632,11.6515,11.6638,11.7027,12.2896,12.3292,12.4707,11.6565,11.668,11.7059,11.2771,11.3096,11.3845,11.9833,11.9857,12.0078,11.2686,11.2735,11.3025,10.8421,10.8423,10.8436,10.7122,10.7131,10.7223
model.language_model.layers.18.self_attn.q_proj.weight,linear,attn,18,2048x2560,5242880,27,2.6437,10.6863,12.8175,12.8175,12.8953,13.0415,13.0435,13.091,12.8215,12.8213,12.8981,12.5389,12.539,12.6323,11.7069,11.7051,11.7152,11.444,11.4439,11.4557,11.0729,11.073,11.0741,10.8793,10.8794,10.8873,12.1341,12.1347,12.1673,12.5023,12.5056,12.577,12.1378,12.1382,12.1713,11.8148,11.8148,11.9018,11.8317,11.8299,11.8468,11.3617,11.3618,11.3703,10.9686,10.9687,10.9698,10.7949,10.7951,10.8018,11.6998,11.7001,11.7229,12.4352,12.439,12.5053,11.7049,11.705,11.7271,11.3788,11.3785,11.4613,11.9857,11.9832,12.0012,11.3296,11.3295,11.335,10.9169,10.9168,10.9175,10.7533,10.7533,10.758
model.language_model.layers.18.self_attn.v_proj.weight,linear,attn,18,512x2560,1310720,25,2.579,10.6274,12.8033,12.8051,12.8071,12.9902,12.9925,12.9946,12.8076,12.8095,12.8115,12.4835,12.4854,12.4879,11.6801,11.6812,11.6835,11.4111,11.4114,11.4118,10.9678,10.968,10.9682,10.8269,10.8274,10.8277,12.1156,12.1162,12.1169,12.4264,12.4258,12.427,12.1179,12.1187,12.1194,11.7674,11.768,11.7703,11.8073,11.8088,11.808,11.3139,11.3143,11.3145,10.8646,10.8646,10.8647,10.7468,10.7471,10.7466,11.6743,11.6748,11.6754,12.3804,12.3876,12.3836,11.6784,11.6785,11.6792,11.3413,11.3413,11.3433,11.9665,11.9682,11.9669,11.2683,11.2685,11.2682,10.8124,10.8124,10.8125,10.7068,10.7071,10.7072
model.language_model.layers.19.mlp.down_proj.weight,linear,mlp,19,2560x10240,26214400,29,2.6108,10.6413,12.7995,12.7995,12.8278,13.0361,13.0366,13.0601,12.8039,12.8037,12.8318,12.53,12.5301,12.5695,11.6404,11.6409,11.6471,11.4052,11.4054,11.4073,11.0263,11.0263,11.0268,10.8766,10.8767,10.8804,12.1262,12.1266,12.1422,12.4924,12.4933,12.5298,12.1307,12.131,12.1474,11.8052,11.8053,11.8419,11.7607,11.7607,11.771,11.3234,11.3235,11.3241,10.922,10.922,10.9222,10.7927,10.7928,10.7958,11.6955,11.6953,11.7074,12.4183,12.4157,12.4465,11.7022,11.702,11.7146,11.3655,11.3653,11.399,11.9384,11.937,11.9491,11.2902,11.29,11.291,10.8704,10.8704,10.8705,10.7539,10.7539,10.7565
model.language_model.layers.19.mlp.gate_proj.weight,linear,mlp,19,10240x2560,26214400,29,2.647,10.6793,12.8066,12.8065,12.8938,13.0244,13.024,13.1026,12.8099,12.8098,12.8959,12.5223,12.5221,12.6393,11.7446,11.7439,11.7497,11.4431,11.443,11.4574,11.0713,11.0713,11.0745,10.8815,10.8814,10.8877,12.1194,12.1195,12.1672,12.4507,12.4501,12.5834,12.1231,12.1232,12.1708,11.7918,11.792,11.9022,11.8729,11.8727,11.8821,11.35,11.3498,11.3627,10.9682,10.9682,10.9705,10.7987,10.7987,10.8031,11.6805,11.6803,11.7217,12.3765,12.3771,12.5073,11.6862,11.6861,11.7252,11.3569,11.3571,11.4627,12.01,12.0108,12.0206,11.3086,11.3086,11.3185,10.9171,10.9171,10.9182,10.7567,10.7567,10.7592
model.language_model.layers.19.mlp.up_proj.weight,linear,mlp,19,10240x2560,26214400,31,2.6144,10.6544,12.8136,12.8137,12.853,13.014,13.0137,13.0455,12.8171,12.8171,12.8559,12.5138,12.5138,12.564,11.6874,11.6875,11.7198,11.4276,11.4276,11.4345,11.0256,11.0256,11.0274,10.8541,10.8541,10.8583,12.1191,12.1192,12.1412,12.4377,12.4382,12.5002,12.1221,12.1222,12.1442,11.7868,11.7866,11.8364,11.8,11.8005,11.8518,11.3301,11.3302,11.3363,10.9222,10.9222,10.9238,10.7718,10.7717,10.7756,11.6767,11.6767,11.6962,12.3748,12.3737,12.4473,11.6814,11.6814,11.6999,11.3559,11.3558,11.4043,11.9585,11.9587,12.0018,11.2857,11.2857,11.2902,10.8706,10.8706,10.8715,10.7308,10.7307,10.7332
model.language_model.layers.19.per_layer_input_gate.weight,linear,ple_proj,19,256x2560,655360,25,2.7959,10.8259,13.0494,13.0543,13.0879,13.3582,13.366,13.4013,13.0518,13.0565,13.09,12.924,12.9301,12.9936,11.8543,11.8519,11.8687,11.5772,11.578,11.5819,11.3254,11.3256,11.3264,11.0344,11.0348,11.0365,12.2859,12.2892,12.3027,12.8947,12.904,12.9576,12.2926,12.2959,12.3093,12.1541,12.1596,12.2208,11.9719,11.9712,11.9954,11.5092,11.5086,11.5127,11.2205,11.2205,11.2215,10.9418,10.9418,10.9435,11.8466,11.8495,11.8615,12.6512,12.6519,12.6811,11.8498,11.8521,11.8638,11.6837,11.686,11.7484,12.072,12.0734,12.0831,11.474,11.4747,11.4759,11.1686,11.1684,11.1693,10.8945,10.8945,10.8958
model.language_model.layers.19.per_layer_projection.weight,linear,ple_proj,19,2560x256,655360,26,3.4172,11.4647,13.0595,13.0599,14.0021,13.3903,13.3914,14.7961,13.0626,13.0623,14.0047,12.9455,12.943,14.7508,12.0614,12.0635,12.3222,11.8706,11.8746,12.2007,12.783,12.7827,12.7938,11.522,11.522,11.708,12.305,12.3052,13.216,12.9224,12.9234,13.6616,12.3094,12.3095,13.2161,12.1828,12.1837,13.8783,12.1397,12.142,12.2852,11.8085,11.8109,12.121,12.6808,12.6808,12.6877,11.4331,11.4327,11.6299,11.8655,11.8657,12.7801,12.6677,12.668,12.9797,11.8673,11.8678,12.7801,11.7233,11.7193,13.3309,12.265,12.2681,12.357,11.7837,11.7849,12.0818,12.6306,12.6306,12.6348,11.3893,11.3894,11.5952
model.language_model.layers.19.self_attn.k_proj.weight,linear,attn,19,512x2560,1310720,25,2.7768,10.8016,12.8624,12.8636,13.0599,13.0942,13.0936,13.3103,12.8652,12.8667,13.0619,12.6128,12.6137,12.9353,11.8161,11.8139,11.8414,11.5224,11.5219,11.5446,11.3073,11.3071,11.3109,11.0108,11.0106,11.0218,12.1579,12.1591,12.2623,12.5686,12.5695,12.8504,12.1624,12.1637,12.2684,11.8758,11.8774,12.1737,11.9291,11.9313,11.9681,11.4466,11.4458,11.463,11.2038,11.2038,11.2063,10.9233,10.9233,10.9297,11.7185,11.7189,11.8156,12.4742,12.4759,12.6417,11.7239,11.7242,11.8183,11.4328,11.4336,11.7153,12.0387,12.0357,12.0616,11.4147,11.4145,11.4224,11.1529,11.1528,11.154,10.8785,10.8784,10.8815
model.language_model.layers.19.self_attn.o_proj.weight,linear,attn,19,2560x2048,5242880,27,2.5932,10.6343,12.7449,12.7766,12.8163,12.9574,12.9793,13.0258,12.7503,12.7816,12.8206,12.4201,12.4575,12.5161,11.671,11.6741,11.6881,11.4102,11.4172,11.4306,10.9799,10.9814,10.9834,10.8311,10.8338,10.842,12.0881,12.1048,12.1356,12.367,12.4072,12.502,12.0906,12.1073,12.1385,11.706,11.7424,11.8018,11.7958,11.8009,11.8204,11.3231,11.3295,11.3477,10.8766,10.8776,10.8792,10.7508,10.7529,10.7605,11.6571,11.6706,11.7007,12.3088,12.3594,12.4587,11.6622,11.6753,11.7046,11.2801,11.316,11.3708,11.9628,11.9675,11.9837,11.2856,11.2907,11.3123,10.8252,10.8258,10.8269,10.7126,10.7142,10.7205
model.language_model.layers.19.self_attn.q_proj.weight,linear,attn,19,2048x2560,5242880,24,2.6598,10.6971,12.8103,12.8104,12.9177,13.0291,13.0289,13.1144,12.814,12.8143,12.9203,12.526,12.526,12.6689,11.7148,11.7152,11.7252,11.4471,11.4472,11.4654,11.1039,11.1039,11.1065,10.8922,10.8922,10.902,12.1263,12.1263,12.1776,12.4755,12.4747,12.6033,12.1302,12.13,12.1822,11.8004,11.8004,11.9335,11.8385,11.8391,11.857,11.3645,11.3648,11.3815,11.0,11.0001,11.0022,10.8079,10.8079,10.815,11.6899,11.6902,11.7325,12.4103,12.4128,12.5203,11.6955,11.6955,11.7369,11.3647,11.3654,11.4903,11.9865,11.989,12.003,11.3344,11.3349,11.3468,10.9489,10.9489,10.9498,10.766,10.766,10.7698
model.language_model.layers.19.self_attn.v_proj.weight,linear,attn,19,512x2560,1310720,24,2.5996,10.6462,12.8248,12.8282,12.8366,13.0172,13.0194,13.0243,12.8289,12.8323,12.8401,12.525,12.5257,12.5359,11.6914,11.6902,11.6901,11.4233,11.4233,11.425,11.0024,11.0026,11.0028,10.8475,10.8473,10.8478,12.1276,12.1281,12.1322,12.4639,12.4618,12.4745,12.1303,12.1308,12.1348,11.8033,11.8034,11.8137,11.8196,11.8165,11.8178,11.3293,11.3295,11.3308,10.8987,10.8987,10.899,10.7652,10.7649,10.7655,11.6858,11.6865,11.6888,12.4187,12.4162,12.4213,11.6899,11.6906,11.6927,11.3739,11.3742,11.3825,11.9764,11.9739,11.9727,11.2872,11.2873,11.2873,10.8466,10.8466,10.8467,10.7244,10.7239,10.7244
model.language_model.layers.2.mlp.down_proj.weight,linear,mlp,2,2560x10240,26214400,29,2.594,10.6329,12.7963,12.796,12.8167,13.004,13.0033,13.029,12.7991,12.7989,12.8193,12.4926,12.4921,12.5231,11.6232,11.6228,11.6607,11.3911,11.3911,11.4034,10.9836,10.9836,10.9847,10.831,10.831,10.8348,12.1083,12.1081,12.1242,12.405,12.4057,12.4607,12.1114,12.1111,12.127,11.7604,11.7601,11.7915,11.733,11.7331,11.7856,11.2941,11.2942,11.3074,10.8808,10.8807,10.8816,10.752,10.7519,10.755,11.6651,11.665,11.6811,12.3333,12.333,12.4012,11.6702,11.67,11.6852,11.3295,11.3293,11.3606,11.9167,11.9159,11.9609,11.252,11.2519,11.2643,10.8291,10.8291,10.8297,10.7136,10.7135,10.7156
model.language_model.layers.2.mlp.gate_proj.weight,linear,mlp,2,10240x2560,26214400,29,2.6028,10.6353,12.7933,12.7941,12.8209,13.0227,13.0234,13.0484,12.798,12.7987,12.8253,12.5126,12.5135,12.5514,11.6443,11.6449,11.6465,11.4073,11.4075,11.4085,11.0137,11.0138,11.0152,10.8713,10.8714,10.8746,12.1212,12.1213,12.1394,12.4739,12.4738,12.5209,12.1253,12.1254,12.1441,11.7911,11.7912,11.8283,11.7671,11.7671,11.7697,11.3265,11.3266,11.3266,10.9097,10.9097,10.9105,10.7879,10.7879,10.7904,11.6902,11.6902,11.7061,12.4056,12.4059,12.4458,11.6963,11.6963,11.7128,11.3546,11.3547,11.3866,11.9425,11.9424,11.9471,11.2939,11.2938,11.294,10.8585,10.8585,10.8588,10.7497,10.7497,10.7515
model.language_model.layers.2.mlp.up_proj.weight,linear,mlp,2,10240x2560,26214400,31,2.5911,10.6228,12.7851,12.7851,12.801,13.0164,13.0166,13.0336,12.7899,12.7898,12.8058,12.5018,12.5019,12.5276,11.6349,11.6353,11.6361,11.4004,11.4003,11.4009,10.999,10.999,11.0001,10.8646,10.8646,10.8667,12.1176,12.1179,12.1294,12.4679,12.4674,12.4998,12.1217,12.122,12.1339,11.782,11.7822,11.8068,11.7563,11.7559,11.7582,11.3195,11.3192,11.3194,10.8948,10.8948,10.8954,10.7812,10.7812,10.7829,11.6888,11.6888,11.6995,12.4029,12.4022,12.4292,11.6951,11.6952,11.7064,11.3457,11.3457,11.3665,11.9343,11.934,11.9373,11.2867,11.2865,11.2867,10.8435,10.8435,10.8436,10.7433,10.7433,10.7446
model.language_model.layers.2.per_layer_input_gate.weight,linear,ple_proj,2,256x2560,655360,23,2.6954,10.7243,12.9459,12.9474,12.9528,13.1611,13.1628,13.1695,12.9478,12.9487,12.9543,12.7402,12.7426,12.7503,11.7667,11.7706,11.7641,11.4681,11.469,11.4695,11.1679,11.1681,11.168,10.9458,10.9467,10.9465,12.1894,12.1908,12.1923,12.6432,12.6516,12.6492,12.1942,12.1955,12.1967,11.9915,11.9935,11.9995,11.897,11.9019,11.8939,11.3738,11.3745,11.3744,11.0643,11.0643,11.0642,10.8605,10.8605,10.8603,11.7401,11.7404,11.7416,12.542,12.5434,12.5459,11.7436,11.7438,11.7451,11.5471,11.5479,11.5561,12.0288,12.0302,12.0292,11.3303,11.3304,11.33,11.0121,11.0121,11.012,10.8145,10.8148,10.8147
model.language_model.layers.2.per_layer_projection.weight,linear,ple_proj,2,2560x256,655360,25,3.0562,11.1104,12.8297,12.8295,13.4146,13.0897,13.0861,13.9539,12.834,12.8329,13.4188,12.5766,12.5744,13.6401,11.942,11.9462,12.113,11.6404,11.6426,11.8272,11.8788,11.8789,11.8906,11.2149,11.2162,11.3096,12.157,12.1512,12.5569,12.5979,12.5736,13.337,12.1605,12.1551,12.5602,11.8516,11.8474,12.8331,12.0133,12.015,12.1426,11.5563,11.5578,11.7593,11.7777,11.7777,11.7848,11.1328,11.1329,11.2131,11.7234,11.7214,12.115,12.4843,12.4746,12.7988,11.7272,11.7261,12.1152,11.4067,11.4082,12.3418,12.1083,12.1081,12.1489,11.5218,11.5215,11.7144,11.728,11.7277,11.7321,11.0925,11.0923,11.1632
model.language_model.layers.2.self_attn.k_proj.weight,linear,attn,2,512x2560,1310720,24,2.6643,10.7014,12.8442,12.8446,12.9198,13.0735,13.0733,13.1519,12.8469,12.8477,12.9221,12.5834,12.5834,12.6815,11.7461,11.7464,11.748,11.4804,11.4792,11.4852,11.0983,11.0985,11.1011,10.8933,10.8932,10.8999,12.1434,12.1447,12.1961,12.5219,12.5269,12.6753,12.1478,12.1487,12.2008,11.8464,11.8469,11.9428,11.8763,11.8764,11.8788,11.4047,11.4045,11.4057,10.9952,10.9951,10.9963,10.8085,10.8082,10.8123,11.7038,11.7026,11.7538,12.4263,12.4199,12.5622,11.7087,11.7081,11.7579,11.4064,11.4066,11.4944,12.0141,12.0179,12.0195,11.3729,11.3732,11.3733,10.9438,10.9439,10.9442,10.7658,10.7659,10.7679
model.language_model.layers.2.self_attn.o_proj.weight,linear,attn,2,2560x2048,5242880,27,2.6036,10.6339,12.7331,12.7654,12.8159,12.9649,12.9942,13.0534,12.7385,12.7699,12.8199,12.4236,12.4686,12.5579,11.6253,11.6279,11.6319,11.3942,11.3965,11.398,11.0058,11.0072,11.0095,10.8591,10.8622,10.8664,12.0847,12.1034,12.1344,12.3772,12.4217,12.5096,12.0876,12.1068,12.1397,11.7069,11.7476,11.8275,11.7424,11.7432,11.7522,11.3125,11.313,11.3137,10.9038,10.9042,10.905,10.7771,10.7792,10.7823,11.6589,11.6732,11.6997,12.3147,12.3589,12.4217,11.665,11.6792,11.7073,11.2778,11.3149,11.3841,11.9189,11.9243,11.934,11.2786,11.2791,11.2798,10.853,10.8532,10.8533,10.7392,10.741,10.7431
model.language_model.layers.2.self_attn.q_proj.weight,linear,attn,2,2048x2560,5242880,27,2.6142,10.6579,12.791,12.7909,12.8514,13.0109,13.0109,13.057,12.7952,12.7951,12.8551,12.4971,12.4971,12.5692,11.6804,11.6809,11.6844,11.4374,11.4369,11.4387,11.017,11.017,11.0188,10.8565,10.8564,10.8616,12.1149,12.1147,12.1506,12.4441,12.4447,12.5361,12.1186,12.1183,12.1546,11.7732,11.7733,11.8459,11.8076,11.8095,11.8129,11.359,11.3592,11.3586,10.9133,10.9134,10.9143,10.7737,10.7738,10.7778,11.6804,11.6808,11.712,12.375,12.3766,12.4739,11.6864,11.6864,11.7171,11.3392,11.3399,11.4069,11.9688,11.9704,11.9767,11.3276,11.3277,11.3276,10.8618,10.8619,10.8621,10.7338,10.7341,10.7365
model.language_model.layers.2.self_attn.v_proj.weight,linear,attn,2,512x2560,1310720,25,2.5936,10.6252,12.8111,12.8138,12.8148,13.0222,13.0242,13.028,12.8161,12.8184,12.8194,12.5211,12.5225,12.5274,11.6594,11.658,11.659,11.4185,11.4193,11.4177,10.9932,10.993,10.9932,10.8542,10.8542,10.8542,12.1312,12.1311,12.1326,12.4901,12.4893,12.5005,12.1351,12.1348,12.1365,11.8047,11.8056,11.8108,11.7876,11.7836,11.7855,11.34,11.3394,11.3387,10.8887,10.8884,10.8886,10.7715,10.7715,10.7716,11.6976,11.6974,11.6996,12.4386,12.4342,12.4389,11.703,11.7027,11.7055,11.3704,11.3707,11.3746,11.9619,11.9573,11.9538,11.3084,11.3081,11.3072,10.8364,10.8364,10.8364,10.7321,10.7322,10.7317
model.language_model.layers.20.mlp.down_proj.weight,linear,mlp,20,2560x10240,26214400,31,2.6287,10.6628,12.8248,12.825,12.8571,13.0597,13.0608,13.0855,12.8289,12.829,12.8608,12.5617,12.5625,12.6053,11.6661,11.6667,11.6726,11.4215,11.4216,11.4235,11.0527,11.0528,11.0535,10.8931,10.8932,10.8964,12.1404,12.1405,12.1586,12.5279,12.5279,12.573,12.1448,12.1449,12.1638,11.835,11.8353,11.876,11.7899,11.7903,11.8015,11.3398,11.3397,11.3406,10.9485,10.9485,10.9488,10.8081,10.8082,10.8111,11.7074,11.707,11.7209,12.4433,12.443,12.4823,11.7134,11.7131,11.7272,11.3945,11.3945,11.4315,11.9597,11.9596,11.9752,11.3059,11.306,11.3072,10.8968,10.8968,10.8972,10.7685,10.7685,10.771
model.language_model.layers.20.mlp.gate_proj.weight,linear,mlp,20,10240x2560,26214400,30,2.6694,10.6991,12.8194,12.8195,12.9193,13.0387,13.0389,13.1409,12.8226,12.8227,12.9211,12.5434,12.5435,12.6898,11.7629,11.7626,11.7715,11.4548,11.4547,11.4724,11.1109,11.111,11.1145,10.904,10.9041,10.9115,12.1276,12.1274,12.1835,12.4751,12.4744,12.6361,12.1316,12.1313,12.1875,11.8121,11.8118,11.9475,11.8894,11.8889,11.9038,11.3623,11.362,11.3793,11.008,11.0079,11.0105,10.8205,10.8205,10.8257,11.688,11.6878,11.7379,12.3985,12.3972,12.539,11.6938,11.6936,11.7414,11.3754,11.3753,11.504,12.019,12.0177,12.0309,11.3207,11.3205,11.3353,10.957,10.9569,10.9582,10.7777,10.7776,10.7806
model.language_model.layers.20.mlp.up_proj.weight,linear,mlp,20,10240x2560,26214400,30,2.6332,10.6676,12.8271,12.8265,12.8767,13.0351,13.0351,13.0762,12.8302,12.8295,12.879,12.5423,12.542,12.6069,11.7044,11.7039,11.737,11.438,11.438,11.4454,11.052,11.052,11.0539,10.8709,10.8707,10.8751,12.128,12.128,12.1543,12.4683,12.467,12.542,12.1315,12.1315,12.1576,11.8111,11.811,11.8734,11.8169,11.8161,11.8692,11.3414,11.3413,11.3477,10.9485,10.9484,10.9502,10.7877,10.7876,10.7917,11.6856,11.6854,11.7078,12.3974,12.3972,12.4756,11.6905,11.6904,11.7115,11.3771,11.377,11.4375,11.9684,11.9675,12.0132,11.2972,11.2972,11.3019,10.8968,10.8968,10.8979,10.7458,10.7458,10.7485
model.language_model.layers.20.per_layer_input_gate.weight,linear,ple_proj,20,256x2560,655360,25,2.7802,10.8265,13.0469,13.0461,13.0663,13.3412,13.3447,13.3615,13.049,13.0485,13.0684,12.9174,12.9197,12.956,11.8497,11.8516,11.8511,11.5698,11.5701,11.5725,11.2963,11.2967,11.2969,11.0258,11.026,11.0276,12.2754,12.2779,12.2858,12.8755,12.8893,12.9092,12.2823,12.2842,12.2929,12.1458,12.1511,12.1849,11.9652,11.9765,11.9746,11.5001,11.5022,11.5042,11.1917,11.1921,11.1922,10.9353,10.9362,10.937,11.8355,11.8389,11.8434,12.6416,12.6484,12.6543,11.8387,11.8414,11.8466,11.6764,11.6823,11.7152,12.061,12.0624,12.0583,11.4667,11.4677,11.4697,11.1398,11.14,11.1401,10.8891,10.8893,10.8894
model.language_model.layers.20.per_layer_projection.weight,linear,ple_proj,20,2560x256,655360,26,3.2269,11.2621,13.0059,12.9934,13.6481,13.3318,13.3099,14.3641,13.009,12.9967,13.6529,12.8648,12.8581,14.1259,11.9712,11.971,12.221,11.7571,11.7562,12.0173,12.291,12.2908,12.3038,11.3986,11.3988,11.5052,12.271,12.2644,12.7971,12.7962,12.7843,13.5149,12.2746,12.2691,12.7984,12.1131,12.1048,13.3009,12.0406,12.0351,12.2121,11.6979,11.6971,11.9679,12.1877,12.1881,12.1974,11.31,11.3106,11.4161,11.8291,11.8292,12.3613,12.5668,12.5655,12.8795,11.833,11.8334,12.3613,11.6473,11.6481,12.7938,12.1679,12.1638,12.2394,11.6831,11.6833,11.9425,12.1379,12.1382,12.1443,11.2656,11.2658,11.3698
model.language_model.layers.20.self_attn.k_proj.weight,linear,attn,20,512x2560,1310720,24,2.7111,10.736,12.8505,12.8513,12.9777,13.0641,13.0668,13.2016,12.8534,12.8542,12.9795,12.5845,12.5858,12.7822,11.7734,11.7712,11.7981,11.4823,11.4827,11.5021,11.1827,11.1825,11.1856,10.9388,10.9388,10.9494,12.1425,12.143,12.2151,12.5127,12.511,12.7267,12.1469,12.1473,12.2197,11.8502,11.8498,12.0346,11.897,11.8917,11.9266,11.3974,11.3958,11.4128,11.079,11.0789,11.0811,10.8526,10.8527,10.8604,11.7,11.7005,11.7681,12.4282,12.4292,12.5905,11.7055,11.706,11.7708,11.4105,11.4097,11.5851,12.0194,12.0208,12.0435,11.3609,11.3602,11.3708,11.0278,11.0278,11.0289,10.809,10.809,10.8137
model.language_model.layers.20.self_attn.o_proj.weight,linear,attn,20,2560x2048,5242880,28,2.6688,10.7069,12.739,12.8709,12.9246,12.9671,13.0751,13.1423,12.7438,12.8741,12.927,12.4278,12.6079,12.6855,11.7165,11.7267,11.7476,11.4709,11.4754,11.4835,11.1106,11.1138,11.1161,10.8849,10.8971,10.9069,12.0866,12.1524,12.192,12.3761,12.533,12.6578,12.0896,12.1564,12.1962,11.71,11.8749,11.9502,11.8391,11.8548,11.8846,11.3959,11.3975,11.4044,11.0083,11.0102,11.0116,10.8027,10.8123,10.8195,11.6589,11.7092,11.7489,12.3122,12.4545,12.5555,11.6648,11.7138,11.7528,11.2808,11.4375,11.5054,11.9855,12.0039,12.0287,11.3642,11.3664,11.3716,10.9578,10.9585,10.9593,10.7627,10.7696,10.7745
model.language_model.layers.20.self_attn.q_proj.weight,linear,attn,20,2048x2560,5242880,28,2.7299,10.7548,12.8233,12.8235,13.0086,13.0437,13.0448,13.2189,12.8267,12.8269,13.0103,12.5497,12.5504,12.8284,11.7524,11.751,11.7875,11.4784,11.4779,11.5064,11.2244,11.2244,11.228,10.9554,10.9556,10.9693,12.1328,12.1331,12.2225,12.4934,12.4958,12.736,12.1369,12.1372,12.228,11.8215,11.8222,12.077,11.8685,11.8682,11.9186,11.3963,11.3959,11.4229,11.1207,11.1206,11.1234,10.8686,10.8685,10.8786,11.6951,11.6954,11.7744,12.4212,12.4221,12.5907,11.7008,11.7011,11.7779,11.3844,11.3838,11.6251,12.0044,12.0053,12.0398,11.3668,11.3667,11.3859,11.0697,11.0697,11.0711,10.8245,10.8245,10.831
model.language_model.layers.20.self_attn.v_proj.weight,linear,attn,20,512x2560,1310720,23,2.6159,10.659,12.8413,12.8388,12.8575,13.0386,13.0371,13.0457,12.8449,12.8421,12.8605,12.5527,12.5514,12.568,11.7107,11.7113,11.713,11.4339,11.434,11.4364,11.0322,11.0322,11.0324,10.8609,10.8606,10.8617,12.137,12.1363,12.1444,12.4916,12.4872,12.5083,12.1402,12.1397,12.1473,11.8256,11.8267,11.8433,11.8419,11.8425,11.8418,11.3401,11.3396,11.3415,10.9284,10.9284,10.9286,10.7778,10.7773,10.7781,11.6957,11.6943,11.7003,12.4388,12.4396,12.4512,11.6997,11.6985,11.7042,11.393,11.3929,11.4105,11.9886,11.9917,11.9916,11.2971,11.2972,11.2978,10.8762,10.8762,10.8764,10.7349,10.7349,10.7355
model.language_model.layers.21.mlp.down_proj.weight,linear,mlp,21,2560x10240,26214400,30,2.6551,10.6942,12.863,12.8634,12.8988,13.096,13.0966,13.1236,12.8666,12.867,12.9019,12.6149,12.6157,12.6621,11.6872,11.6875,11.7,11.4393,11.4393,11.4424,11.0894,11.0895,11.0903,10.9091,10.9091,10.9136,12.1606,12.1608,12.1796,12.5737,12.5723,12.6263,12.1655,12.1657,12.1851,11.8826,11.8827,11.927,11.811,11.8114,11.8323,11.3574,11.3573,11.3598,10.9851,10.9851,10.9856,10.8228,10.8228,10.8268,11.7232,11.7233,11.738,12.4713,12.4723,12.5201,11.7291,11.7291,11.7438,11.438,11.438,11.4797,11.9739,11.974,11.9976,11.3235,11.3236,11.3261,10.9334,10.9334,10.9339,10.782,10.782,10.7853
model.language_model.layers.21.mlp.gate_proj.weight,linear,mlp,21,10240x2560,26214400,28,2.7054,10.7324,12.8651,12.8661,12.9664,13.0838,13.0853,13.1999,12.8678,12.8688,12.968,12.6123,12.6137,12.7711,11.7885,11.789,11.7996,11.4796,11.4798,11.4981,11.1763,11.1763,11.1799,10.9407,10.9408,10.9482,12.1528,12.153,12.2116,12.545,12.545,12.7186,12.1573,12.1574,12.2163,11.876,11.8766,12.0219,11.9145,11.9146,11.931,11.3902,11.3904,11.4094,11.0731,11.0731,11.0757,10.8553,10.8553,10.86,11.7095,11.7098,11.7655,12.4563,12.4567,12.5856,11.7149,11.7151,11.7686,11.4352,11.4356,11.5725,12.0342,12.0341,12.0492,11.3503,11.3504,11.367,11.022,11.022,11.0233,10.8106,10.8106,10.8133
model.language_model.layers.21.mlp.up_proj.weight,linear,mlp,21,10240x2560,26214400,29,2.6651,10.6947,12.8675,12.8683,12.9202,13.0792,13.0799,13.1245,12.8702,12.8709,12.9222,12.6075,12.6085,12.6797,11.7485,11.749,11.7538,11.458,11.4582,11.4662,11.1065,11.1065,11.1083,10.9024,10.9023,10.9056,12.152,12.1522,12.1786,12.5384,12.5389,12.6133,12.1559,12.1561,12.1826,11.8723,11.8728,11.9404,11.8773,11.8778,11.8858,11.3673,11.3672,11.3739,11.0029,11.0029,11.0042,10.8174,10.8174,10.8196,11.7078,11.7079,11.7317,12.4596,12.4603,12.5265,11.7125,11.7126,11.7353,11.4335,11.434,11.498,12.0129,12.0139,12.0211,11.3276,11.3277,11.3318,10.9513,10.9513,10.9518,10.7734,10.7734,10.7745
model.language_model.layers.21.per_layer_input_gate.weight,linear,ple_proj,21,256x2560,655360,26,2.8175,10.8651,13.085,13.0893,13.1165,13.3909,13.3892,13.4201,13.0876,13.092,13.1188,12.9849,12.9876,13.0449,11.856,11.8548,11.8621,11.5932,11.5935,11.5949,11.374,11.374,11.3745,11.0683,11.0682,11.0703,12.2966,12.299,12.3099,12.9229,12.9238,12.9578,12.3042,12.3062,12.3185,12.2054,12.21,12.2639,11.9745,11.9702,11.9838,11.5327,11.5323,11.5334,11.2696,11.2696,11.2699,10.9764,10.9766,10.9778,11.8529,11.8557,11.8698,12.6528,12.6538,12.6712,11.8562,11.8593,11.8728,11.7304,11.7346,11.7904,12.056,12.0564,12.063,11.5002,11.5,11.5014,11.2178,11.2176,11.2181,10.9287,10.9287,10.9302
model.language_model.layers.21.per_layer_projection.weight,linear,ple_proj,21,2560x256,655360,28,3.4245,11.4711,12.9623,12.9764,14.0199,13.2384,13.2387,14.815,12.965,12.9782,14.0222,12.7867,12.7888,14.7774,12.1923,12.1955,12.3269,11.9748,11.9979,12.2065,12.7987,12.7992,12.816,11.6162,11.6204,11.7148,12.2358,12.2385,13.2403,12.7311,12.7721,13.6726,12.2389,12.2424,13.2404,12.0414,12.0504,13.9035,12.2258,12.2254,12.295,11.9701,11.966,12.1255,12.6999,12.7003,12.7099,11.5598,11.5645,11.6374,11.8004,11.7958,12.8016,12.6357,12.6162,12.971,11.8025,11.7983,12.8016,11.6055,11.6046,13.3508,12.3335,12.3283,12.3728,11.9592,11.9633,12.0849,12.6517,12.6518,12.6571,11.5373,11.5432,11.6039
model.language_model.layers.21.self_attn.k_proj.weight,linear,attn,21,512x2560,1310720,23,2.7554,10.7812,12.9059,12.9081,13.0312,13.1144,13.1155,13.2655,12.9082,12.9104,13.033,12.6718,12.6756,12.8888,11.7762,11.7764,11.812,11.492,11.4923,11.5069,11.2761,11.276,11.2783,10.9965,10.9963,11.0078,12.1687,12.1697,12.2363,12.5809,12.5844,12.7774,12.1739,12.1749,12.2415,11.9298,11.9328,12.1264,11.8937,11.8927,11.939,11.3997,11.4002,11.4153,11.1721,11.1721,11.1745,10.9101,10.9098,10.9185,11.7207,11.7213,11.7837,12.485,12.4861,12.604,11.7262,11.7265,11.7867,11.4859,11.4881,11.6726,12.0198,12.0164,12.0491,11.3579,11.3577,11.3715,11.1204,11.1207,11.1223,10.8649,10.8649,10.8709
model.language_model.layers.21.self_attn.o_proj.weight,linear,attn,21,2560x2048,5242880,26,2.7506,10.7752,12.7392,12.9449,13.0243,12.9644,13.187,13.2733,12.7444,12.9473,13.0259,12.4256,12.7445,12.8723,11.7842,11.8073,11.8422,11.474,11.5108,11.5291,11.2554,11.2593,11.2618,10.9672,10.9801,10.9946,12.0867,12.2057,12.2436,12.3754,12.6166,12.8066,12.0897,12.2099,12.2486,11.7087,11.9935,12.1165,11.8934,11.923,11.9657,11.3787,11.4175,11.4396,11.1526,11.1556,11.1574,10.8832,10.8954,10.9044,11.6588,11.7603,11.7952,12.3117,12.4836,12.6279,11.6645,11.7647,11.7978,11.2802,11.546,11.6631,12.0133,12.0349,12.0587,11.3355,11.3719,11.3952,11.1017,11.1037,11.1051,10.8405,10.8507,10.8564
model.language_model.layers.21.self_attn.q_proj.weight,linear,attn,21,2048x2560,5242880,27,2.7193,10.7426,12.8879,12.8885,12.9873,13.0882,13.0883,13.1931,12.8904,12.8911,12.9888,12.6386,12.6398,12.8024,11.7517,11.7534,11.7836,11.4703,11.4701,11.482,11.2119,11.212,11.2137,10.9581,10.958,10.967,12.1577,12.1579,12.205,12.548,12.5491,12.6854,12.1624,12.1625,12.2101,11.9015,11.9026,12.0493,11.8721,11.8742,11.9132,11.3761,11.3762,11.3869,11.1082,11.1083,11.1099,10.873,10.8732,10.879,11.711,11.7107,11.7524,12.4651,12.4654,12.563,11.7162,11.7162,11.7557,11.4617,11.4627,11.6026,12.0076,12.0092,12.0363,11.3332,11.3333,11.3423,11.0564,11.0564,11.0577,10.8287,10.8287,10.832
model.language_model.layers.21.self_attn.v_proj.weight,linear,attn,21,512x2560,1310720,24,2.7423,10.7764,12.9869,12.9854,13.0123,13.2287,13.2293,13.2549,12.989,12.9874,13.014,12.8066,12.8059,12.8599,11.8191,11.8212,11.8327,11.5138,11.5139,11.5153,11.2451,11.2449,11.2456,10.9912,10.9911,10.9939,12.2266,12.2255,12.2327,12.749,12.7445,12.7729,12.2318,12.2308,12.2386,12.0546,12.0524,12.1001,11.9402,11.9364,11.9592,11.4219,11.4216,11.4232,11.1413,11.1411,11.1414,10.9036,10.9032,10.9044,11.7812,11.7807,11.7841,12.5785,12.576,12.6035,11.7844,11.7839,11.7871,11.5991,11.5978,11.6456,12.0433,12.0421,12.0587,11.3766,11.3761,11.3773,11.0891,11.089,11.0892,10.8568,10.8565,10.857
model.language_model.layers.22.mlp.down_proj.weight,linear,mlp,22,2560x10240,26214400,31,2.6871,10.734,12.8626,12.8636,12.9479,13.083,13.0833,13.1686,12.8656,12.8666,12.9506,12.6071,12.6075,12.7348,11.7039,11.7041,11.7178,11.4549,11.4551,11.4588,11.1392,11.1392,11.1414,10.9305,10.9306,10.9367,12.154,12.154,12.2009,12.5509,12.5516,12.6766,12.1586,12.1585,12.2073,11.872,11.8722,11.99,11.8293,11.8286,11.8507,11.3736,11.3737,11.376,11.036,11.036,11.0369,10.8435,10.8435,10.8478,11.7125,11.7125,11.7546,12.4641,12.4652,12.5448,11.7179,11.7178,11.7605,11.4304,11.4305,11.5374,11.9834,11.9842,12.0074,11.3403,11.3404,11.3425,10.9847,10.9847,10.9853,10.8017,10.8018,10.8046
model.language_model.layers.22.mlp.gate_proj.weight,linear,mlp,22,10240x2560,26214400,29,2.6987,10.731,12.8273,12.8283,12.9518,13.051,13.0523,13.1908,12.8306,12.8317,12.9534,12.5583,12.5599,12.7566,11.724,11.725,11.8039,11.465,11.4652,11.4906,11.1673,11.1673,11.1713,10.9387,10.9387,10.9504,12.1345,12.135,12.204,12.4968,12.4994,12.7017,12.1386,12.1391,12.2085,11.8268,11.8278,12.0071,11.8292,11.8299,11.9348,11.373,11.3735,11.3971,11.0641,11.0641,11.0674,10.8552,10.8552,10.8639,11.6959,11.6964,11.7574,12.4166,12.4176,12.5744,11.7016,11.7022,11.7604,11.3885,11.3892,11.5592,11.9765,11.9764,12.0471,11.333,11.3331,11.3511,11.013,11.013,11.0151,10.8131,10.8132,10.8178
model.language_model.layers.22.mlp.up_proj.weight,linear,mlp,22,10240x2560,26214400,33,2.6527,10.6832,12.8303,12.8307,12.8955,13.0523,13.0521,13.1078,12.8332,12.8337,12.8973,12.5616,12.562,12.6515,11.7023,11.703,11.7363,11.4383,11.4381,11.4471,11.0878,11.0878,11.0897,10.8924,10.8924,10.8976,12.1333,12.1334,12.1654,12.4889,12.4896,12.5803,12.1372,12.1374,12.1691,11.827,11.8275,11.9107,11.8142,11.8137,11.8685,11.3432,11.3433,11.3514,10.9843,10.9843,10.9862,10.8091,10.809,10.8137,11.6922,11.6924,11.7182,12.4068,12.4068,12.5004,11.6977,11.6979,11.7218,11.3892,11.3898,11.4717,11.9671,11.9655,12.0127,11.3006,11.3006,11.3072,10.9327,10.9327,10.934,10.7666,10.7666,10.7697
model.language_model.layers.22.per_layer_input_gate.weight,linear,ple_proj,22,256x2560,655360,26,2.95,10.9732,12.9334,12.9406,13.2867,13.2005,13.2145,13.7168,12.9357,12.9426,13.29,12.7402,12.7539,13.3704,11.9261,11.929,12.0358,11.6432,11.6444,11.7164,11.6228,11.6229,11.6339,11.1429,11.1435,11.1763,12.2094,12.2139,12.4422,12.7295,12.7436,13.1979,12.2152,12.2193,12.4476,11.993,12.0022,12.5708,12.0166,12.0194,12.1019,11.5736,11.5741,11.637,11.5219,11.5217,11.5286,11.0548,11.0551,11.0779,11.7727,11.7746,11.9953,12.5864,12.5869,12.7495,11.7763,11.778,11.996,11.5433,11.5473,12.0809,12.0876,12.0874,12.1181,11.5387,11.539,11.5869,11.4725,11.4724,11.4761,11.0124,11.0128,11.0286
model.language_model.layers.22.per_layer_projection.weight,linear,ple_proj,22,2560x256,655360,27,3.207,11.2351,12.954,12.9586,13.6649,13.2704,13.253,14.5399,12.9553,12.9608,13.6659,12.7967,12.7879,14.0944,12.211,12.211,12.327,11.8191,11.8195,12.16,12.1721,12.1718,12.1855,11.2876,11.2877,11.4574,12.231,12.2372,12.9525,12.7921,12.8327,13.6464,12.2357,12.2412,12.9526,12.0361,12.0515,13.2942,12.2822,12.2769,12.3013,11.7303,11.7301,12.0925,12.0703,12.07,12.0789,11.1995,11.2,11.3655,11.7958,11.7969,12.5739,12.5965,12.653,12.9907,11.7997,11.7987,12.574,11.5947,11.6061,12.7418,12.382,12.3802,12.3814,11.6777,11.6774,12.0646,12.02,12.0204,12.0262,11.1557,11.1561,11.319
model.language_model.layers.22.self_attn.k_proj.weight,linear,attn,22,512x2560,1310720,27,2.8866,10.9125,13.0365,13.0373,13.2056,13.2502,13.2503,13.5545,13.0389,13.0396,13.2083,12.895,12.8958,13.21,11.8883,11.8852,11.9821,11.5759,11.5752,11.6577,11.5102,11.5101,11.5141,11.0935,11.0937,11.1254,12.2307,12.2318,12.371,12.7478,12.749,13.0953,12.2382,12.2391,12.3761,12.131,12.1353,12.4283,11.9982,11.9957,12.0745,11.486,11.4856,11.576,11.4055,11.4056,11.4087,11.0024,11.0027,11.0282,11.78,11.7797,11.9267,12.5792,12.5797,12.7246,11.7847,11.7844,11.9274,11.6777,11.6798,11.95,12.077,12.0746,12.1056,11.4409,11.4405,11.5263,11.3539,11.354,11.356,10.9547,10.9545,10.9783
model.language_model.layers.22.self_attn.o_proj.weight,linear,attn,22,2560x2048,5242880,28,2.6327,10.6812,12.7415,12.7997,12.878,12.9641,13.0159,13.0825,12.7465,12.8035,12.8811,12.4262,12.5063,12.6083,11.6886,11.692,11.7039,11.4461,11.4486,11.4533,11.0464,11.0486,11.0508,10.8619,10.8667,10.8773,12.0867,12.1181,12.1637,12.3727,12.4509,12.5681,12.0894,12.1217,12.1677,11.7086,11.7819,11.8802,11.811,11.8161,11.8347,11.3702,11.3713,11.3734,10.9437,10.9449,10.9463,10.7802,10.7836,10.7922,11.6573,11.6832,11.7222,12.3054,12.3827,12.5015,11.6631,11.6884,11.7268,11.2805,11.3487,11.4402,11.9687,11.9757,11.9917,11.339,11.3403,11.3419,10.893,10.8934,10.894,10.7412,10.7437,10.7495
model.language_model.layers.22.self_attn.q_proj.weight,linear,attn,22,2048x2560,5242880,27,2.7974,10.8198,13.0047,13.0047,13.0897,13.2062,13.206,13.3326,13.0067,13.0066,13.0916,12.8346,12.8353,12.9866,11.8277,11.8273,11.8416,11.5282,11.5284,11.5536,11.3516,11.3517,11.3553,11.0326,11.0326,11.0395,12.2104,12.2109,12.271,12.6912,12.6923,12.8677,12.2175,12.2179,12.2774,12.0758,12.0782,12.2215,11.9461,11.946,11.9669,11.4447,11.4449,11.476,11.2478,11.2479,11.2505,10.9418,10.9418,10.9463,11.7578,11.7579,11.8232,12.5461,12.547,12.6432,11.7632,11.7632,11.8261,11.6256,11.6266,11.7605,12.0469,12.0485,12.0589,11.4092,11.4094,11.4373,11.1967,11.1967,11.1982,10.8942,10.8943,10.8977
model.language_model.layers.22.self_attn.v_proj.weight,linear,attn,22,512x2560,1310720,24,2.8411,10.8888,13.1083,13.1117,13.1462,13.4275,13.4301,13.4712,13.1105,13.1141,13.1486,13.0251,13.03,13.1042,11.9096,11.9068,11.9115,11.6108,11.6101,11.6123,11.4183,11.4184,11.4187,11.0866,11.0867,11.0879,12.3182,12.3194,12.3327,12.9828,12.9873,13.0091,12.3242,12.3258,12.3395,12.2536,12.2563,12.3209,12.0162,12.0157,12.0203,11.5373,11.537,11.539,11.3137,11.3137,11.3138,10.9928,10.9926,10.9931,11.8776,11.8799,11.8892,12.6871,12.6872,12.69,11.8793,11.8818,11.8911,11.7791,11.7817,11.8446,12.0763,12.075,12.0765,11.4961,11.496,11.4965,11.2617,11.2617,11.2616,10.9444,10.9441,10.9442
model.language_model.layers.23.mlp.down_proj.weight,linear,mlp,23,2560x10240,26214400,29,2.5985,10.6285,12.7867,12.7868,12.8066,13.0235,13.0235,13.0466,12.7913,12.7914,12.8109,12.511,12.5109,12.5441,11.6306,11.6307,11.6366,11.3976,11.3977,11.3994,11.0025,11.0026,11.0034,10.8623,10.8623,10.8647,12.1197,12.1198,12.1325,12.4739,12.4755,12.5106,12.124,12.1241,12.1374,11.7888,11.7887,11.8188,11.749,11.7497,11.7598,11.3151,11.3152,11.3167,10.8983,10.8984,10.8988,10.7787,10.7786,10.7806,11.6902,11.6901,11.701,12.4017,12.4023,12.4303,11.697,11.697,11.7082,11.3503,11.35,11.377,11.9297,11.9296,11.9417,11.2818,11.2817,11.2832,10.8468,10.8468,10.8471,10.7403,10.7402,10.7419
model.language_model.layers.23.mlp.gate_proj.weight,linear,mlp,23,10240x2560,26214400,29,2.6536,10.6877,12.783,12.7829,12.9061,13.0052,13.0062,13.1181,12.7868,12.7866,12.9085,12.4909,12.4916,12.6564,11.7279,11.7282,11.7361,11.4424,11.4428,11.4666,11.0818,11.0818,11.0869,10.8815,10.8815,10.8917,12.1083,12.1085,12.178,12.4253,12.4268,12.615,12.1119,12.112,12.1822,11.7641,11.7649,11.9195,11.8547,11.855,11.8684,11.3571,11.3571,11.3815,10.979,10.9791,10.9826,10.7987,10.7987,10.8057,11.6728,11.6732,11.7341,12.3577,12.3599,12.529,11.6789,11.679,11.7381,11.3307,11.3311,11.4758,11.9974,11.9982,12.0116,11.3234,11.3237,11.3451,10.9286,10.9286,10.9302,10.7574,10.7575,10.7613
model.language_model.layers.23.mlp.up_proj.weight,linear,mlp,23,10240x2560,26214400,29,2.6194,10.6668,12.7937,12.7938,12.8617,13.0019,13.002,13.0609,12.7975,12.7976,12.865,12.4925,12.4925,12.5798,11.6946,11.6951,11.6989,11.4279,11.4278,11.4422,11.0276,11.0276,11.0311,10.8576,10.8575,10.8634,12.1108,12.1108,12.1524,12.4207,12.4222,12.5366,12.114,12.114,12.156,11.7667,11.7671,11.8536,11.8232,11.8223,11.8295,11.3427,11.3426,11.3569,10.9242,10.9242,10.9268,10.7751,10.775,10.7794,11.672,11.672,11.7107,12.3587,12.36,12.4766,11.6773,11.6773,11.7151,11.3357,11.3359,11.4162,11.98,11.9792,11.9877,11.3111,11.3111,11.3212,10.8733,10.8733,10.8745,10.7346,10.7346,10.737
model.language_model.layers.23.per_layer_input_gate.weight,linear,ple_proj,23,256x2560,655360,24,2.6885,10.7196,12.8895,12.8891,12.9451,13.1513,13.1476,13.1936,12.8917,12.8917,12.9468,12.6629,12.661,12.7357,11.7801,11.788,11.7868,11.4968,11.4978,11.5022,11.1364,11.1367,11.1378,10.9209,10.9216,10.9233,12.1896,12.1881,12.212,12.6808,12.6764,12.7315,12.1938,12.192,12.2169,11.9277,11.9257,11.993,11.9117,11.9215,11.9216,11.418,11.4205,11.4243,11.0322,11.0324,11.0332,10.8344,10.8346,10.8359,11.7523,11.752,11.77,12.5717,12.5745,12.588,11.7554,11.7551,11.7736,11.4823,11.4809,11.5402,12.0411,12.0431,12.0356,11.3859,11.3859,11.3864,10.9805,10.9805,10.9805,10.7898,10.7895,10.7899
model.language_model.layers.23.per_layer_projection.weight,linear,ple_proj,23,2560x256,655360,25,2.7342,10.7771,12.8466,12.8493,13.0051,13.068,13.0659,13.2319,12.8494,12.8523,13.0073,12.5927,12.5933,12.8453,11.7031,11.7015,11.7327,11.4583,11.4557,11.4664,11.2283,11.2283,11.2324,10.9593,10.9581,10.9839,12.1431,12.1422,12.2196,12.5234,12.5211,12.7241,12.1474,12.1467,12.2271,11.8601,11.8578,12.0786,11.8202,11.8203,11.8674,11.3738,11.3719,11.3807,11.1274,11.127,11.1286,10.8753,10.8746,10.8934,11.6998,11.7002,11.7645,12.4332,12.4359,12.5544,11.7057,11.7056,11.7704,11.42,11.4198,11.624,11.9818,11.9767,12.0144,11.3363,11.3354,11.3449,11.0766,11.0763,11.0771,10.8332,10.8331,10.8481
model.language_model.layers.23.self_attn.k_proj.weight,linear,attn,23,1024x2560,2621440,26,2.92,10.954,13.0418,13.0438,13.2449,13.2719,13.2725,13.6111,13.0438,13.0461,13.2482,12.8976,12.9014,13.2983,11.859,11.8603,11.9868,11.5971,11.5984,11.6826,11.5953,11.5953,11.5983,11.1455,11.1457,11.1726,12.2446,12.2441,12.3938,12.7881,12.7886,13.1223,12.2521,12.2517,12.4,12.1341,12.1359,12.5058,11.9567,11.9571,12.0705,11.5301,11.532,11.6099,11.4908,11.491,11.493,11.0541,11.0545,11.0757,11.7962,11.7962,11.9511,12.5987,12.598,12.7235,11.8008,11.8009,11.9521,11.6731,11.6757,12.0247,12.0531,12.0533,12.0972,11.5067,11.507,11.5636,11.4399,11.4398,11.4406,11.0087,11.0088,11.0261
model.language_model.layers.23.self_attn.o_proj.weight,linear,attn,23,2560x4096,10485760,27,2.6242,10.6603,12.7416,12.7983,12.8507,12.9686,13.0164,13.0679,12.7464,12.8015,12.8527,12.4307,12.5156,12.5919,11.6289,11.6354,11.6632,11.3939,11.397,11.4081,11.0497,11.0503,11.0516,10.8666,10.8711,10.8757,12.0861,12.1124,12.1389,12.3692,12.4293,12.5047,12.0892,12.1163,12.1426,11.7094,11.7835,11.8507,11.7371,11.7461,11.7877,11.3014,11.3023,11.3134,10.9467,10.9471,10.9486,10.7861,10.7899,10.7944,11.6565,11.6731,11.6925,12.3004,12.3528,12.43,11.6626,11.6795,11.6972,11.2796,11.3483,11.4147,11.9146,11.9262,11.9634,11.2617,11.2624,11.2724,10.8951,10.8955,10.8968,10.7463,10.749,10.7527
model.language_model.layers.23.self_attn.q_proj.weight,linear,attn,23,4096x2560,10485760,28,2.8193,10.8454,13.0088,13.0113,13.1194,13.2369,13.2379,13.3911,13.011,13.0132,13.1218,12.8417,12.8452,13.0449,11.8267,11.8268,11.8487,11.5722,11.5725,11.5805,11.3893,11.3894,11.3918,11.0533,11.0536,11.0603,12.2266,12.2276,12.2972,12.7441,12.7457,12.9265,12.2336,12.2348,12.3049,12.0822,12.086,12.2702,11.9434,11.9414,11.9721,11.5055,11.5053,11.5151,11.2858,11.2858,11.2869,10.9618,10.9618,10.9662,11.7759,11.7769,11.8528,12.5791,12.5782,12.6615,11.7807,11.7819,11.8558,11.6262,11.6294,11.8017,12.045,12.0429,12.0607,11.4736,11.4734,11.4829,11.2344,11.2344,11.235,10.9153,10.9152,10.9179
model.language_model.layers.23.self_attn.v_proj.weight,linear,attn,23,1024x2560,2621440,25,2.8275,10.8665,13.1213,13.1235,13.1289,13.4191,13.4212,13.4296,13.1237,13.1259,13.1314,13.0545,13.0581,13.0683,11.8801,11.8785,11.8805,11.5975,11.5966,11.5977,11.3983,11.3984,11.3988,11.0782,11.0782,11.079,12.3099,12.3117,12.3134,12.9512,12.9529,12.9681,12.3169,12.3186,12.3209,12.2764,12.2784,12.2877,11.9982,11.9955,11.9966,11.5287,11.5287,11.5283,11.2939,11.2939,11.2938,10.9856,10.9857,10.9856,11.8654,11.8678,11.8704,12.6671,12.6688,12.6778,11.8678,11.87,11.8727,11.8041,11.8067,11.8145,12.0707,12.0704,12.0721,11.4915,11.4917,11.4916,11.2418,11.2418,11.2418,10.9373,10.9374,10.9373
model.language_model.layers.24.mlp.down_proj.weight,linear,mlp,24,2560x10240,26214400,30,2.5917,10.6274,12.7772,12.7777,12.7938,13.0198,13.0195,13.0357,12.7805,12.781,12.7968,12.5068,12.5065,12.5342,11.5981,11.598,11.6044,11.3771,11.377,11.3785,10.9897,10.9897,10.9901,10.8389,10.8389,10.8408,12.1064,12.1068,12.1143,12.4306,12.4312,12.4511,12.1109,12.1113,12.1191,11.772,11.7718,11.7955,11.7053,11.7058,11.7159,11.288,11.2881,11.2892,10.8862,10.8862,10.8865,10.7565,10.7565,10.758,11.6724,11.6725,11.6774,12.3422,12.3421,12.3635,11.6798,11.6799,11.6847,11.3329,11.3329,11.3553,11.8918,11.8931,11.9054,11.2515,11.2516,11.2528,10.8349,10.8349,10.8352,10.7172,10.7172,10.7183
model.language_model.layers.24.mlp.gate_proj.weight,linear,mlp,24,10240x2560,26214400,30,2.6625,10.6969,12.7925,12.7934,12.9173,13.0113,13.0118,13.1355,12.7961,12.7968,12.9196,12.5025,12.5034,12.6752,11.7315,11.732,11.7424,11.4469,11.4469,11.4763,11.0953,11.0954,11.1009,10.8862,10.8863,10.8993,12.1121,12.112,12.1867,12.4314,12.4315,12.6411,12.1157,12.1156,12.1912,11.7743,11.7742,11.9374,11.8578,11.8583,11.8743,11.3604,11.3602,11.3943,10.9926,10.9927,10.9965,10.8036,10.8037,10.8128,11.674,11.6741,11.7434,12.3625,12.3636,12.5457,11.6799,11.6799,11.7474,11.3402,11.3403,11.4919,11.9994,12.0003,12.0148,11.3253,11.3252,11.36,10.9422,10.9422,10.9442,10.7624,10.7624,10.7681
model.language_model.layers.24.mlp.up_proj.weight,linear,mlp,24,10240x2560,26214400,29,2.606,10.6495,12.7986,12.7992,12.8397,13.0012,13.0015,13.043,12.8029,12.8035,12.8437,12.4917,12.4924,12.5497,11.6812,11.6813,11.6828,11.4252,11.4251,11.4354,11.0038,11.0038,11.0064,10.8489,10.849,10.8538,12.1166,12.1167,12.1437,12.4379,12.4377,12.5155,12.1196,12.1196,12.1472,11.7725,11.7725,11.8287,11.8091,11.8097,11.8125,11.3425,11.3425,11.3542,10.9004,10.9004,10.902,10.7673,10.7674,10.7707,11.679,11.679,11.7053,12.3892,12.3891,12.4624,11.6836,11.6836,11.7101,11.3426,11.3427,11.3932,11.9727,11.9735,11.9781,11.3104,11.3105,11.3219,10.849,10.8491,10.8498,10.7278,10.7278,10.7298
model.language_model.layers.24.per_layer_input_gate.weight,linear,ple_proj,24,256x2560,655360,24,2.6719,10.7027,12.8168,12.8179,12.923,13.0536,13.0571,13.1525,12.8202,12.8209,12.9247,12.5477,12.5501,12.6957,11.7551,11.7558,11.7745,11.4634,11.4633,11.4854,11.1103,11.1104,11.1135,10.9018,10.9017,10.9102,12.1399,12.1383,12.1929,12.536,12.5261,12.665,12.143,12.1422,12.1971,11.8228,11.8215,11.9551,11.8867,11.8811,11.9061,11.3761,11.3743,11.3989,11.0071,11.0068,11.0089,10.8175,10.817,10.8234,11.7044,11.7041,11.7498,12.4597,12.4586,12.5632,11.7085,11.7087,11.753,11.3856,11.3844,11.5091,12.0155,12.014,12.0319,11.337,11.3367,11.3589,10.9554,10.9554,10.9566,10.7744,10.774,10.7783
model.language_model.layers.24.per_layer_projection.weight,linear,ple_proj,24,2560x256,655360,26,2.8266,10.8593,12.7632,12.7649,13.1272,12.9945,12.9955,13.4869,12.7681,12.7697,13.13,12.4683,12.4721,13.0725,11.6857,11.6854,11.8912,11.4685,11.4692,11.6031,11.3673,11.3673,11.3745,10.9817,10.9818,11.0639,12.0993,12.1011,12.3424,12.4151,12.4194,13.0322,12.103,12.1044,12.3498,11.7473,11.7488,12.2887,11.7864,11.7865,12.0137,11.3836,11.3837,11.5358,11.2667,11.2668,11.2701,10.8988,10.8996,10.9706,11.6698,11.6723,11.9043,12.336,12.3485,12.6994,11.676,11.6785,11.9063,11.3149,11.316,11.8088,11.9482,11.947,12.0894,11.3477,11.3471,11.4989,11.2161,11.2163,11.2181,10.8613,10.8613,10.9237
model.language_model.layers.24.self_attn.k_proj.weight,linear,attn,24,512x2560,1310720,22,2.4929,10.5558,12.7014,12.702,12.7025,12.8903,12.8909,12.8873,12.7074,12.7077,12.7087,12.3206,12.3217,12.3202,11.4896,11.4886,11.4873,11.3242,11.3252,11.324,10.8408,10.8407,10.8406,10.7411,10.7414,10.7413,12.0486,12.049,12.0485,12.2109,12.2126,12.2154,12.0508,12.0509,12.0506,11.6012,11.6015,11.6017,11.5575,11.5576,11.5556,11.2246,11.225,11.2253,10.7382,10.7382,10.738,10.6644,10.6646,10.6638,11.6097,11.6101,11.6099,12.091,12.0878,12.0849,11.616,11.6159,11.6162,11.1797,11.1792,11.1801,11.7416,11.7441,11.7364,11.1804,11.1811,11.1806,10.6871,10.6871,10.6871,10.63,10.6299,10.6299
model.language_model.layers.24.self_attn.o_proj.weight,linear,attn,24,2560x2048,5242880,26,2.6176,10.6648,12.7412,12.8032,12.8575,12.9673,13.0058,13.0534,12.7463,12.8072,12.8608,12.4287,12.5011,12.5714,11.6921,11.6972,11.7062,11.4187,11.4283,11.439,11.0254,11.0268,11.0285,10.8506,10.8556,10.8622,12.0883,12.1178,12.1489,12.3789,12.4377,12.5249,12.0913,12.121,12.1522,11.7117,11.7792,11.8478,11.8182,11.8262,11.8389,11.3299,11.3385,11.35,10.9219,10.9231,10.9245,10.7689,10.7732,10.7787,11.6596,11.6791,11.7066,12.3145,12.3837,12.473,11.6655,11.6841,11.7105,11.2829,11.348,11.4131,11.974,11.983,11.9959,11.2938,11.2996,11.311,10.8707,10.8713,10.8721,10.7293,10.7324,10.7365
model.language_model.layers.24.self_attn.q_proj.weight,linear,attn,24,2048x2560,5242880,27,2.6321,10.6755,12.7979,12.7976,12.8755,13.0062,13.0057,13.0835,12.8017,12.8013,12.8787,12.4977,12.4974,12.6031,11.7103,11.7096,11.7256,11.4346,11.4347,11.4553,11.0487,11.0486,11.0514,10.862,10.8622,10.8731,12.1145,12.114,12.1638,12.4326,12.4319,12.5762,12.1176,12.117,12.1672,11.7734,11.7735,11.8756,11.8384,11.8357,11.8594,11.3406,11.3404,11.3685,10.9452,10.9451,10.9473,10.7799,10.7798,10.7889,11.6757,11.6762,11.7214,12.3784,12.3757,12.507,11.6808,11.6811,11.7252,11.3428,11.3428,11.4385,11.9914,11.9885,12.0072,11.2985,11.2984,11.3301,10.8935,10.8934,10.8949,10.7387,10.7387,10.7459
model.language_model.layers.24.self_attn.v_proj.weight,linear,attn,24,512x2560,1310720,21,2.4916,10.5548,12.7022,12.6977,12.6994,12.891,12.8874,12.8911,12.7079,12.7042,12.7052,12.3206,12.3179,12.3202,11.4916,11.4907,11.4915,11.326,11.3241,11.3253,10.8386,10.8383,10.8386,10.7402,10.7396,10.7397,12.0487,12.0489,12.0488,12.2152,12.213,12.2164,12.0507,12.0511,12.0507,11.6008,11.6001,11.6006,11.561,11.5622,11.5641,11.226,11.2257,11.2257,10.7361,10.7361,10.7362,10.663,10.6629,10.6632,11.6102,11.61,11.6105,12.0899,12.0825,12.089,11.616,11.6161,11.6165,11.178,11.1776,11.1776,11.7432,11.7455,11.7487,11.181,11.181,11.1815,10.6848,10.6848,10.6848,10.6286,10.6285,10.6286
model.language_model.layers.25.mlp.down_proj.weight,linear,mlp,25,2560x10240,26214400,31,2.5796,10.616,12.763,12.7628,12.775,13.0097,13.0098,13.0233,12.7664,12.7665,12.7781,12.4894,12.4895,12.511,11.5892,11.5887,11.5937,11.3712,11.3711,11.3726,10.9715,10.9714,10.9718,10.828,10.8277,10.8292,12.1002,12.1002,12.1065,12.4185,12.4187,12.4358,12.1047,12.1047,12.1113,11.7569,11.757,11.775,11.6946,11.6946,11.7022,11.2829,11.283,11.2839,10.8679,10.8679,10.8681,10.7455,10.7455,10.7465,11.6689,11.6688,11.673,12.3307,12.3298,12.3452,11.6766,11.6766,11.6808,11.3179,11.318,11.3346,11.8837,11.8829,11.8921,11.2469,11.2469,11.2479,10.8166,10.8166,10.8168,10.7067,10.7065,10.7074
model.language_model.layers.25.mlp.gate_proj.weight,linear,mlp,25,10240x2560,26214400,29,2.6049,10.6549,12.763,12.7628,12.8401,12.9729,12.9725,13.0427,12.7673,12.767,12.8438,12.4455,12.4447,12.5458,11.6918,11.6915,11.6962,11.4189,11.419,11.4356,11.0012,11.0011,11.0052,10.8403,10.8404,10.8485,12.0942,12.0939,12.1436,12.3754,12.3741,12.5138,12.097,12.0967,12.1467,11.7238,11.7232,11.8235,11.8197,11.8192,11.8269,11.3289,11.3286,11.3482,10.8983,10.8982,10.9011,10.7596,10.7597,10.7657,11.6584,11.6583,11.7034,12.3129,12.3131,12.4621,11.6637,11.6635,11.7076,11.2959,11.2955,11.3889,11.9785,11.9784,11.9855,11.2914,11.2913,11.3103,10.8474,10.8474,10.8488,10.7206,10.7206,10.7244
model.language_model.layers.25.mlp.up_proj.weight,linear,mlp,25,10240x2560,26214400,30,2.5631,10.5974,12.7603,12.7606,12.7739,12.9676,12.9681,12.9786,12.7661,12.7663,12.7796,12.4375,12.438,12.4548,11.6576,11.6577,11.658,11.4027,11.4028,11.4054,10.9402,10.9403,10.9408,10.8177,10.8179,10.8192,12.0997,12.0999,12.1084,12.4023,12.4027,12.4251,12.1022,12.1023,12.1109,11.7288,11.7289,11.7458,11.7853,11.7856,11.7862,11.3171,11.3173,11.32,10.8365,10.8365,10.837,10.7377,10.7378,10.739,11.67,11.6701,11.6776,12.3645,12.3642,12.3917,11.6744,11.6745,11.6817,11.3041,11.3041,11.32,11.9572,11.9569,11.9591,11.2791,11.279,11.2818,10.7844,10.7844,10.7847,10.7,10.6998,10.7008
model.language_model.layers.25.per_layer_input_gate.weight,linear,ple_proj,25,256x2560,655360,24,2.6213,10.6572,12.7934,12.7942,12.8297,13.0405,13.0432,13.0897,12.7969,12.7975,12.8323,12.527,12.5276,12.5947,11.6549,11.6545,11.6788,11.4046,11.4058,11.4158,11.0287,11.0291,11.0302,10.863,10.8639,10.8679,12.1238,12.1235,12.1455,12.4925,12.4901,12.5521,12.1276,12.1272,12.1497,11.7979,11.7967,11.8545,11.7775,11.7752,11.8102,11.317,11.318,11.3277,10.9257,10.9255,10.9265,10.7807,10.7806,10.7846,11.6914,11.6911,11.7094,12.4214,12.4225,12.4782,11.6974,11.6965,11.7144,11.3588,11.3603,11.4134,11.9597,11.9591,11.9839,11.2798,11.2806,11.2896,10.874,10.8742,10.8745,10.7406,10.7408,10.7433
model.language_model.layers.25.per_layer_projection.weight,linear,ple_proj,25,2560x256,655360,24,2.8762,10.9039,12.8178,12.8188,13.1924,13.039,13.0404,13.6228,12.8211,12.822,13.1959,12.5479,12.5496,13.196,11.6992,11.698,11.9676,11.4784,11.4788,11.6718,11.4587,11.4582,11.4644,11.0107,11.0101,11.1085,12.1256,12.1255,12.4069,12.4682,12.4685,13.1524,12.13,12.1298,12.4135,11.8152,11.8143,12.4007,11.8023,11.7985,12.0668,11.3885,11.3887,11.6087,11.3568,11.3565,11.3597,10.9267,10.9265,11.0133,11.6861,11.6859,11.9724,12.3947,12.3901,12.7351,11.6924,11.6926,11.9735,11.3768,11.3754,11.9115,11.9651,11.9646,12.1146,11.3516,11.352,11.5676,11.3059,11.3059,11.3073,10.8879,10.8879,10.9654
model.language_model.layers.25.self_attn.k_proj.weight,linear,attn,25,512x2560,1310720,21,2.4945,10.5555,12.7053,12.7055,12.7015,12.8979,12.8979,12.8979,12.7103,12.7106,12.7071,12.3281,12.3278,12.3264,11.4971,11.4976,11.4977,11.3284,11.3273,11.3279,10.838,10.8378,10.8378,10.7404,10.7404,10.7399,12.0517,12.0511,12.0509,12.2239,12.2211,12.2248,12.054,12.0532,12.0529,11.6057,11.6051,11.6046,11.5673,11.5706,11.5709,11.2283,11.2278,11.229,10.7353,10.7354,10.7352,10.6632,10.6636,10.6632,11.6135,11.6128,11.6134,12.1005,12.1053,12.1083,11.6197,11.6188,11.6191,11.1819,11.1815,11.1822,11.7538,11.7568,11.7581,11.1842,11.1844,11.1846,10.6841,10.6839,10.6841,10.6287,10.6286,10.6288
model.language_model.layers.25.self_attn.o_proj.weight,linear,attn,25,2560x2048,5242880,27,2.5961,10.6321,12.7383,12.7962,12.8191,12.9675,13.0066,13.0293,12.7436,12.8011,12.8235,12.4285,12.4964,12.5271,11.6603,11.6642,11.6716,11.4219,11.4235,11.4265,10.9893,10.9907,10.9918,10.842,10.8463,10.8503,12.0874,12.1207,12.1364,12.3831,12.4598,12.5037,12.0905,12.124,12.14,11.7122,11.7801,11.8113,11.7843,11.7909,11.8001,11.3449,11.345,11.347,10.8858,10.8867,10.8872,10.7607,10.7644,10.7678,11.6615,11.6878,11.7025,12.3201,12.408,12.4543,11.6674,11.6929,11.7075,11.2832,11.3481,11.3772,11.953,11.9601,11.9694,11.3131,11.3134,11.3151,10.8344,10.8346,10.835,10.7224,10.7252,10.7281
model.language_model.layers.25.self_attn.q_proj.weight,linear,attn,25,2048x2560,5242880,27,2.6376,10.6782,12.7789,12.7778,12.8817,12.9908,12.9911,13.09,12.7832,12.7821,12.8846,12.473,12.4725,12.6133,11.7172,11.7167,11.7371,11.4352,11.435,11.4598,11.0602,11.0602,11.0633,10.8641,10.864,10.8785,12.1049,12.1046,12.1673,12.4085,12.4129,12.5885,12.108,12.1078,12.1706,11.7511,11.7511,11.8864,11.8416,11.8413,11.8709,11.3389,11.3392,11.3711,10.9567,10.9566,10.9592,10.7816,10.7817,10.7937,11.6696,11.6695,11.7245,12.3506,12.3513,12.5176,11.6751,11.6749,11.728,11.321,11.3209,11.4493,11.9917,11.9917,12.0133,11.2951,11.2952,11.3309,10.905,10.905,10.9068,10.7409,10.7408,10.7499
model.language_model.layers.25.self_attn.v_proj.weight,linear,attn,25,512x2560,1310720,23,2.495,10.5555,12.7043,12.706,12.7029,12.8999,12.901,12.8984,12.7094,12.711,12.7087,12.3291,12.3287,12.3284,11.4972,11.4951,11.4944,11.3274,11.3278,11.3271,10.8391,10.8389,10.8388,10.7411,10.7408,10.7403,12.0518,12.0528,12.0527,12.2224,12.2274,12.2247,12.0538,12.0551,12.0549,11.6063,11.6072,11.6065,11.5671,11.5661,11.5688,11.2274,11.2274,11.2283,10.7365,10.7363,10.7363,10.6638,10.664,10.6636,11.6133,11.6127,11.6134,12.1026,12.0995,12.0996,11.6194,11.6189,11.6195,11.1825,11.1827,11.1828,11.7542,11.7532,11.7574,11.1836,11.1831,11.184,10.6851,10.6851,10.6852,10.6293,10.6294,10.6295
model.language_model.layers.26.mlp.down_proj.weight,linear,mlp,26,2560x10240,26214400,30,2.5832,10.6195,12.7638,12.7641,12.779,13.0104,13.0103,13.0286,12.7674,12.7678,12.7824,12.4896,12.4899,12.5176,11.5937,11.594,11.6012,11.3742,11.3741,11.3761,10.976,10.976,10.9765,10.831,10.8311,10.8328,12.1015,12.1016,12.1096,12.4246,12.4231,12.4476,12.1059,12.106,12.1144,11.7587,11.7585,11.7818,11.7009,11.7023,11.7124,11.2867,11.2865,11.2883,10.8725,10.8725,10.8728,10.7486,10.7487,10.7499,11.6709,11.671,11.6768,12.3394,12.3393,12.3591,11.6785,11.6786,11.6844,11.3199,11.3199,11.3415,11.89,11.8902,11.9028,11.2509,11.2508,11.2525,10.8212,10.8212,10.8215,10.7098,10.7097,10.7107
model.language_model.layers.26.mlp.gate_proj.weight,linear,mlp,26,10240x2560,26214400,29,2.5982,10.6417,12.7554,12.7556,12.8314,12.9716,12.9713,13.0296,12.7596,12.7598,12.8346,12.4403,12.4401,12.5313,11.7056,11.7055,11.7087,11.4152,11.4152,11.4284,10.9968,10.9968,10.9999,10.8357,10.8358,10.8419,12.0903,12.0904,12.1332,12.3692,12.3687,12.479,12.0932,12.0933,12.136,11.7169,11.7168,11.806,11.8349,11.8346,11.8403,11.3193,11.3194,11.3308,10.894,10.8939,10.8963,10.755,10.755,10.7601,11.6557,11.6556,11.6904,12.3014,12.3012,12.4309,11.6612,11.6612,11.6941,11.2882,11.2882,11.3747,11.9874,11.9884,11.9954,11.2758,11.2759,11.2851,10.8429,10.8429,10.844,10.7155,10.7155,10.7187
model.language_model.layers.26.mlp.up_proj.weight,linear,mlp,26,10240x2560,26214400,29,2.561,10.6069,12.7634,12.7627,12.7796,12.9596,12.9589,12.9702,12.7686,12.768,12.7846,12.4301,12.4295,12.4481,11.648,11.6477,11.6606,11.3942,11.394,11.3979,10.9368,10.9367,10.9374,10.8083,10.8082,10.8099,12.0938,12.094,12.1033,12.3689,12.3671,12.3916,12.096,12.0961,12.1054,11.7155,11.7154,11.734,11.7672,11.7672,11.7878,11.2985,11.2985,11.3016,10.8335,10.8335,10.8341,10.7288,10.7288,10.7305,11.6578,11.6578,11.6649,12.3208,12.3209,12.3515,11.662,11.662,11.6686,11.2924,11.2922,11.3108,11.937,11.9366,11.9587,11.2532,11.2531,11.2557,10.7816,10.7816,10.782,10.6908,10.6907,10.6923
model.language_model.layers.26.per_layer_input_gate.weight,linear,ple_proj,26,256x2560,655360,23,2.6454,10.6808,12.8145,12.8129,12.8634,13.065,13.0647,13.128,12.8171,12.8156,12.866,12.5541,12.5521,12.6441,11.6867,11.6851,11.7152,11.4277,11.4265,11.4385,11.0672,11.0672,11.0687,10.8885,10.8877,10.8934,12.1386,12.1385,12.1685,12.5388,12.5376,12.623,12.1427,12.1422,12.1728,11.8257,11.8252,11.9048,11.813,11.8121,11.8509,11.3409,11.3404,11.3518,10.9639,10.964,10.9648,10.8051,10.8044,10.8082,11.7064,11.706,11.7302,12.4622,12.4636,12.5206,11.7116,11.7111,11.7344,11.3867,11.3865,11.46,11.9858,11.9847,12.0059,11.3029,11.3029,11.3123,10.9125,10.9125,10.9129,10.7641,10.764,10.7657
model.language_model.layers.26.per_layer_projection.weight,linear,ple_proj,26,2560x256,655360,25,2.7997,10.8444,12.9289,12.9265,13.0964,13.1245,13.1242,13.379,12.9315,12.9295,13.0991,12.7055,12.7061,13.0077,11.7188,11.7188,11.8128,11.4822,11.4826,11.5406,11.3449,11.3447,11.3482,11.0171,11.0168,11.052,12.1763,12.1759,12.2899,12.5954,12.594,12.8995,12.1825,12.1818,12.3003,11.9665,11.9659,12.2257,11.8336,11.833,11.9413,11.3963,11.3958,11.4667,11.2421,11.2422,11.2436,10.9294,10.929,10.9584,11.7286,11.7276,11.845,12.4885,12.4862,12.6367,11.7348,11.7337,11.85,11.5237,11.522,11.7557,11.9841,11.9868,12.0497,11.3613,11.3616,11.4335,11.1908,11.1908,11.192,10.8863,10.8863,10.9124
model.language_model.layers.26.self_attn.k_proj.weight,linear,attn,26,512x2560,1310720,21,2.4881,10.5463,12.6936,12.6942,12.695,12.8784,12.8837,12.8816,12.7008,12.7007,12.702,12.3081,12.3115,12.31,11.4878,11.4888,11.4867,11.321,11.3224,11.3222,10.8298,10.8302,10.83,10.7363,10.7368,10.7366,12.0437,12.0454,12.045,12.2008,12.2078,12.2079,12.0457,12.0474,12.0468,11.5916,11.5946,11.5937,11.5606,11.5604,11.5555,11.2239,11.224,11.2239,10.7274,10.7275,10.7276,10.6597,10.6596,10.6594,11.6074,11.6081,11.6081,12.0719,12.0782,12.0747,11.6132,11.614,11.6138,11.1726,11.1732,11.1731,11.7453,11.7465,11.7395,11.1792,11.1791,11.1793,10.6762,10.6763,10.6763,10.6254,10.6258,10.6253
model.language_model.layers.26.self_attn.o_proj.weight,linear,attn,26,2560x2048,5242880,28,2.603,10.6392,12.7417,12.8083,12.8306,12.9654,13.0194,13.04,12.7467,12.813,12.8348,12.4281,12.5157,12.5447,11.6584,11.6609,11.6685,11.4215,11.4232,11.4257,10.9993,11.0018,11.0026,10.8482,10.853,10.8569,12.0858,12.1263,12.1413,12.3689,12.4723,12.5146,12.0887,12.1299,12.1452,11.709,11.7958,11.8257,11.7804,11.7868,11.7957,11.3435,11.3436,11.3454,10.8961,10.8976,10.8981,10.7666,10.7704,10.7738,11.656,11.6921,11.7054,12.3024,12.4154,12.4565,11.6619,11.6975,11.7108,11.2798,11.3618,11.3888,11.951,11.9564,11.966,11.3121,11.312,11.3136,10.8454,10.8456,10.8459,10.7287,10.7311,10.7337
model.language_model.layers.26.self_attn.q_proj.weight,linear,attn,26,2048x2560,5242880,27,2.6318,10.6762,12.7738,12.7738,12.8749,12.9858,12.9855,13.0809,12.7782,12.7783,12.8781,12.4651,12.4648,12.6016,11.7031,11.7035,11.7214,11.4296,11.4292,11.4537,11.0477,11.0476,11.0508,10.8595,10.8593,10.8733,12.1022,12.1018,12.1632,12.4036,12.4008,12.5715,12.1052,12.1049,12.1667,11.7438,11.7438,11.8754,11.829,11.8288,11.8542,11.337,11.3363,11.3676,10.9442,10.9442,10.9467,10.7776,10.7775,10.7889,11.6669,11.667,11.7211,12.3443,12.3422,12.5077,11.6722,11.6723,11.7249,11.3143,11.3143,11.4385,11.9848,11.9836,12.0048,11.2956,11.2953,11.3304,10.8926,10.8927,10.8944,10.7373,10.7372,10.746
model.language_model.layers.26.self_attn.v_proj.weight,linear,attn,26,512x2560,1310720,21,2.4904,10.5474,12.6972,12.6984,12.6984,12.8808,12.8818,12.8823,12.7034,12.7045,12.7051,12.3134,12.3151,12.3145,11.4823,11.484,11.4815,11.3203,11.3206,11.3206,10.8345,10.8348,10.8349,10.7388,10.7394,10.7398,12.0449,12.0448,12.0449,12.2051,12.2021,12.1994,12.047,12.0467,12.0467,11.5973,11.5974,11.5971,11.5498,11.5523,11.5501,11.2214,11.222,11.2213,10.732,10.7321,10.7321,10.662,10.6621,10.6625,11.6071,11.607,11.6066,12.0762,12.0674,12.067,11.6128,11.6129,11.6125,11.1772,11.1769,11.1767,11.7348,11.7354,11.7315,11.1768,11.1767,11.1763,10.6809,10.6809,10.6809,10.6284,10.6281,10.6284
model.language_model.layers.27.mlp.down_proj.weight,linear,mlp,27,2560x10240,26214400,30,2.5874,10.6224,12.7688,12.7685,12.7846,13.0148,13.0152,13.0348,12.7728,12.7725,12.7884,12.4965,12.497,12.526,11.6034,11.6039,11.6109,11.38,11.3798,11.3821,10.9809,10.981,10.9818,10.8377,10.8378,10.8399,12.1068,12.1068,12.1167,12.4422,12.441,12.4698,12.1114,12.1113,12.1216,11.7684,11.7684,11.7938,11.7138,11.7151,11.7259,11.2944,11.2943,11.2962,10.8774,10.8774,10.8778,10.7546,10.7547,10.7565,11.6775,11.6773,11.6848,12.361,12.3594,12.3822,11.6851,11.6849,11.6925,11.3292,11.3291,11.3518,11.9008,11.9008,11.9142,11.2597,11.2596,11.2614,10.8262,10.8262,10.8264,10.7159,10.7159,10.7173
model.language_model.layers.27.mlp.gate_proj.weight,linear,mlp,27,10240x2560,26214400,30,2.6152,10.6622,12.7703,12.7704,12.8556,12.9841,12.9839,13.056,12.7744,12.7745,12.8589,12.461,12.4611,12.5699,11.6944,11.6944,11.6994,11.423,11.423,11.4401,11.0201,11.02,11.0241,10.8506,10.8506,10.8586,12.0993,12.0995,12.1495,12.3931,12.3939,12.529,12.1023,12.1026,12.1531,11.7378,11.7382,11.8443,11.8218,11.8211,11.8301,11.3353,11.3353,11.3532,10.9169,10.9169,10.9199,10.7688,10.769,10.775,11.6638,11.6637,11.7082,12.3313,12.3298,12.4718,11.6692,11.6692,11.7124,11.3084,11.3084,11.4077,11.9789,11.978,11.9884,11.3018,11.3016,11.3162,10.8662,10.8662,10.8676,10.7291,10.7291,10.7329
model.language_model.layers.27.mlp.up_proj.weight,linear,mlp,27,10240x2560,26214400,30,2.575,10.6117,12.7695,12.7697,12.7929,12.977,12.9778,12.9946,12.7747,12.775,12.7981,12.4514,12.4521,12.4795,11.6655,11.6658,11.6675,11.4089,11.4088,11.4128,10.9572,10.9573,10.9582,10.8258,10.8259,10.828,12.1036,12.1036,12.1177,12.4105,12.4112,12.4464,12.1062,12.1062,12.1204,11.7389,11.7393,11.7678,11.7936,11.7932,11.7961,11.3229,11.3228,11.3267,10.8535,10.8535,10.8542,10.7454,10.7453,10.7471,11.6716,11.6717,11.6838,12.3686,12.3657,12.4088,11.676,11.6762,11.6881,11.3129,11.3129,11.34,11.9626,11.9622,11.9663,11.2854,11.2851,11.2887,10.8016,10.8015,10.8019,10.707,10.7068,10.7083
model.language_model.layers.27.per_layer_input_gate.weight,linear,ple_proj,27,256x2560,655360,23,2.6716,10.7085,12.8384,12.8387,12.9119,13.0913,13.0897,13.1699,12.8418,12.8422,12.9144,12.5854,12.588,12.6963,11.7181,11.7206,11.7529,11.452,11.4516,11.4695,11.1135,11.1138,11.1159,10.9251,10.9256,10.9327,12.1571,12.1563,12.1986,12.5913,12.5913,12.7029,12.1609,12.1602,12.2032,11.8587,11.8581,11.9598,11.8474,11.8488,11.8909,11.3702,11.3693,11.3849,11.0101,11.0101,11.0112,10.8405,10.8407,10.8462,11.7236,11.7231,11.7613,12.5055,12.5035,12.579,11.7278,11.7277,11.7651,11.4184,11.4171,11.5124,12.0022,12.0015,12.0288,11.3336,11.3326,11.347,10.9585,10.9585,10.9592,10.7999,10.7998,10.8034
model.language_model.layers.27.per_layer_projection.weight,linear,ple_proj,27,2560x256,655360,24,2.817,10.8668,12.912,12.9139,13.1175,13.1154,13.118,13.3765,12.9141,12.9163,13.1208,12.6842,12.6813,13.0432,11.7423,11.7367,11.8074,11.5092,11.5046,11.5348,11.3924,11.3921,11.3954,11.0427,11.0414,11.0763,12.1706,12.1692,12.2883,12.5949,12.5842,12.8938,12.176,12.1749,12.2982,11.9433,11.9376,12.2637,11.8541,11.8513,11.9416,11.4221,11.4216,11.4596,11.2897,11.2895,11.2912,10.9539,10.9541,10.982,11.7235,11.7225,11.8389,12.4879,12.4907,12.6368,11.7287,11.7281,11.8437,11.4965,11.494,11.7954,12.0095,12.0091,12.0618,11.3876,11.3873,11.4258,11.2383,11.2385,11.2395,10.9106,10.9112,10.9357
model.language_model.layers.27.self_attn.k_proj.weight,linear,attn,27,512x2560,1310720,21,2.4961,10.5568,12.7073,12.7049,12.7057,12.8979,12.8976,12.8999,12.712,12.7107,12.7111,12.3301,12.3297,12.3304,11.4953,11.494,11.493,11.3273,11.3267,11.3271,10.8411,10.841,10.8412,10.7423,10.7417,10.7417,12.0515,12.0524,12.0528,12.2205,12.228,12.224,12.0538,12.0545,12.055,11.607,11.608,11.6088,11.5668,11.5669,11.564,11.2274,11.2276,11.2268,10.7385,10.7386,10.7387,10.6652,10.6646,10.6651,11.6128,11.6128,11.613,12.1023,12.1042,12.1012,11.6189,11.6191,11.6193,11.1848,11.1847,11.1848,11.7555,11.7507,11.7482,11.1836,11.1833,11.1828,10.6874,10.6873,10.6875,10.6311,10.6305,10.6306
model.language_model.layers.27.self_attn.o_proj.weight,linear,attn,27,2560x2048,5242880,26,2.6016,10.642,12.7456,12.8024,12.8327,12.9597,13.0162,13.039,12.7507,12.8069,12.8367,12.4232,12.5048,12.5412,11.667,11.6712,11.6754,11.4281,11.429,11.4314,10.9953,10.9981,10.999,10.8421,10.8481,10.8519,12.0871,12.1247,12.1417,12.3651,12.4688,12.5134,12.0898,12.1281,12.1452,11.7067,11.7864,11.8222,11.7922,11.7977,11.8046,11.351,11.351,11.3518,10.8924,10.894,10.8946,10.761,10.7658,10.7691,11.6565,11.6901,11.7051,12.3059,12.4167,12.4619,11.6618,11.6953,11.7101,11.2802,11.3521,11.3859,11.9584,11.9652,11.9745,11.3198,11.3197,11.3209,10.8416,10.842,10.8423,10.723,10.7262,10.7286
model.language_model.layers.27.self_attn.q_proj.weight,linear,attn,27,2048x2560,5242880,26,2.6744,10.7041,12.7775,12.7778,12.9308,12.9964,12.9961,13.1402,12.7819,12.7822,12.9326,12.4772,12.4779,12.697,11.7415,11.7422,11.7647,11.4489,11.4489,11.4755,11.1199,11.1199,11.1233,10.9016,10.9014,10.9138,12.1083,12.1077,12.1871,12.4297,12.427,12.6431,12.1116,12.111,12.1912,11.7574,11.7572,11.9586,11.8637,11.8638,11.8976,11.3539,11.3537,11.3852,11.0167,11.0166,11.0191,10.8177,10.8175,10.8269,11.6751,11.6751,11.7411,12.3692,12.3648,12.5473,11.6809,11.6808,11.7445,11.3259,11.3251,11.5164,12.0002,11.9989,12.0274,11.31,11.3098,11.3439,10.965,10.965,10.9667,10.7746,10.7746,10.7815
model.language_model.layers.27.self_attn.v_proj.weight,linear,attn,27,512x2560,1310720,23,2.494,10.5549,12.7026,12.7022,12.7057,12.8955,12.8964,12.8964,12.7074,12.7076,12.7111,12.3246,12.3249,12.3273,11.494,11.4917,11.4925,11.3267,11.3261,11.3259,10.8386,10.8387,10.8386,10.7406,10.7403,10.7406,12.0495,12.0505,12.0508,12.2156,12.2218,12.2188,12.0516,12.0525,12.0528,11.6021,11.6033,11.6036,11.5621,11.5615,11.5625,11.2263,11.2266,11.226,10.7359,10.736,10.7359,10.6634,10.6629,10.6636,11.6108,11.612,11.6121,12.0857,12.0872,12.0944,11.617,11.6182,11.6183,11.1797,11.1802,11.1811,11.7458,11.7516,11.7492,11.1818,11.1825,11.1819,10.6847,10.6848,10.6848,10.6288,10.6287,10.6291
model.language_model.layers.28.mlp.down_proj.weight,linear,mlp,28,2560x10240,26214400,31,2.5988,10.63,12.7832,12.7825,12.8041,13.0253,13.025,13.0474,12.7872,12.7866,12.8079,12.514,12.5135,12.5486,11.6164,11.6156,11.6231,11.3887,11.3884,11.3906,10.9986,10.9986,10.9995,10.8528,10.8528,10.8552,12.1153,12.1152,12.1275,12.4619,12.4621,12.4942,12.1199,12.1198,12.1328,11.7857,11.7855,11.817,11.7308,11.7302,11.7415,11.3041,11.304,11.3056,10.8948,10.8948,10.8952,10.7693,10.7693,10.7712,11.6844,11.6845,11.6935,12.3816,12.3821,12.4061,11.6918,11.692,11.7011,11.3457,11.3457,11.3739,11.9142,11.9143,11.9275,11.2699,11.2698,11.2714,10.8435,10.8435,10.8436,10.7304,10.7304,10.7319
model.language_model.layers.28.mlp.gate_proj.weight,linear,mlp,28,10240x2560,26214400,29,2.6391,10.6749,12.7796,12.7791,12.8874,13.0004,13.0002,13.09,12.7833,12.7829,12.8899,12.4832,12.483,12.623,11.7193,11.7182,11.7258,11.4343,11.4339,11.4532,11.0613,11.0612,11.0654,10.8712,10.8711,10.8794,12.1056,12.1054,12.1645,12.4157,12.4151,12.5722,12.109,12.1088,12.1683,11.7566,11.7566,11.89,11.8455,11.844,11.858,11.3458,11.3456,11.3632,10.9581,10.9581,10.9613,10.7881,10.7882,10.7945,11.6699,11.6697,11.7203,12.3473,12.3441,12.5007,11.6756,11.6757,11.7242,11.3242,11.3238,11.4501,11.992,11.991,12.0059,11.3108,11.3107,11.3238,10.9075,10.9074,10.909,10.7471,10.7471,10.7507
model.language_model.layers.28.mlp.up_proj.weight,linear,mlp,28,10240x2560,26214400,29,2.5907,10.6379,12.7823,12.7824,12.8209,12.9879,12.9877,13.0132,12.7868,12.7869,12.825,12.4696,12.4698,12.5128,11.6874,11.6873,11.6901,11.4157,11.4156,11.4213,10.9838,10.9838,10.9849,10.8346,10.8345,10.8378,12.1077,12.1076,12.1275,12.415,12.4147,12.4629,12.1104,12.1103,12.1302,11.7516,11.7516,11.7941,11.8163,11.8158,11.8208,11.3231,11.3228,11.3281,10.8803,10.8803,10.8811,10.7535,10.7534,10.7562,11.6717,11.6718,11.6869,12.3633,12.3638,12.4202,11.6764,11.6765,11.6908,11.3235,11.3236,11.3647,11.9768,11.9763,11.9823,11.281,11.281,11.2851,10.8284,10.8284,10.8289,10.7138,10.7137,10.7158
model.language_model.layers.28.per_layer_input_gate.weight,linear,ple_proj,28,256x2560,655360,24,2.6674,10.7122,12.8555,12.8571,12.9171,13.0954,13.0952,13.1597,12.859,12.8603,12.9195,12.5998,12.6005,12.6886,11.7243,11.7244,11.7438,11.4601,11.4598,11.4676,11.101,11.101,11.103,10.9149,10.9149,10.92,12.1632,12.1633,12.1979,12.6016,12.5986,12.6864,12.167,12.1675,12.2029,11.8728,11.8719,11.9535,11.8571,11.8582,11.8833,11.3792,11.3798,11.3847,10.9971,10.9972,10.9981,10.8294,10.8291,10.8328,11.7271,11.7267,11.7589,12.5162,12.5131,12.5731,11.7316,11.7314,11.7629,11.4325,11.4315,11.5055,12.0099,12.0104,12.0269,11.3446,11.3446,11.3496,10.9453,10.9456,10.9462,10.7883,10.7884,10.7907
model.language_model.layers.28.per_layer_projection.weight,linear,ple_proj,28,2560x256,655360,24,2.8159,10.8535,12.9358,12.9302,13.1144,13.1339,13.1276,13.3917,12.9381,12.9331,13.1169,12.7149,12.7054,13.0334,11.7563,11.7543,11.8358,11.514,11.5141,11.5549,11.3747,11.3747,11.3788,11.0317,11.0304,11.0613,12.1795,12.1774,12.2994,12.6104,12.5981,12.9258,12.1846,12.1832,12.3077,11.9677,11.9631,12.2619,11.8743,11.8716,11.9627,11.4321,11.4314,11.4786,11.2718,11.2719,11.2743,10.9422,10.9421,10.967,11.7298,11.7285,11.853,12.5019,12.4993,12.6626,11.7348,11.734,11.8565,11.5191,11.5178,11.7955,12.02,12.0159,12.0729,11.3976,11.3963,11.4438,11.2207,11.2205,11.2225,10.8987,10.8983,10.9209
model.language_model.layers.28.self_attn.k_proj.weight,linear,attn,28,512x2560,1310720,23,2.4924,10.5556,12.7023,12.7017,12.7016,12.888,12.8896,12.8892,12.7088,12.7076,12.7074,12.3207,12.3205,12.3214,11.4869,11.4879,11.4887,11.3234,11.3243,11.3242,10.839,10.8394,10.8392,10.7402,10.741,10.7404,12.0492,12.0475,12.0488,12.2129,12.2098,12.2128,12.0512,12.0496,12.0508,11.6015,11.6015,11.6016,11.556,11.5555,11.5579,11.2244,11.2237,11.2243,10.7366,10.7368,10.7368,10.6636,10.664,10.6638,11.6092,11.6088,11.6095,12.0776,12.0784,12.0842,11.6152,11.6149,11.6153,11.1788,11.1788,11.1791,11.7421,11.7347,11.7438,11.1794,11.1786,11.1799,10.6854,10.6854,10.6856,10.6297,10.6294,10.6295
model.language_model.layers.28.self_attn.o_proj.weight,linear,attn,28,2560x2048,5242880,26,2.5994,10.6504,12.7462,12.8019,12.8307,12.9597,13.0025,13.0321,12.7512,12.8061,12.8346,12.4237,12.4914,12.5309,11.6866,11.6918,11.6982,11.4125,11.4246,11.4313,10.9921,10.9939,10.9958,10.8337,10.8383,10.8437,12.0861,12.1165,12.1376,12.3584,12.4323,12.4977,12.0887,12.1192,12.1405,11.7049,11.7704,11.8104,11.8136,11.8205,11.8299,11.3204,11.334,11.3414,10.889,10.8906,10.8919,10.7534,10.7571,10.7616,11.653,11.6772,11.6979,12.29,12.378,12.4531,11.6585,11.6815,11.7019,11.2781,11.3416,11.3789,11.9734,11.9793,11.9886,11.2797,11.2929,11.3011,10.8379,10.8389,10.8395,10.7147,10.7176,10.7207
model.language_model.layers.28.self_attn.q_proj.weight,linear,attn,28,2048x2560,5242880,27,2.6485,10.6868,12.7792,12.7788,12.8975,12.9941,12.992,13.1014,12.7834,12.7832,12.9001,12.4735,12.473,12.6369,11.7178,11.7187,11.7381,11.4389,11.4387,11.4631,11.0815,11.0815,11.0841,10.874,10.874,10.8896,12.1075,12.1069,12.1717,12.4203,12.416,12.5973,12.1105,12.11,12.1753,11.7528,11.7527,11.9072,11.8408,11.8424,11.871,11.3447,11.3444,11.3743,10.978,10.9779,10.9799,10.7917,10.7916,10.8039,11.6726,11.6721,11.7281,12.3649,12.3595,12.5212,11.6778,11.6776,11.7316,11.3227,11.3227,11.4693,11.9893,11.9891,12.0111,11.3015,11.3015,11.3346,10.9261,10.926,10.9277,10.7508,10.7508,10.7597
model.language_model.layers.28.self_attn.v_proj.weight,linear,attn,28,512x2560,1310720,23,2.4918,10.5553,12.7014,12.7013,12.701,12.8887,12.8885,12.8874,12.7071,12.7078,12.7068,12.3205,12.3202,12.3188,11.4863,11.4853,11.4865,11.3233,11.3228,11.3235,10.8388,10.8387,10.8389,10.7401,10.7404,10.7401,12.0468,12.0476,12.0467,12.2057,12.2094,12.2089,12.049,12.0497,12.0488,11.5985,11.6004,11.599,11.5517,11.5543,11.5543,11.2232,11.2241,11.2242,10.7362,10.7364,10.7362,10.6632,10.6635,10.6628,11.6083,11.6094,11.6085,12.0753,12.0853,12.0812,11.6145,11.6154,11.6141,11.1771,11.1784,11.1778,11.7386,11.7442,11.7371,11.1791,11.1798,11.1795,10.685,10.6851,10.6851,10.6293,10.6291,10.6289
model.language_model.layers.29.mlp.down_proj.weight,linear,mlp,29,2560x10240,26214400,29,2.6071,10.6385,12.8048,12.8049,12.8162,13.0452,13.0454,13.0588,12.8087,12.8088,12.8199,12.5453,12.5457,12.5648,11.6303,11.6303,11.6345,11.3959,11.3958,11.397,11.0118,11.0118,11.0124,10.8619,10.8619,10.8637,12.1277,12.1279,12.1346,12.4934,12.4921,12.5133,12.1327,12.133,12.1398,11.8151,11.8152,11.8322,11.7482,11.7484,11.7554,11.3109,11.3108,11.3119,10.9077,10.9077,10.9081,10.7778,10.7779,10.7794,11.6945,11.6946,11.6992,12.4068,12.4063,12.4246,11.7019,11.702,11.7065,11.3731,11.3732,11.3889,11.9306,11.9298,11.9394,11.2764,11.2763,11.2774,10.8562,10.8561,10.8565,10.7384,10.7383,10.7398
model.language_model.layers.29.mlp.gate_proj.weight,linear,mlp,29,10240x2560,26214400,31,2.6416,10.6833,12.7886,12.7887,12.8919,13.0053,13.0047,13.0958,12.7924,12.7924,12.8946,12.4936,12.4934,12.6293,11.7084,11.7077,11.7143,11.438,11.4376,11.4587,11.0666,11.0665,11.071,10.874,10.8739,10.8829,12.1105,12.1102,12.1692,12.427,12.4258,12.5866,12.114,12.1137,12.1734,11.7678,11.7673,11.8974,11.8353,11.8345,11.8462,11.3543,11.3544,11.3762,10.9634,10.9634,10.9666,10.7908,10.7908,10.7971,11.6737,11.6735,11.7262,12.3612,12.3613,12.5092,11.6795,11.6793,11.7306,11.3348,11.3347,11.4553,11.9862,11.9866,11.9984,11.3243,11.3246,11.3429,10.9129,10.9129,10.9144,10.7497,10.7498,10.7533
model.language_model.layers.29.mlp.up_proj.weight,linear,mlp,29,10240x2560,26214400,28,2.6085,10.6573,12.7975,12.7977,12.8452,13.0005,13.0006,13.0421,12.8015,12.8017,12.8489,12.491,12.4911,12.5533,11.6933,11.6938,11.6961,11.4247,11.4249,11.4344,11.01,11.01,11.0124,10.849,10.849,10.8535,12.1137,12.1136,12.1432,12.4271,12.4271,12.5094,12.1166,12.1165,12.1464,11.7689,11.7687,11.8308,11.8221,11.8223,11.8275,11.3364,11.3365,11.3463,10.9066,10.9066,10.9084,10.7672,10.7672,10.7707,11.6745,11.6745,11.7023,12.3719,12.3705,12.4601,11.6792,11.6794,11.7065,11.3391,11.3391,11.3969,11.9812,11.981,11.9872,11.2999,11.2999,11.308,10.8553,10.8552,10.8561,10.7271,10.727,10.7291
model.language_model.layers.29.per_layer_input_gate.weight,linear,ple_proj,29,256x2560,655360,24,2.6546,10.6864,12.8478,12.8515,12.8955,13.0719,13.07,13.1211,12.8505,12.8539,12.8975,12.585,12.5876,12.6599,11.7128,11.7137,11.753,11.4412,11.4415,11.456,11.0906,11.0911,11.0923,10.8944,10.8947,10.9008,12.1448,12.146,12.1707,12.525,12.5256,12.601,12.1484,12.15,12.1744,11.8509,11.8516,11.9159,11.8351,11.8359,11.8846,11.3469,11.3471,11.3619,10.9876,10.9877,10.9888,10.8125,10.8119,10.8163,11.7024,11.7038,11.7251,12.4432,12.4533,12.5168,11.7069,11.7082,11.7284,11.4133,11.4141,11.475,11.9872,11.9901,12.028,11.3044,11.3049,11.3177,10.936,10.936,10.9366,10.7699,10.77,10.7725
model.language_model.layers.29.per_layer_projection.weight,linear,ple_proj,29,2560x256,655360,26,3.0853,11.1236,12.94,12.9393,13.4787,13.1656,13.1668,14.0627,12.9427,12.9424,13.4866,12.737,12.7337,13.7651,11.8639,11.8644,12.0897,11.6471,11.6473,11.89,11.9356,11.9357,11.9447,11.2448,11.2445,11.3428,12.1889,12.1927,12.6352,12.6471,12.6454,13.3529,12.1963,12.1984,12.6406,11.9743,11.9856,12.9168,11.9462,11.9442,12.1347,11.5563,11.5554,11.8671,11.835,11.8347,11.8406,11.1601,11.1591,11.2513,11.7427,11.7435,12.2108,12.5016,12.5125,12.7768,11.7485,11.7492,12.2112,11.525,11.5364,12.4047,12.0638,12.0697,12.1421,11.5139,11.5142,11.842,11.7851,11.7849,11.7885,11.1213,11.1215,11.203
model.language_model.layers.29.self_attn.k_proj.weight,linear,attn,29,1024x2560,2621440,23,2.4945,10.5549,12.7034,12.7042,12.703,12.9,12.8999,12.8985,12.7088,12.7095,12.7081,12.3288,12.3292,12.3271,11.4953,11.4949,11.4955,11.3269,11.3269,11.3273,10.8365,10.8365,10.8364,10.7393,10.7393,10.7392,12.0522,12.0516,12.0519,12.2245,12.2259,12.2241,12.0546,12.0538,12.054,11.6056,11.6051,11.606,11.5662,11.5657,11.5682,11.2276,11.2279,11.2281,10.7338,10.7338,10.7339,10.6625,10.6618,10.6622,11.6131,11.613,11.6134,12.102,12.0968,12.1012,11.6193,11.6192,11.6195,11.1816,11.1809,11.1818,11.7535,11.752,11.7543,11.184,11.1836,11.1842,10.6825,10.6825,10.6827,10.628,10.6277,10.6278
model.language_model.layers.29.self_attn.o_proj.weight,linear,attn,29,2560x4096,10485760,28,2.6224,10.6627,12.7431,12.8131,12.8393,12.9674,13.0394,13.0753,12.748,12.8159,12.8414,12.4302,12.5487,12.5906,11.6142,11.6274,11.664,11.3886,11.3985,11.4077,11.0368,11.0389,11.0406,10.8606,10.8669,10.8715,12.0868,12.1194,12.1392,12.3694,12.4498,12.5202,12.0898,12.1239,12.1432,11.7095,11.8083,11.8495,11.721,11.7344,11.789,11.2983,11.3062,11.316,10.935,10.9357,10.9372,10.7811,10.7849,10.7891,11.656,11.6777,11.6971,12.2988,12.3645,12.4407,11.662,11.6843,11.7019,11.2799,11.3693,11.4113,11.9051,11.9177,11.9658,11.2602,11.2685,11.2765,10.8838,10.8845,10.8855,10.7426,10.745,10.7476
model.language_model.layers.29.self_attn.q_proj.weight,linear,attn,29,4096x2560,10485760,27,2.7428,10.7654,12.7777,12.7758,13.0218,12.9961,12.9952,13.2166,12.7825,12.7808,13.0234,12.4759,12.4749,12.8549,11.7499,11.749,11.8118,11.4738,11.4734,11.5021,11.2562,11.2561,11.2582,10.9662,10.966,10.9882,12.1103,12.1096,12.2178,12.4381,12.4354,12.7175,12.1136,12.1128,12.223,11.7591,11.7582,12.1029,11.8586,11.8596,11.9389,11.3823,11.3824,11.4063,11.153,11.1529,11.1541,10.882,10.8818,10.898,11.6793,11.6791,11.7652,12.3841,12.3838,12.5794,11.6847,11.6845,11.7686,11.3274,11.3275,11.6553,11.9927,11.9932,12.0473,11.3431,11.3429,11.3606,11.1012,11.1012,11.1018,10.8388,10.8387,10.8499
model.language_model.layers.29.self_attn.v_proj.weight,linear,attn,29,1024x2560,2621440,21,2.4945,10.5547,12.7044,12.7038,12.7032,12.8996,12.8977,12.8977,12.7092,12.7093,12.7083,12.3284,12.3283,12.3273,11.4948,11.4934,11.4936,11.3269,11.3259,11.3267,10.8368,10.8368,10.8369,10.7399,10.7397,10.7397,12.0517,12.0511,12.0515,12.2229,12.2206,12.2229,12.0538,12.0532,12.0537,11.6057,11.6048,11.6052,11.5649,11.5639,11.5635,11.2263,11.2266,11.2264,10.7343,10.7342,10.7343,10.6629,10.6627,10.663,11.6122,11.6121,11.6123,12.095,12.0933,12.0957,11.6185,11.6183,11.6186,11.1811,11.1813,11.1815,11.7497,11.7505,11.7473,11.1821,11.1825,11.1821,10.6829,10.683,10.683,10.6283,10.6286,10.6286
model.language_model.layers.3.mlp.down_proj.weight,linear,mlp,3,2560x10240,26214400,28,2.5998,10.6374,12.7998,12.7996,12.8246,13.0083,13.0084,13.0356,12.8026,12.8023,12.8271,12.5003,12.4997,12.536,11.6271,11.6275,11.664,11.3967,11.3967,11.4053,10.9943,10.9943,10.9958,10.8378,10.8376,10.8417,12.1101,12.1099,12.1274,12.4127,12.4119,12.4683,12.1132,12.113,12.1303,11.7673,11.7669,11.803,11.7356,11.7349,11.7889,11.3006,11.3007,11.309,10.8915,10.8915,10.8926,10.7581,10.7581,10.7614,11.6671,11.6668,11.6832,12.3404,12.3379,12.4077,11.6721,11.6719,11.6872,11.3362,11.336,11.3714,11.9187,11.9171,11.9637,11.2593,11.2593,11.2661,10.8401,10.8402,10.8407,10.7194,10.7195,10.7215
model.language_model.layers.3.mlp.gate_proj.weight,linear,mlp,3,10240x2560,26214400,28,2.5803,10.6116,12.7744,12.7746,12.7929,12.9967,12.9968,13.0109,12.7797,12.78,12.798,12.4746,12.4747,12.4971,11.6481,11.6483,11.6498,11.4097,11.4098,11.4105,10.9714,10.9714,10.9721,10.8412,10.8414,10.8432,12.1116,12.1118,12.1238,12.4477,12.4472,12.4773,12.1149,12.1151,12.1273,11.7608,11.7609,11.7841,11.7722,11.773,11.775,11.3313,11.3313,11.3314,10.8671,10.8672,10.8675,10.7593,10.7594,10.761,11.6836,11.6836,11.6941,12.3952,12.3966,12.4281,11.689,11.689,11.6997,11.3295,11.3295,11.3504,11.9469,11.9475,11.9498,11.2996,11.2997,11.2996,10.8152,10.8152,10.8153,10.7209,10.7211,10.7222
model.language_model.layers.3.mlp.up_proj.weight,linear,mlp,3,10240x2560,26214400,28,2.5746,10.6044,12.7708,12.7709,12.7821,12.9951,12.9948,13.0046,12.7764,12.7765,12.7876,12.4712,12.4711,12.4858,11.6432,11.6436,11.6439,11.4054,11.4053,11.4059,10.9658,10.9658,10.9663,10.8401,10.8401,10.8413,12.1112,12.1116,12.1192,12.4495,12.4501,12.4696,12.1145,12.1148,12.1226,11.7591,11.7592,11.7742,11.7681,11.7685,11.7689,11.3271,11.327,11.3271,10.8615,10.8615,10.8618,10.7582,10.7583,10.7593,11.6846,11.6846,11.6916,12.4016,12.4019,12.4209,11.69,11.6901,11.6972,11.3278,11.3277,11.3411,11.9447,11.944,11.9458,11.2952,11.2952,11.2952,10.8095,10.8095,10.8095,10.7201,10.7202,10.7208
model.language_model.layers.3.per_layer_input_gate.weight,linear,ple_proj,3,256x2560,655360,23,2.6685,10.7033,12.9057,12.9053,12.9112,13.1348,13.1344,13.1392,12.9079,12.9075,12.9136,12.6891,12.6875,12.6983,11.6892,11.6889,11.6887,11.4308,11.4316,11.4313,11.1107,11.1105,11.1108,10.9189,10.919,10.9193,12.1715,12.1704,12.1739,12.6074,12.5926,12.6125,12.1768,12.1754,12.1788,11.9415,11.9379,11.9488,11.8128,11.8082,11.8214,11.3402,11.3398,11.3415,11.0069,11.0068,11.0072,10.8336,10.8338,10.8344,11.7234,11.7205,11.7239,12.4958,12.4767,12.5036,11.7284,11.7264,11.7288,11.4937,11.4942,11.5019,11.9755,11.9663,11.9827,11.3026,11.3012,11.3034,10.9554,10.9553,10.9556,10.7909,10.7906,10.7915
model.language_model.layers.3.per_layer_projection.weight,linear,ple_proj,3,2560x256,655360,27,3.3362,11.3729,12.8241,12.8289,13.8503,13.0676,13.0672,14.6024,12.8277,12.832,13.8563,12.5652,12.5656,14.5082,12.0863,12.0876,12.2569,11.8842,11.8818,12.1153,12.6548,12.655,12.6738,11.551,11.5496,11.6496,12.1426,12.144,13.0344,12.5311,12.5451,13.5529,12.1461,12.1476,13.035,11.8367,11.8402,13.6447,12.1193,12.1206,12.2081,11.8134,11.8131,12.0556,12.5584,12.5587,12.5688,11.4882,11.4877,11.5715,11.7089,11.7093,12.5979,12.4706,12.4795,12.8682,11.7135,11.7134,12.5979,11.4061,11.4065,13.1286,12.1843,12.1837,12.2244,11.7761,11.7765,12.0302,12.511,12.5108,12.5163,11.4624,11.4623,11.5396
model.language_model.layers.3.self_attn.k_proj.weight,linear,attn,3,512x2560,1310720,24,2.5776,10.6062,12.76,12.7591,12.7811,12.9927,12.9908,13.0108,12.7654,12.7647,12.786,12.4641,12.4629,12.4915,11.6428,11.6425,11.6408,11.402,11.4021,11.4032,10.975,10.9748,10.976,10.8483,10.8485,10.8503,12.1061,12.1046,12.1195,12.444,12.4395,12.4779,12.1093,12.1078,12.1234,11.751,11.7492,11.7792,11.767,11.7692,11.7644,11.3241,11.3244,11.3238,10.8708,10.8707,10.8713,10.7664,10.7665,10.7679,11.6804,11.6808,11.6947,12.3881,12.394,12.4223,11.6862,11.6861,11.7008,11.3184,11.3183,11.3449,11.9423,11.946,11.9418,11.2917,11.2927,11.2917,10.8191,10.8191,10.8191,10.7288,10.7287,10.7293
model.language_model.layers.3.self_attn.o_proj.weight,linear,attn,3,2560x2048,5242880,26,2.5933,10.6247,12.7345,12.7728,12.8023,12.9624,13.0065,13.0363,12.7406,12.7782,12.8071,12.422,12.4831,12.5275,11.6387,11.6447,11.6518,11.4031,11.4057,11.4087,10.9959,10.9983,10.9998,10.8544,10.8598,10.8658,12.0879,12.1149,12.1324,12.3866,12.4629,12.5144,12.0908,12.1186,12.1366,11.7105,11.7688,11.8092,11.7585,11.7673,11.7786,11.3245,11.3264,11.3282,10.893,10.8945,10.8951,10.7737,10.7781,10.7826,11.6639,11.6903,11.7044,12.337,12.4071,12.4519,11.6694,11.6963,11.7105,11.2832,11.3347,11.3715,11.935,11.9411,11.9551,11.2922,11.2935,11.2953,10.8422,10.8426,10.8432,10.7372,10.7404,10.7442
model.language_model.layers.3.self_attn.q_proj.weight,linear,attn,3,2048x2560,5242880,25,2.5736,10.6024,12.7575,12.7576,12.7754,12.9914,12.9917,13.009,12.7629,12.763,12.7807,12.4636,12.4637,12.4887,11.6295,11.6299,11.6306,11.3955,11.3961,11.3963,10.9714,10.9713,10.9722,10.8472,10.8473,10.8488,12.1041,12.1037,12.1169,12.4388,12.4361,12.4698,12.1076,12.1073,12.1208,11.7495,11.7488,11.7748,11.7511,11.7517,11.7523,11.3166,11.3173,11.3167,10.867,10.867,10.8676,10.7649,10.7649,10.766,11.6794,11.6793,11.6915,12.3795,12.3793,12.4123,11.6856,11.6856,11.6982,11.3164,11.3161,11.3388,11.9319,11.9292,11.9327,11.2847,11.2847,11.2845,10.8154,10.8153,10.8155,10.7275,10.7273,10.7278
model.language_model.layers.3.self_attn.v_proj.weight,linear,attn,3,512x2560,1310720,23,2.6272,10.6604,12.8493,12.8509,12.861,13.0744,13.0774,13.0816,12.8534,12.8544,12.8643,12.5967,12.5988,12.6071,11.6526,11.654,11.6536,11.4156,11.416,11.4165,11.0546,11.0547,11.0547,10.8957,10.8961,10.8971,12.1505,12.1507,12.1549,12.5497,12.5509,12.5528,12.1563,12.1563,12.1606,11.8652,11.8659,11.8748,11.7778,11.7797,11.7804,11.3332,11.333,11.3324,10.9499,10.9502,10.9501,10.8103,10.8101,10.8112,11.7155,11.7139,11.7148,12.459,12.4587,12.4599,11.722,11.7209,11.7222,11.4195,11.4188,11.4284,11.9544,11.9586,11.954,11.3012,11.3012,11.3003,10.8985,10.8984,10.8984,10.7703,10.77,10.7708
model.language_model.layers.30.mlp.down_proj.weight,linear,mlp,30,2560x10240,26214400,30,2.6034,10.64,12.8055,12.8052,12.8141,13.0356,13.0355,13.0461,12.8082,12.8079,12.8166,12.5416,12.5415,12.5566,11.6048,11.6049,11.6123,11.3816,11.3815,11.3834,11.0099,11.0099,11.0103,10.851,10.851,10.8524,12.1165,12.1163,12.1211,12.444,12.4456,12.4602,12.1211,12.121,12.1258,11.801,11.8014,11.8146,11.7126,11.7131,11.7257,11.2902,11.2903,11.292,10.9065,10.9065,10.9068,10.7686,10.7686,10.7699,11.6757,11.6758,11.6796,12.3531,12.3541,12.3738,11.683,11.6829,11.6864,11.3613,11.3616,11.3751,11.8988,11.8989,11.9158,11.2529,11.253,11.255,10.8552,10.8552,10.8555,10.7285,10.7285,10.7297
model.language_model.layers.30.mlp.gate_proj.weight,linear,mlp,30,10240x2560,26214400,30,2.6364,10.6805,12.7829,12.7828,12.8849,12.9982,12.9979,13.0911,12.7867,12.7865,12.8877,12.4819,12.4821,12.6185,11.7044,11.7047,11.7099,11.4352,11.4352,11.4573,11.0546,11.0546,11.0598,10.8681,10.8681,10.8777,12.1065,12.106,12.1673,12.4124,12.4126,12.5815,12.1097,12.1092,12.1714,11.7562,11.7559,11.8875,11.8323,11.8314,11.841,11.352,11.3519,11.3762,10.9517,10.9517,10.9553,10.7856,10.7857,10.7923,11.6692,11.6689,11.7248,12.3487,12.3468,12.5056,11.6746,11.6746,11.7293,11.3246,11.3245,11.4452,11.9846,11.9851,11.9952,11.3228,11.323,11.3442,10.9015,10.9015,10.903,10.7452,10.7453,10.7489
model.language_model.layers.30.mlp.up_proj.weight,linear,mlp,30,10240x2560,26214400,29,2.5916,10.6341,12.7886,12.7884,12.8201,12.9921,12.9917,13.0174,12.7932,12.793,12.8243,12.4772,12.4769,12.516,11.6794,11.6796,11.6815,11.4171,11.4171,11.423,10.9824,10.9824,10.9838,10.8369,10.8369,10.84,12.1113,12.111,12.1305,12.4246,12.4237,12.4754,12.1141,12.1138,12.1334,11.7595,11.7592,11.7987,11.8074,11.808,11.8106,11.329,11.329,11.335,10.8787,10.8787,10.8798,10.7556,10.7557,10.7582,11.6749,11.675,11.6921,12.3747,12.3763,12.4314,11.6796,11.6796,11.6964,11.3308,11.3307,11.3678,11.9708,11.9719,11.9746,11.2908,11.2908,11.2962,10.827,10.827,10.8274,10.7162,10.7163,10.718
model.language_model.layers.30.per_layer_input_gate.weight,linear,ple_proj,30,256x2560,655360,25,2.6147,10.6506,12.7828,12.7836,12.8155,13.0264,13.0285,13.0783,12.7862,12.7869,12.8182,12.5182,12.5192,12.5749,11.6121,11.6155,11.6746,11.386,11.3874,11.4111,11.0203,11.0206,11.0223,10.8519,10.8524,10.862,12.1118,12.1134,12.1394,12.4534,12.4527,12.5577,12.1164,12.1177,12.1432,11.7841,11.786,11.8419,11.7255,11.7287,11.8034,11.2981,11.2979,11.3244,10.9165,10.9167,10.9182,10.7683,10.7688,10.7781,11.6789,11.6791,11.7062,12.3684,12.3661,12.4694,11.6856,11.6861,11.7113,11.3448,11.3447,11.4014,11.9181,11.9183,11.9804,11.2626,11.2622,11.287,10.8652,10.8652,10.8667,10.7289,10.7289,10.7381
model.language_model.layers.30.per_layer_projection.weight,linear,ple_proj,30,2560x256,655360,28,3.4481,11.4865,12.7367,12.7444,14.0881,12.9887,12.9853,14.8435,12.7396,12.7488,14.0905,12.446,12.4548,14.8901,12.1632,12.16,12.3099,12.0785,12.0738,12.229,12.9119,12.9121,12.9421,11.5759,11.5797,11.7388,12.089,12.089,13.3253,12.4103,12.4055,13.6523,12.0918,12.0919,13.3254,11.7376,11.738,13.9983,12.15,12.1485,12.2536,12.037,12.0394,12.1343,12.8146,12.8152,12.8372,11.5194,11.5193,11.6645,11.6656,11.6654,12.8511,12.3199,12.3466,12.9236,11.6701,11.6706,12.8511,11.3119,11.3122,13.4473,12.214,12.2123,12.3035,12.0347,12.0438,12.0813,12.7716,12.7722,12.785,11.5015,11.5019,11.6362
model.language_model.layers.30.self_attn.k_proj.weight,linear,attn,30,512x2560,1310720,21,2.4934,10.5521,12.6983,12.6979,12.6992,12.9067,12.9051,12.905,12.7031,12.7029,12.7037,12.3296,12.3292,12.3292,11.5003,11.4992,11.4992,11.3281,11.3281,11.3278,10.829,10.8289,10.8288,10.7358,10.7356,10.7354,12.0524,12.052,12.0523,12.2371,12.233,12.2335,12.0546,12.054,12.0546,11.6047,11.6036,11.6047,11.5727,11.5686,11.5719,11.2295,11.2297,11.2292,10.7264,10.7263,10.7263,10.6592,10.6585,10.6589,11.6159,11.6148,11.6146,12.1175,12.1085,12.1078,11.6221,11.6209,11.6208,11.1801,11.178,11.1788,11.7626,11.7553,11.7571,11.186,11.1858,11.1854,10.6753,10.6751,10.6751,10.625,10.6245,10.6244
model.language_model.layers.30.self_attn.o_proj.weight,linear,attn,30,2560x2048,5242880,28,2.6205,10.6665,12.742,12.8193,12.8563,12.9653,13.0201,13.0651,12.7472,12.8233,12.8596,12.4272,12.5208,12.573,11.7004,11.7157,11.7323,11.4206,11.4412,11.4496,11.0276,11.029,11.0311,10.8466,10.8563,10.8627,12.088,12.1251,12.1542,12.377,12.4517,12.5503,12.091,12.1282,12.157,11.711,11.7957,11.85,11.8264,11.8462,11.8678,11.3267,11.3487,11.3586,10.9243,10.9254,10.9271,10.7652,10.7741,10.7793,11.6601,11.6842,11.713,12.3176,12.3949,12.4932,11.6658,11.6885,11.7163,11.2832,11.3653,11.4176,11.9803,12.0005,12.0197,11.2849,11.3051,11.3171,10.8729,10.8736,10.8747,10.7255,10.7333,10.7369
model.language_model.layers.30.self_attn.q_proj.weight,linear,attn,30,2048x2560,5242880,27,2.6571,10.6884,12.7982,12.799,12.9061,13.0058,13.0068,13.1158,12.802,12.8025,12.9081,12.4983,12.4983,12.6572,11.7448,11.7446,11.7656,11.4435,11.4439,11.4652,11.0884,11.0884,11.0913,10.8856,10.8855,10.8976,12.1136,12.1135,12.1741,12.4283,12.4303,12.6051,12.1168,12.1166,12.1776,11.7728,11.7728,11.9208,11.87,11.8702,11.8977,11.3429,11.3432,11.3696,10.9854,10.9854,10.9874,10.8039,10.8034,10.8128,11.6743,11.6743,11.7273,12.3706,12.3668,12.5262,11.6795,11.6795,11.7305,11.3419,11.3413,11.4822,12.0091,12.0068,12.0275,11.2939,11.294,11.3239,10.9336,10.9336,10.935,10.7619,10.7615,10.7685
model.language_model.layers.30.self_attn.v_proj.weight,linear,attn,30,512x2560,1310720,24,2.4974,10.5552,12.7051,12.7026,12.7024,12.9112,12.9105,12.9089,12.7101,12.7078,12.7071,12.3379,12.3379,12.3361,11.5037,11.503,11.5044,11.3305,11.3297,11.3305,10.8349,10.8349,10.8348,10.7397,10.7395,10.7392,12.0559,12.0557,12.0538,12.2404,12.2447,12.2363,12.0581,12.058,12.0561,11.6134,11.6125,11.6104,11.5772,11.5788,11.5779,11.2317,11.2324,11.2316,10.7322,10.7323,10.732,10.6629,10.6628,10.6627,11.6177,11.6178,11.6167,12.124,12.1257,12.1221,11.6242,11.6245,11.6232,11.1865,11.186,11.1852,11.7683,11.7668,11.7691,11.1885,11.1886,11.1887,10.681,10.681,10.6809,10.6284,10.6284,10.6286
model.language_model.layers.31.mlp.down_proj.weight,linear,mlp,31,2560x10240,26214400,31,2.5919,10.6299,12.7893,12.7892,12.7987,13.0205,13.0205,13.0308,12.7921,12.7919,12.8013,12.5161,12.5157,12.5332,11.5926,11.5929,11.5978,11.3748,11.3749,11.3758,10.9946,10.9947,10.9949,10.8406,10.8407,10.8418,12.1072,12.1073,12.1124,12.4194,12.4196,12.4344,12.1116,12.1117,12.1169,11.7768,11.7767,11.7923,11.6971,11.6983,11.7061,11.2829,11.2833,11.2841,10.8913,10.8914,10.8915,10.7588,10.7589,10.7598,11.6681,11.6682,11.672,12.3273,12.3289,12.3448,11.6755,11.6755,11.6793,11.3386,11.3384,11.3534,11.8848,11.8873,11.8967,11.2456,11.2459,11.2467,10.84,10.8401,10.8402,10.7191,10.7192,10.7198
model.language_model.layers.31.mlp.gate_proj.weight,linear,mlp,31,10240x2560,26214400,30,2.6053,10.6545,12.7676,12.7678,12.8415,12.9751,12.9758,13.0432,12.7717,12.7719,12.845,12.4498,12.4503,12.548,11.6926,11.6931,11.696,11.4189,11.4189,11.4351,11.0021,11.0021,11.0064,10.8417,10.8418,10.849,12.095,12.0952,12.1433,12.3743,12.3741,12.5122,12.0978,12.0981,12.1466,11.7263,11.7267,11.8247,11.8207,11.8209,11.827,11.3295,11.3294,11.3469,10.8991,10.8992,10.9024,10.7607,10.7609,10.7662,11.6576,11.6577,11.7031,12.3071,12.3075,12.4616,11.663,11.663,11.7073,11.2981,11.2984,11.3897,11.9781,11.9785,11.9866,11.2939,11.294,11.3089,10.8486,10.8486,10.85,10.7216,10.7217,10.7248
model.language_model.layers.31.mlp.up_proj.weight,linear,mlp,31,10240x2560,26214400,28,2.5666,10.6062,12.7683,12.7689,12.7844,12.9678,12.968,12.9778,12.7737,12.7742,12.7896,12.442,12.4425,12.4598,11.6711,11.6712,11.6722,11.4036,11.4039,11.4059,10.9452,10.9452,10.9457,10.8167,10.8169,10.8183,12.1,12.1003,12.1085,12.3922,12.3938,12.4123,12.1022,12.1025,12.1108,11.7302,11.7306,11.7479,11.8009,11.8006,11.8033,11.3113,11.3115,11.3132,10.8417,10.8417,10.8421,10.7369,10.7369,10.7383,11.6663,11.6663,11.6725,12.3533,12.352,12.3777,11.6705,11.6705,11.6763,11.3066,11.3066,11.3234,11.9682,11.9679,11.9701,11.2675,11.2676,11.2692,10.7897,10.7897,10.7898,10.6986,10.6986,10.6997
model.language_model.layers.31.per_layer_input_gate.weight,linear,ple_proj,31,256x2560,655360,25,2.6018,10.6411,12.7904,12.7918,12.8205,13.0086,13.011,13.0474,12.7931,12.7946,12.8227,12.4968,12.4982,12.5403,11.6175,11.6161,11.6707,11.3896,11.3897,11.4094,10.9998,10.9997,11.0013,10.8404,10.8407,10.8464,12.1063,12.1066,12.1294,12.4097,12.4092,12.4835,12.1096,12.11,12.1324,11.7617,11.7623,11.805,11.7289,11.7231,11.7951,11.2935,11.2931,11.3141,10.8973,10.8969,10.8984,10.7623,10.7615,10.7666,11.6662,11.6653,11.6876,12.3452,12.3344,12.4237,11.6714,11.6706,11.6918,11.33,11.3308,11.373,11.9193,11.9114,11.9691,11.253,11.2519,11.2712,10.8458,10.8457,10.8465,10.7236,10.7237,10.7269
model.language_model.layers.31.per_layer_projection.weight,linear,ple_proj,31,2560x256,655360,26,3.2422,11.289,12.8256,12.821,13.7334,13.0226,13.0315,14.4914,12.8287,12.8243,13.7385,12.536,12.537,14.227,11.8632,11.8651,12.2388,11.7053,11.7057,12.0982,12.2947,12.2948,12.3112,11.3284,11.3271,11.5129,12.131,12.1269,12.937,12.4896,12.4751,13.5222,12.1346,12.1304,12.9377,11.8111,11.808,13.3523,11.9333,11.9355,12.1931,11.6439,11.6454,12.0442,12.194,12.1943,12.2061,11.252,11.2521,11.4266,11.6898,11.6888,12.5307,12.4308,12.4171,12.8485,11.6949,11.6938,12.5307,11.3708,11.3721,12.8109,12.0732,12.0765,12.1972,11.6402,11.6405,12.0194,12.1471,12.1469,12.1537,11.2143,11.2141,11.3841
model.language_model.layers.31.self_attn.k_proj.weight,linear,attn,31,512x2560,1310720,23,2.491,10.5532,12.6996,12.698,12.6996,12.8854,12.8849,12.8871,12.7055,12.7041,12.7053,12.3156,12.3156,12.3172,11.4891,11.4885,11.4883,11.323,11.3232,11.3235,10.8363,10.8364,10.8364,10.7388,10.7392,10.7395,12.0464,12.0462,12.0466,12.2064,12.2074,12.2067,12.0483,12.048,12.0484,11.5976,11.597,11.5976,11.5594,11.5589,11.5557,11.2237,11.2241,11.2239,10.7339,10.7339,10.7339,10.6621,10.6621,10.6619,11.6084,11.6083,11.608,12.0793,12.0776,12.0761,11.6142,11.6146,11.6141,11.1767,11.1761,11.1764,11.7428,11.7414,11.7431,11.1789,11.1789,11.1793,10.6827,10.6826,10.6827,10.6279,10.6279,10.6277
model.language_model.layers.31.self_attn.o_proj.weight,linear,attn,31,2560x2048,5242880,27,2.597,10.638,12.7433,12.8054,12.8232,12.9621,13.0048,13.0262,12.7494,12.8101,12.8277,12.4249,12.4983,12.5234,11.6745,11.6848,11.6959,11.4105,11.4247,11.4294,10.9888,10.9902,10.9912,10.8342,10.8415,10.8454,12.0913,12.1208,12.1359,12.3855,12.448,12.4973,12.0939,12.1237,12.1385,11.7142,11.7809,11.8077,11.8011,11.8112,11.8302,11.3231,11.3372,11.3422,10.8853,10.8863,10.8872,10.7534,10.7598,10.7636,11.6641,11.6842,11.6979,12.3374,12.3995,12.4547,11.6692,11.6886,11.7017,11.2876,11.3521,11.3777,11.9647,11.974,11.9964,11.2841,11.2979,11.3032,10.8335,10.8341,10.8348,10.7147,10.7198,10.7234
model.language_model.layers.31.self_attn.q_proj.weight,linear,attn,31,2048x2560,5242880,28,2.6315,10.6771,12.7649,12.7652,12.8743,12.9797,12.98,13.0779,12.7698,12.7702,12.8775,12.4543,12.454,12.5998,11.7027,11.7016,11.7228,11.4293,11.4289,11.454,11.0473,11.0473,11.0499,10.8586,10.8587,10.8741,12.0999,12.1004,12.162,12.404,12.4027,12.5685,12.1029,12.1033,12.1655,11.7373,11.7372,11.8745,11.8253,11.8266,11.8557,11.3361,11.3362,11.3669,10.9437,10.9437,10.9457,10.7768,10.7769,10.7897,11.6682,11.6687,11.7202,12.3478,12.352,12.5066,11.6736,11.674,11.724,11.3084,11.309,11.4386,11.9779,11.9819,12.0033,11.2938,11.294,11.3291,10.8918,10.8918,10.8934,10.7365,10.7367,10.7467
model.language_model.layers.31.self_attn.v_proj.weight,linear,attn,31,512x2560,1310720,22,2.4912,10.5536,12.6992,12.6987,12.6993,12.8882,12.8864,12.8879,12.7049,12.7049,12.7061,12.3182,12.3165,12.3189,11.4899,11.4879,11.4866,11.3243,11.3232,11.3232,10.8364,10.8364,10.8365,10.7393,10.7393,10.739,12.0485,12.0478,12.0474,12.2148,12.2102,12.2133,12.0508,12.0498,12.0494,11.5993,11.599,11.5986,11.5586,11.5576,11.556,11.2244,11.2244,11.2249,10.7339,10.7338,10.7338,10.6624,10.6624,10.662,11.6094,11.6089,11.6095,12.0822,12.0811,12.0829,11.6154,11.6148,11.6154,11.177,11.177,11.1772,11.7426,11.7419,11.7408,11.1799,11.1801,11.18,10.6825,10.6826,10.6825,10.6277,10.6281,10.6276
model.language_model.layers.32.mlp.down_proj.weight,linear,mlp,32,2560x10240,26214400,31,2.5892,10.6275,12.7826,12.7829,12.796,13.0136,13.0134,13.0279,12.7855,12.7857,12.7986,12.5042,12.5037,12.5289,11.5892,11.5892,11.5941,11.3732,11.3731,11.3741,10.9905,10.9906,10.991,10.8381,10.8381,10.8395,12.1039,12.104,12.1105,12.4104,12.4106,12.4286,12.1081,12.1082,12.1152,11.7665,11.7664,11.7878,11.6931,11.6932,11.7011,11.2816,11.2814,11.2823,10.8873,10.8873,10.8876,10.7565,10.7566,10.7574,11.6656,11.666,11.6705,12.3214,12.3225,12.3401,11.6728,11.6732,11.6779,11.3291,11.3292,11.3489,11.8814,11.8814,11.8913,11.2441,11.244,11.245,10.836,10.8361,10.8362,10.717,10.7171,10.7177
model.language_model.layers.32.mlp.gate_proj.weight,linear,mlp,32,10240x2560,26214400,28,2.6029,10.6409,12.7588,12.759,12.8327,12.9749,12.9751,13.0422,12.7634,12.7636,12.837,12.4449,12.4454,12.5463,11.6664,11.6661,11.6694,11.4256,11.4258,11.4272,10.9976,10.9976,11.001,10.8482,10.8481,10.855,12.0947,12.0946,12.1424,12.3847,12.3837,12.5171,12.0976,12.0975,12.1463,11.7249,11.725,11.826,11.7911,11.7905,11.7979,11.3474,11.3472,11.3471,10.8946,10.8946,10.8965,10.7667,10.7666,10.7719,11.6615,11.6615,11.7062,12.3219,12.3216,12.4584,11.6669,11.667,11.7115,11.2964,11.2963,11.3879,11.9577,11.9576,11.9673,11.3155,11.3155,11.3156,10.8438,10.8438,10.8443,10.7284,10.7284,10.7316
model.language_model.layers.32.mlp.up_proj.weight,linear,mlp,32,10240x2560,26214400,31,2.5659,10.5976,12.7562,12.7559,12.7732,12.9739,12.9747,12.9852,12.762,12.7617,12.779,12.4426,12.4429,12.4626,11.6492,11.6488,11.6503,11.4052,11.4053,11.4082,10.9494,10.9494,10.95,10.8262,10.8261,10.8276,12.1007,12.1006,12.111,12.4145,12.4152,12.4391,12.1034,12.1033,12.1139,11.7336,11.7337,11.7545,11.7748,11.7739,11.7781,11.3266,11.3268,11.3293,10.8453,10.8452,10.8458,10.7454,10.7452,10.7467,11.674,11.6741,11.683,12.3739,12.3737,12.4046,11.6789,11.679,11.6878,11.3069,11.3068,11.3266,11.9464,11.9462,11.9517,11.2947,11.2947,11.2966,10.7932,10.7932,10.7935,10.7073,10.7073,10.7084
model.language_model.layers.32.per_layer_input_gate.weight,linear,ple_proj,32,256x2560,655360,22,2.5993,10.6377,12.7964,12.7955,12.8191,12.9993,12.9979,13.0336,12.799,12.7985,12.8213,12.4895,12.4898,12.5288,11.6104,11.6099,11.6709,11.3854,11.3838,11.4071,10.9919,10.9918,10.9935,10.8333,10.8333,10.8408,12.1047,12.105,12.1264,12.3925,12.3918,12.4684,12.1076,12.1078,12.1292,11.7563,11.756,11.7999,11.7191,11.7217,11.7961,11.2868,11.2858,11.3108,10.8891,10.8891,10.8904,10.7545,10.7547,10.7612,11.6592,11.66,11.6837,12.3154,12.3209,12.416,11.6643,11.6653,11.6876,11.3252,11.3261,11.3685,11.9046,11.9067,11.9741,11.244,11.2443,11.2678,10.8377,10.8375,10.8384,10.7164,10.7163,10.7214
model.language_model.layers.32.per_layer_projection.weight,linear,ple_proj,32,2560x256,655360,26,3.1915,11.241,12.8091,12.8179,13.6455,13.0666,13.0636,14.3486,12.8129,12.821,13.6531,12.5487,12.549,14.0767,11.8443,11.8481,12.1817,11.7013,11.7189,12.0425,12.1883,12.1893,12.2116,11.2939,11.2944,11.4527,12.1373,12.1396,12.8303,12.5198,12.5303,13.458,12.1416,12.1433,12.8322,11.817,11.8192,13.2044,11.9023,11.903,12.1668,11.6788,11.6791,12.0136,12.0917,12.0924,12.1074,11.2147,11.2151,11.3649,11.7052,11.7055,12.4237,12.4391,12.4324,12.8154,11.7101,11.7111,12.4237,11.3767,11.3751,12.6812,12.032,12.0257,12.1568,11.6954,11.6897,11.9927,12.0471,12.0464,12.0552,11.179,11.1782,11.3194
model.language_model.layers.32.self_attn.k_proj.weight,linear,attn,32,512x2560,1310720,22,2.4909,10.5482,12.7001,12.6983,12.6996,12.883,12.8827,12.8855,12.7061,12.7042,12.7059,12.3157,12.3144,12.3169,11.4863,11.4863,11.4849,11.322,11.3228,11.3215,10.8344,10.834,10.8342,10.7396,10.739,10.7397,12.0471,12.0457,12.0465,12.2061,12.2065,12.209,12.049,12.0477,12.0485,11.5989,11.5986,11.5982,11.5564,11.5531,11.5537,11.2233,11.2234,11.2236,10.7318,10.7317,10.7316,10.6628,10.6622,10.6626,11.6082,11.6076,11.6082,12.0783,12.0739,12.0795,11.614,11.6139,11.6141,11.1777,11.1774,11.1775,11.7404,11.7356,11.7372,11.1787,11.1784,11.1787,10.6804,10.6805,10.6804,10.6282,10.628,10.6285
model.language_model.layers.32.self_attn.o_proj.weight,linear,attn,32,2560x2048,5242880,28,2.5937,10.6308,12.7475,12.8041,12.8179,12.9622,13.0139,13.0312,12.753,12.8088,12.8225,12.4275,12.5045,12.5257,11.662,11.6654,11.6685,11.422,11.4238,11.4249,10.9832,10.986,10.9868,10.8394,10.8449,10.847,12.0898,12.1253,12.1366,12.3733,12.4693,12.5052,12.0924,12.1287,12.14,11.7119,11.7872,11.8083,11.7873,11.792,11.7984,11.3446,11.3445,11.346,10.8802,10.8818,10.8822,10.7586,10.7627,10.7644,11.6582,11.6912,11.7021,12.3122,12.4217,12.4513,11.6634,11.6963,11.7072,11.2846,11.3537,11.3725,11.9542,11.9612,11.9674,11.3131,11.3129,11.314,10.8293,10.8297,10.8299,10.7208,10.7234,10.7247
model.language_model.layers.32.self_attn.q_proj.weight,linear,attn,32,2048x2560,5242880,28,2.6367,10.6762,12.7658,12.7657,12.8808,12.982,12.9825,13.0871,12.7707,12.7705,12.8836,12.4562,12.4567,12.6107,11.7175,11.7186,11.7407,11.4339,11.434,11.4583,11.06,11.0601,11.0631,10.8651,10.8655,10.8781,12.1005,12.1008,12.165,12.4016,12.4052,12.5782,12.1036,12.1039,12.1682,11.7372,11.7378,11.883,11.8408,11.8442,11.8721,11.3361,11.3366,11.3673,10.9567,10.9568,10.959,10.7828,10.7831,10.7933,11.6678,11.6679,11.722,12.346,12.3457,12.5131,11.6733,11.6734,11.7253,11.3082,11.308,11.4468,11.9916,11.9921,12.0142,11.2899,11.2903,11.3258,10.9049,10.9049,10.9066,10.7413,10.7413,10.7495
model.language_model.layers.32.self_attn.v_proj.weight,linear,attn,32,512x2560,1310720,22,2.4895,10.5469,12.6992,12.6969,12.696,12.8844,12.8802,12.8815,12.7054,12.7037,12.7027,12.3151,12.3125,12.3123,11.4852,11.4841,11.4843,11.3217,11.321,11.3211,10.8328,10.8325,10.8326,10.7387,10.7384,10.7386,12.046,12.0451,12.0464,12.2061,12.2025,12.2047,12.0479,12.0471,12.0482,11.5972,11.5958,11.5965,11.5522,11.5543,11.5537,11.2224,11.2227,11.2226,10.7301,10.73,10.7301,10.6614,10.6613,10.6618,11.6077,11.6082,11.6086,12.0747,12.0757,12.0762,11.6137,11.614,11.6145,11.1759,11.1757,11.176,11.7323,11.7344,11.7354,11.1779,11.1783,11.1781,10.6788,10.6788,10.6789,10.6272,10.627,10.6278
model.language_model.layers.33.mlp.down_proj.weight,linear,mlp,33,2560x10240,26214400,30,2.586,10.6283,12.7792,12.7791,12.7982,12.9961,12.9962,13.0175,12.7821,12.7821,12.8006,12.4825,12.4825,12.5167,11.5845,11.5848,11.5952,11.3713,11.3714,11.3738,10.9888,10.9887,10.9895,10.8358,10.8357,10.8392,12.0982,12.0981,12.1078,12.3828,12.383,12.4111,12.1017,12.1017,12.1116,11.7473,11.7474,11.7768,11.6861,11.6855,11.7023,11.2765,11.2766,11.2789,10.8863,10.8863,10.8866,10.7569,10.7569,10.7598,11.6576,11.6576,11.6647,12.2985,12.298,12.3274,11.6642,11.6641,11.6711,11.3136,11.3138,11.3417,11.8753,11.8738,11.894,11.2375,11.2375,11.2397,10.8351,10.8351,10.8353,10.7189,10.7189,10.7209
model.language_model.layers.33.mlp.gate_proj.weight,linear,mlp,33,10240x2560,26214400,30,2.6023,10.6468,12.7637,12.7636,12.836,12.9751,12.9753,13.0389,12.768,12.7679,12.84,12.4476,12.4475,12.5433,11.6767,11.6762,11.6797,11.4166,11.4167,11.4326,10.9959,10.9959,11.0001,10.8429,10.8428,10.8497,12.0947,12.095,12.1413,12.3785,12.3787,12.5086,12.0976,12.0978,12.1449,11.7253,11.7255,11.8222,11.802,11.8017,11.8088,11.334,11.3342,11.3509,10.8924,10.8925,10.8958,10.7615,10.7616,10.7668,11.6593,11.6593,11.7032,12.3126,12.3128,12.457,11.6648,11.6647,11.708,11.297,11.2972,11.3865,11.9645,11.9651,11.9747,11.3057,11.3059,11.3183,10.8419,10.8419,10.8435,10.7227,10.7228,10.7261
model.language_model.layers.33.mlp.up_proj.weight,linear,mlp,33,10240x2560,26214400,29,2.5661,10.6008,12.7634,12.7631,12.7801,12.9706,12.9705,12.9809,12.7691,12.7687,12.7856,12.4424,12.4424,12.4608,11.6594,11.6594,11.6612,11.4033,11.4036,11.4062,10.9452,10.9452,10.9457,10.8201,10.8201,10.8216,12.1006,12.1006,12.1099,12.4033,12.4038,12.4253,12.103,12.1031,12.1123,11.732,11.7324,11.751,11.7862,11.7865,11.7895,11.3168,11.3171,11.3191,10.8414,10.8414,10.8419,10.7398,10.7397,10.7412,11.6701,11.6702,11.6774,12.364,12.3628,12.3928,11.6745,11.6745,11.6815,11.307,11.3072,11.3255,11.9551,11.9547,11.9606,11.2781,11.2782,11.2796,10.7893,10.7893,10.7896,10.7016,10.7016,10.7028
model.language_model.layers.33.per_layer_input_gate.weight,linear,ple_proj,33,256x2560,655360,22,2.5885,10.6281,12.7904,12.7886,12.8083,12.9973,12.994,13.0237,12.7934,12.7921,12.8106,12.4833,12.483,12.5143,11.6048,11.605,11.6395,11.3813,11.381,11.3947,10.9762,10.9761,10.9772,10.8274,10.8265,10.831,12.1042,12.1012,12.1185,12.3875,12.3877,12.4449,12.1075,12.1043,12.1215,11.7505,11.7496,11.7799,11.7173,11.7141,11.7604,11.2844,11.2835,11.2985,10.8736,10.8733,10.8741,10.7493,10.7477,10.7517,11.6604,11.6597,11.6749,12.3234,12.3196,12.378,11.666,11.6654,11.6792,11.3193,11.3196,11.348,11.9073,11.9067,11.9374,11.2437,11.2433,11.2565,10.8219,10.8219,10.8223,10.7109,10.7107,10.7126
model.language_model.layers.33.per_layer_projection.weight,linear,ple_proj,33,2560x256,655360,26,3.077,11.118,12.8213,12.8157,13.48,13.0522,13.0604,14.094,12.8247,12.8189,13.4871,12.5451,12.5495,13.7454,11.7918,11.7938,12.1,11.5929,11.5917,11.9152,11.9031,11.9041,11.9159,11.1953,11.1946,11.3212,12.1345,12.1356,12.6591,12.5088,12.5108,13.3663,12.1401,12.1406,12.6643,11.8182,11.8156,12.8927,11.8684,11.8678,12.1281,11.5001,11.4995,11.8929,11.8049,11.8048,11.812,11.113,11.1126,11.2284,11.6964,11.7039,12.2421,12.4121,12.4205,12.779,11.7027,11.7101,12.2423,11.3732,11.3728,12.3744,12.0056,12.0027,12.1236,11.4596,11.4596,11.8695,11.7566,11.7566,11.7601,11.078,11.0774,11.1809
model.language_model.layers.33.self_attn.k_proj.weight,linear,attn,33,512x2560,1310720,23,2.4939,10.5558,12.7048,12.7024,12.7064,12.8969,12.8952,12.8941,12.7102,12.7082,12.712,12.3263,12.3254,12.3255,11.4923,11.4936,11.4938,11.3276,11.3266,11.3275,10.8409,10.8409,10.8408,10.7413,10.7407,10.7413,12.0511,12.0506,12.0509,12.2223,12.222,12.214,12.0532,12.0527,12.0529,11.6045,11.6051,11.6034,11.5607,11.5654,11.5632,11.2275,11.2272,11.2273,10.7383,10.7385,10.7383,10.664,10.6642,10.6644,11.6125,11.6125,11.6111,12.093,12.0999,12.0903,11.6183,11.6187,11.6173,11.1811,11.1818,11.1807,11.7468,11.7539,11.7477,11.1836,11.1833,11.1836,10.6871,10.6872,10.687,10.63,10.6298,10.6296
model.language_model.layers.33.self_attn.o_proj.weight,linear,attn,33,2560x2048,5242880,28,2.6361,10.6804,12.7406,12.8307,12.8781,12.9693,13.0294,13.0907,12.7458,12.8343,12.8811,12.4313,12.5394,12.6092,11.7052,11.7164,11.7343,11.4291,11.4471,11.4623,11.0528,11.0541,11.0569,10.8589,10.8682,10.8766,12.0895,12.1296,12.1687,12.3882,12.4691,12.5944,12.0926,12.1327,12.172,11.7158,11.8132,11.884,11.8288,11.8438,11.8692,11.3383,11.3566,11.3773,10.9493,10.9508,10.9526,10.7766,10.7857,10.792,11.6636,11.6881,11.7272,12.3304,12.4113,12.5227,11.6694,11.6923,11.7308,11.2871,11.3819,11.4469,11.981,11.9922,12.0156,11.2985,11.3149,11.3399,10.8979,10.8988,10.9002,10.7364,10.744,10.7487
model.language_model.layers.33.self_attn.q_proj.weight,linear,attn,33,2048x2560,5242880,27,2.6357,10.6742,12.7733,12.7726,12.8799,12.9912,12.9902,13.0872,12.7774,12.7769,12.8828,12.4691,12.469,12.6105,11.7212,11.7204,11.7338,11.4345,11.4339,11.4562,11.057,11.0569,11.0601,10.8651,10.8654,10.8762,12.1029,12.1026,12.1643,12.4086,12.4093,12.578,12.1059,12.1057,12.1676,11.7466,11.7471,11.8813,11.8493,11.8466,11.8655,11.339,11.3382,11.366,10.9539,10.9538,10.9561,10.783,10.783,10.7914,11.6689,11.6688,11.7206,12.3497,12.3479,12.5079,11.6744,11.6745,11.7242,11.3165,11.3165,11.4442,11.9956,11.9924,12.0107,11.2943,11.2939,11.3254,10.9022,10.9021,10.9038,10.7414,10.7414,10.748
model.language_model.layers.33.self_attn.v_proj.weight,linear,attn,33,512x2560,1310720,22,2.4937,10.5562,12.7039,12.701,12.7024,12.8947,12.8931,12.8948,12.7093,12.7069,12.7081,12.3247,12.3241,12.3243,11.4929,11.4946,11.4943,11.3274,11.327,11.3274,10.8405,10.8405,10.8405,10.7406,10.7413,10.7411,12.0519,12.0509,12.0508,12.2234,12.2233,12.2253,12.054,12.0529,12.053,11.6046,11.6035,11.6043,11.5634,11.566,11.5671,11.2277,11.2282,11.2285,10.7378,10.738,10.7378,10.6635,10.6642,10.6637,11.6123,11.6126,11.6127,12.0965,12.0932,12.102,11.6185,11.6187,11.6187,11.1816,11.1808,11.1811,11.7448,11.7479,11.754,11.1835,11.1834,11.1846,10.6865,10.6866,10.6866,10.629,10.6295,10.6294
model.language_model.layers.34.mlp.down_proj.weight,linear,mlp,34,2560x10240,26214400,30,2.5818,10.6268,12.7681,12.7677,12.789,12.9933,12.993,13.0163,12.7711,12.7707,12.7916,12.4721,12.4716,12.5104,11.5818,11.5818,11.5914,11.3692,11.3693,11.3713,10.981,10.981,10.9817,10.8297,10.8297,10.8336,12.0946,12.0944,12.1049,12.3796,12.3795,12.4097,12.0982,12.098,12.1089,11.7376,11.7374,11.7705,11.6824,11.6828,11.6973,11.2757,11.2759,11.2775,10.8783,10.8783,10.8786,10.7503,10.7503,10.7534,11.6567,11.6566,11.6644,12.2947,12.2934,12.3226,11.6634,11.6633,11.6712,11.3034,11.3032,11.3342,11.8723,11.8719,11.8896,11.2372,11.2373,11.239,10.8271,10.8271,10.8273,10.7122,10.7121,10.7144
model.language_model.layers.34.mlp.gate_proj.weight,linear,mlp,34,10240x2560,26214400,31,2.6025,10.641,12.7637,12.7637,12.8326,12.9731,12.9734,13.0419,12.7683,12.7682,12.8369,12.4458,12.4458,12.5456,11.6658,11.6664,11.669,11.4258,11.426,11.4267,10.996,10.9961,10.9999,10.8471,10.8471,10.8541,12.0951,12.0952,12.1425,12.3799,12.3799,12.5174,12.0979,12.098,12.1464,11.7254,11.7255,11.825,11.7912,11.7915,11.7976,11.3469,11.347,11.3467,10.8932,10.8932,10.8954,10.7658,10.7658,10.771,11.66,11.66,11.7063,12.3181,12.3162,12.46,11.6651,11.6652,11.7117,11.2974,11.2978,11.387,11.9589,11.9581,11.9677,11.3151,11.3151,11.3153,10.8426,10.8426,10.8432,10.7278,10.7278,10.7309
model.language_model.layers.34.mlp.up_proj.weight,linear,mlp,34,10240x2560,26214400,29,2.5661,10.5979,12.7602,12.7596,12.7743,12.9747,12.9744,12.9857,12.7659,12.7655,12.7801,12.4456,12.4452,12.4634,11.6491,11.6494,11.6506,11.4053,11.4051,11.4081,10.9495,10.9495,10.9502,10.8259,10.826,10.8275,12.1017,12.1016,12.111,12.4151,12.4147,12.4386,12.1045,12.1043,12.1138,11.7362,11.7361,11.7547,11.7743,11.7756,11.7778,11.3257,11.3258,11.3283,10.8454,10.8454,10.846,10.7451,10.7452,10.7466,11.6739,11.674,11.6825,12.3722,12.3735,12.4041,11.6787,11.6787,11.6872,11.3094,11.3095,11.3272,11.9478,11.9495,11.9526,11.293,11.2931,11.2953,10.7934,10.7934,10.7937,10.7071,10.7072,10.7083
model.language_model.layers.34.per_layer_input_gate.weight,linear,ple_proj,34,256x2560,655360,25,2.5747,10.6163,12.7765,12.778,12.7961,12.9756,12.9783,12.9917,12.7798,12.7818,12.8002,12.4578,12.4586,12.4809,11.5945,11.5929,11.6217,11.3752,11.3738,11.3836,10.9544,10.9542,10.9555,10.813,10.812,10.8165,12.0938,12.0957,12.1075,12.3568,12.3648,12.3979,12.0967,12.0983,12.1103,11.7266,11.7284,11.752,11.6998,11.6978,11.7383,11.2772,11.2781,11.2869,10.8516,10.8517,10.8523,10.7338,10.7341,10.7372,11.6504,11.6521,11.6634,12.2858,12.2796,12.3433,11.6559,11.6572,11.6679,11.2996,11.3006,11.3246,11.8884,11.8839,11.9257,11.2351,11.2357,11.2444,10.8003,10.8002,10.8008,10.6969,10.6968,10.6994
model.language_model.layers.34.per_layer_projection.weight,linear,ple_proj,34,2560x256,655360,25,3.2069,11.2481,12.8031,12.8175,13.6762,13.0479,13.0696,14.4066,12.8066,12.8215,13.6827,12.545,12.5567,14.1187,11.8399,11.8397,12.1982,11.717,11.7192,12.0762,12.2227,12.2228,12.2464,11.3,11.3,11.4687,12.1371,12.1389,12.8741,12.5223,12.533,13.4823,12.1414,12.1429,12.8757,11.8167,11.8241,13.2454,11.9043,11.9049,12.1723,11.6923,11.6909,12.0413,12.1255,12.1256,12.1421,11.2206,11.2207,11.3816,11.7058,11.706,12.4729,12.421,12.4307,12.8298,11.7109,11.711,12.4729,11.3782,11.3836,12.7162,12.0411,12.0439,12.1683,11.7187,11.7186,12.0175,12.0814,12.0813,12.0899,11.1831,11.1834,11.3366
model.language_model.layers.34.self_attn.k_proj.weight,linear,attn,34,512x2560,1310720,20,2.4914,10.5553,12.7008,12.7008,12.6991,12.8886,12.8911,12.888,12.7066,12.7069,12.7047,12.3171,12.3199,12.3185,11.4888,11.4898,11.4885,11.3244,11.325,11.3244,10.8381,10.8384,10.8382,10.7396,10.7402,10.7399,12.0481,12.0488,12.0486,12.2106,12.2148,12.2092,12.0501,12.0507,12.0505,11.5987,11.6001,11.6001,11.5586,11.5579,11.5561,11.2242,11.2248,11.2244,10.7356,10.7358,10.7357,10.6628,10.6635,10.6629,11.6097,11.6094,11.6092,12.0805,12.0859,12.0827,11.6159,11.6154,11.6153,11.1777,11.1773,11.1769,11.7409,11.7397,11.7388,11.1795,11.1799,11.1797,10.6844,10.6844,10.6843,10.6281,10.6288,10.6284
model.language_model.layers.34.self_attn.o_proj.weight,linear,attn,34,2560x2048,5242880,28,2.6075,10.6485,12.7438,12.8101,12.8353,12.9664,13.0106,13.0477,12.7492,12.8148,12.8398,12.4295,12.5068,12.5477,11.6753,11.6849,11.6961,11.4328,11.437,11.441,11.0031,11.0047,11.0062,10.8435,10.8509,10.8564,12.0908,12.1241,12.1471,12.3872,12.458,12.5369,12.0936,12.127,12.1506,11.7159,11.789,11.8303,11.8018,11.8127,11.8287,11.356,11.3585,11.362,10.9,10.901,10.9019,10.7629,10.7693,10.7733,11.6632,11.6876,11.7118,12.3336,12.4098,12.4866,11.6685,11.6918,11.7161,11.2879,11.359,11.3965,11.9667,11.9743,11.9953,11.3247,11.3266,11.3296,10.8485,10.8488,10.8496,10.7239,10.7296,10.7329
model.language_model.layers.34.self_attn.q_proj.weight,linear,attn,34,2048x2560,5242880,26,2.6651,10.6984,12.7748,12.774,12.921,12.9848,12.9842,13.1187,12.7794,12.7788,12.923,12.4643,12.4635,12.6741,11.7255,11.7266,11.7517,11.4434,11.4437,11.4673,11.1093,11.1092,11.1122,10.8918,10.8921,10.9064,12.1036,12.1038,12.1789,12.4075,12.4051,12.6122,12.1066,12.1067,12.1827,11.7448,11.744,11.9397,11.8471,11.8481,11.8842,11.3476,11.348,11.3755,11.0061,11.0062,11.0081,10.8094,10.8096,10.8201,11.6689,11.6685,11.7321,12.356,12.3508,12.5327,11.6739,11.6737,11.7354,11.3156,11.315,11.5,11.9909,11.9921,12.021,11.3036,11.3039,11.3342,10.9544,10.9545,10.9558,10.7677,10.7678,10.775
model.language_model.layers.34.self_attn.v_proj.weight,linear,attn,34,512x2560,1310720,23,2.4905,10.5543,12.6994,12.6983,12.6998,12.8842,12.8864,12.887,12.7059,12.7041,12.7052,12.3153,12.317,12.3168,11.4847,11.4851,11.4841,11.3222,11.3229,11.3229,10.8368,10.837,10.8369,10.7383,10.7394,10.739,12.0455,12.0461,12.046,12.2033,12.2073,12.2061,12.0476,12.048,12.0478,11.5957,11.5964,11.5962,11.5518,11.5495,11.5493,11.2229,11.2228,11.2229,10.7343,10.7343,10.7342,10.6618,10.662,10.6616,11.6071,11.6082,11.6077,12.0666,12.0742,12.0702,11.6133,11.6142,11.614,11.1742,11.1753,11.1753,11.7354,11.7344,11.7386,11.1778,11.1774,11.1779,10.6831,10.6831,10.6831,10.6273,10.6278,10.6273
model.language_model.layers.35.mlp.down_proj.weight,linear,mlp,35,2560x10240,26214400,31,2.583,10.6234,12.7639,12.7643,12.7872,12.9965,12.9968,13.0203,12.767,12.7673,12.7898,12.475,12.4753,12.5146,11.5827,11.5828,11.591,11.3693,11.3695,11.3715,10.9835,10.9834,10.9841,10.8316,10.8317,10.8341,12.0942,12.0945,12.1061,12.3855,12.3858,12.418,12.098,12.0984,12.1104,11.7401,11.7404,11.7748,11.6844,11.6843,11.6972,11.2777,11.2776,11.2794,10.8804,10.8804,10.8807,10.7507,10.7508,10.7525,11.6585,11.6584,11.6672,12.2986,12.2993,12.3302,11.6656,11.6656,11.6743,11.3047,11.3048,11.3369,11.8727,11.8732,11.8894,11.24,11.2399,11.2418,10.8292,10.8292,10.8294,10.7117,10.7118,10.7129
model.language_model.layers.35.mlp.gate_proj.weight,linear,mlp,35,10240x2560,26214400,31,2.5869,10.6245,12.773,12.7732,12.8075,12.9745,12.9748,13.0179,12.7781,12.7783,12.8122,12.4513,12.4514,12.5078,11.6668,11.6663,11.6684,11.4235,11.4232,11.4245,10.9745,10.9745,10.9769,10.8357,10.8357,10.8406,12.1028,12.1027,12.1298,12.4011,12.3994,12.4857,12.1053,12.1052,12.1329,11.7376,11.7375,11.7932,11.7949,11.794,11.7968,11.3453,11.3452,11.3455,10.8713,10.8713,10.8725,10.7554,10.7554,10.7587,11.6682,11.6681,11.6963,12.3565,12.3555,12.4399,11.6725,11.6724,11.701,11.312,11.3122,11.3605,11.9622,11.962,11.9651,11.3137,11.3136,11.3139,10.8198,10.8198,10.8203,10.7173,10.7174,10.7193
model.language_model.layers.35.mlp.up_proj.weight,linear,mlp,35,10240x2560,26214400,29,2.5669,10.5982,12.7635,12.7635,12.7739,12.9812,12.9808,12.9871,12.7693,12.7693,12.7797,12.4539,12.4537,12.4653,11.6481,11.6477,11.648,11.4075,11.4072,11.4088,10.9535,10.9534,10.9537,10.8296,10.8295,10.8306,12.1061,12.106,12.112,12.4312,12.4309,12.4436,12.1089,12.1089,12.1149,11.7457,11.7458,11.7575,11.7744,11.7739,11.7751,11.33,11.3297,11.3311,10.8492,10.8492,10.8494,10.7485,10.7485,10.7495,11.68,11.6798,11.684,12.3946,12.3924,12.4064,11.6849,11.6848,11.6889,11.3183,11.3181,11.3291,11.9497,11.9486,11.9495,11.2988,11.2986,11.2995,10.797,10.7969,10.7971,10.7102,10.7102,10.7111
model.language_model.layers.35.per_layer_input_gate.weight,linear,ple_proj,35,256x2560,655360,25,2.5751,10.6175,12.7679,12.7687,12.7899,12.9727,12.9745,13.0052,12.7714,12.7716,12.793,12.4468,12.4467,12.4828,11.5844,11.588,11.6342,11.3711,11.3717,11.3889,10.9519,10.9521,10.9534,10.8095,10.81,10.816,12.0881,12.0905,12.1101,12.3477,12.3555,12.414,12.0909,12.0934,12.1129,11.715,11.7178,11.7527,11.6867,11.6896,11.7552,11.2739,11.2741,11.2925,10.8493,10.8494,10.8505,10.7316,10.7317,10.7373,11.6479,11.6496,11.6678,12.2618,12.2776,12.3524,11.6537,11.6549,11.6719,11.2866,11.2889,11.3247,11.8782,11.8841,11.9357,11.2317,11.2327,11.2496,10.7979,10.7981,10.7987,10.6953,10.6955,10.6993
model.language_model.layers.35.per_layer_projection.weight,linear,ple_proj,35,2560x256,655360,29,3.225,11.2759,12.8024,12.791,13.7164,13.0278,13.0313,14.4615,12.8058,12.7948,13.7218,12.5151,12.5051,14.1875,11.8435,11.8424,12.2257,11.7075,11.7045,12.0967,12.2647,12.2645,12.2844,11.3254,11.3258,11.4967,12.1291,12.1262,12.9233,12.5054,12.4962,13.4953,12.1319,12.1292,12.9245,11.7884,11.7824,13.3041,11.9096,11.9137,12.173,11.6635,11.6604,12.0424,12.166,12.1661,12.1797,11.2503,11.2499,11.4097,11.6922,11.6917,12.5227,12.4572,12.4321,12.829,11.6968,11.6965,12.5227,11.3567,11.3491,12.765,12.0498,12.0513,12.1627,11.6743,11.6725,12.0168,12.1207,12.1208,12.128,11.2247,11.2245,11.3681
model.language_model.layers.35.self_attn.k_proj.weight,linear,attn,35,1024x2560,2621440,23,2.4953,10.5546,12.7037,12.7034,12.7035,12.9016,12.9017,12.9014,12.7087,12.7085,12.7085,12.3306,12.3295,12.3298,11.4973,11.4976,11.4983,11.3277,11.3282,11.3282,10.8354,10.8353,10.8353,10.7387,10.7387,10.7388,12.052,12.0523,12.0532,12.2296,12.2293,12.232,12.0543,12.0546,12.0553,11.6069,11.6063,11.6069,11.5697,11.5682,11.5708,11.2289,11.229,11.2295,10.7328,10.7327,10.7328,10.6618,10.6619,10.6619,11.6145,11.6141,11.6145,12.1111,12.1042,12.1062,11.6206,11.6205,11.6204,11.1824,11.182,11.1822,11.7588,11.7572,11.7579,11.1853,11.1854,11.1853,10.6816,10.6816,10.6816,10.6278,10.6279,10.6278
model.language_model.layers.35.self_attn.o_proj.weight,linear,attn,35,2560x4096,10485760,28,2.6293,10.6622,12.7326,12.8533,12.865,12.9781,13.0643,13.0757,12.7377,12.8555,12.8671,12.4377,12.5866,12.6031,11.6657,11.6913,11.6998,11.4127,11.4235,11.4263,11.048,11.0501,11.0506,10.8686,10.8727,10.8743,12.0882,12.1415,12.1478,12.3983,12.5065,12.5274,12.0918,12.1451,12.1512,11.7194,11.8491,11.8644,11.7727,11.8151,11.8289,11.3199,11.3277,11.3303,10.9447,10.9467,10.9472,10.7864,10.7902,10.7919,11.6656,11.6962,11.7013,12.3308,12.432,12.4552,11.6723,11.7006,11.7054,11.2864,11.4124,11.4279,11.9355,11.9753,11.9897,11.279,11.2845,11.287,10.8931,10.8948,10.8951,10.7448,10.7481,10.7495
model.language_model.layers.35.self_attn.q_proj.weight,linear,attn,35,4096x2560,10485760,27,2.772,10.7953,12.7691,12.7693,13.058,12.9949,12.9957,13.2611,12.774,12.7741,13.0597,12.4738,12.4741,12.924,11.7553,11.7548,11.8232,11.4856,11.4857,11.5191,11.3168,11.3167,11.3193,10.9962,10.996,11.0192,12.1067,12.1062,12.2374,12.4311,12.4315,12.7722,12.1102,12.1097,12.2431,11.7561,11.7559,12.1684,11.8594,11.8585,11.9501,11.398,11.3978,11.4279,11.2134,11.2134,11.215,10.9116,10.9115,10.9273,11.6774,11.6773,11.7856,12.3755,12.3739,12.6053,11.6833,11.6833,11.7887,11.324,11.3238,11.7179,11.9906,11.991,12.0524,11.3621,11.3623,11.3843,11.1618,11.1618,11.1626,10.8682,10.8683,10.8785
model.language_model.layers.35.self_attn.v_proj.weight,linear,attn,35,1024x2560,2621440,22,2.4944,10.5539,12.7022,12.7041,12.7034,12.9016,12.9051,12.9029,12.7074,12.7088,12.7078,12.3293,12.3311,12.3299,11.4983,11.499,11.4988,11.3278,11.3291,11.3282,10.8338,10.8341,10.834,10.7381,10.7384,10.7381,12.0525,12.0535,12.0527,12.2278,12.2311,12.2292,12.0547,12.0557,12.0549,11.6054,11.6065,11.6056,11.5716,11.5699,11.5697,11.2292,11.2292,11.2286,10.7313,10.7313,10.7312,10.6612,10.6613,10.6612,11.6142,11.6149,11.6143,12.1054,12.1096,12.103,11.6206,11.621,11.6205,11.1809,11.1815,11.1805,11.7586,11.7559,11.758,11.1854,11.1853,11.1849,10.68,10.68,10.68,10.6267,10.6269,10.6269
model.language_model.layers.36.mlp.down_proj.weight,linear,mlp,36,2560x10240,26214400,29,2.5758,10.619,12.757,12.7567,12.7786,12.989,12.9887,13.0122,12.7602,12.7599,12.7812,12.4619,12.4616,12.5,11.578,11.5775,11.5855,11.3665,11.3662,11.3684,10.9719,10.9719,10.9726,10.8237,10.8237,10.8273,12.0902,12.0902,12.1012,12.3753,12.3743,12.4042,12.094,12.0939,12.1054,11.7285,11.7285,11.761,11.6769,11.6772,11.689,11.2742,11.2741,11.2755,10.8689,10.869,10.8693,10.7435,10.7436,10.7465,11.6552,11.6553,11.663,12.2883,12.2871,12.3162,11.6622,11.6623,11.6701,11.2937,11.2937,11.3242,11.8682,11.8677,11.881,11.2363,11.2363,11.2374,10.8177,10.8177,10.818,10.7053,10.7054,10.7074
model.language_model.layers.36.mlp.gate_proj.weight,linear,mlp,36,10240x2560,26214400,29,2.5799,10.6151,12.7658,12.7661,12.7946,12.9697,12.9696,13.0087,12.7712,12.7716,12.7997,12.4425,12.4426,12.4922,11.6608,11.6608,11.6625,11.4187,11.4183,11.4193,10.965,10.965,10.9673,10.8323,10.8323,10.8368,12.1002,12.1002,12.1239,12.3975,12.3976,12.475,12.1026,12.1026,12.127,11.7311,11.7312,11.7801,11.7883,11.7884,11.7909,11.3411,11.3408,11.3414,10.8618,10.8618,10.863,10.7523,10.7523,10.7554,11.6675,11.6677,11.6934,12.3552,12.3554,12.4341,11.6718,11.6719,11.6982,11.3063,11.3063,11.3489,11.9581,11.9589,11.9625,11.3094,11.3095,11.3099,10.8102,10.8103,10.8107,10.7145,10.7147,10.7165
model.language_model.layers.36.mlp.up_proj.weight,linear,mlp,36,10240x2560,26214400,28,2.5602,10.5892,12.7539,12.7542,12.7591,12.9786,12.9788,12.9822,12.7601,12.7603,12.7651,12.4467,12.4472,12.4527,11.6397,11.6395,11.6406,11.402,11.402,11.4026,10.9474,10.9474,10.9475,10.8292,10.8291,10.8297,12.1034,12.1033,12.1062,12.4317,12.4331,12.4395,12.1063,12.1062,12.1091,11.7404,11.7406,11.7463,11.7648,11.7641,11.7669,11.3252,11.3252,11.3257,10.8431,10.8431,10.8432,10.7481,10.7481,10.7487,11.6805,11.6806,11.6826,12.3956,12.3951,12.4014,11.6856,11.6857,11.6877,11.3128,11.3128,11.3181,11.9401,11.9402,11.9425,11.2939,11.2939,11.294,10.7908,10.7908,10.7908,10.7101,10.7102,10.7106
model.language_model.layers.36.per_layer_input_gate.weight,linear,ple_proj,36,256x2560,655360,23,2.5683,10.6134,12.7733,12.7722,12.7894,12.964,12.9657,12.9856,12.777,12.7756,12.7922,12.4398,12.4397,12.4668,11.5916,11.5901,11.6203,11.3719,11.3729,11.3837,10.9461,10.9459,10.9471,10.8056,10.8043,10.8094,12.0913,12.0921,12.1054,12.3426,12.3492,12.391,12.0936,12.0945,12.1077,11.714,11.7155,11.7413,11.7001,11.6982,11.7346,11.2738,11.2745,11.2849,10.8432,10.8434,10.8441,10.7275,10.7266,10.7308,11.6477,11.649,11.6614,12.2816,12.2823,12.3296,11.6524,11.6537,11.6655,11.2893,11.2901,11.3135,11.8964,11.8975,11.9257,11.2316,11.232,11.242,10.7918,10.7919,10.7921,10.6899,10.6899,10.6924
model.language_model.layers.36.per_layer_projection.weight,linear,ple_proj,36,2560x256,655360,27,3.4464,11.4772,12.7054,12.7142,14.0876,12.9979,12.9893,14.8524,12.7088,12.7199,14.0894,12.4279,12.4399,14.8874,12.2967,12.2918,12.2994,12.0602,12.0615,12.2311,12.914,12.9144,12.9305,11.6325,11.6384,11.7345,12.0847,12.0915,13.3254,12.4751,12.4659,13.6574,12.0869,12.094,13.3254,11.7414,11.7386,13.991,12.2201,12.2185,12.2317,11.9792,11.9904,12.1335,12.8099,12.8103,12.8257,11.5398,11.542,11.6619,11.6822,11.6834,12.8509,12.4751,12.4322,12.9239,11.6856,11.6874,12.8509,11.3311,11.3185,13.4344,12.2333,12.2331,12.2636,11.9436,11.9598,12.0781,12.7602,12.7605,12.7736,11.4989,11.4981,11.6348
model.language_model.layers.36.self_attn.k_proj.weight,linear,attn,36,512x2560,1310720,22,2.4945,10.555,12.7037,12.7042,12.7046,12.898,12.8981,12.8996,12.7089,12.7095,12.7098,12.3269,12.3288,12.3291,11.4944,11.4948,11.4944,11.3273,11.3275,11.3274,10.8368,10.8369,10.8368,10.7393,10.7396,10.7399,12.0515,12.0533,12.0524,12.2233,12.228,12.2265,12.0537,12.0556,12.0547,11.6048,11.6068,11.6064,11.5671,11.5696,11.5677,11.2282,11.2286,11.2281,10.7343,10.7344,10.7341,10.6624,10.6628,10.6626,11.613,11.614,11.6134,12.0989,12.1093,12.0978,11.6193,11.62,11.62,11.1812,11.1815,11.1811,11.7507,11.7572,11.751,11.1841,11.1844,11.1837,10.6829,10.6829,10.6827,10.6279,10.6283,10.6279
model.language_model.layers.36.self_attn.o_proj.weight,linear,attn,36,2560x2048,5242880,27,2.5922,10.6238,12.746,12.7893,12.8056,12.9688,13.0092,13.0283,12.7513,12.7942,12.8105,12.4332,12.4943,12.5189,11.6481,11.6507,11.6653,11.4121,11.4132,11.4174,10.9862,10.9884,10.9891,10.8451,10.8495,10.854,12.0922,12.1204,12.1327,12.391,12.468,12.507,12.0951,12.1238,12.1364,11.7189,11.7795,11.8049,11.7704,11.7728,11.7965,11.3334,11.3336,11.3383,10.8828,10.8841,10.8845,10.764,10.7673,10.7712,11.6646,11.6904,11.7028,12.3359,12.4136,12.4522,11.6701,11.6961,11.7083,11.2901,11.346,11.3698,11.9453,11.9483,11.973,11.302,11.302,11.3058,10.8317,10.8319,10.8323,10.7266,10.7285,10.7321
model.language_model.layers.36.self_attn.q_proj.weight,linear,attn,36,2048x2560,5242880,28,2.6546,10.6871,12.7718,12.7708,12.9051,12.9821,12.9823,13.1031,12.776,12.7756,12.9072,12.4564,12.4559,12.6505,11.7335,11.7329,11.7561,11.4404,11.4399,11.4598,11.0886,11.0886,11.091,10.8836,10.8835,10.8963,12.1028,12.1016,12.1687,12.4044,12.4043,12.5838,12.1055,12.1043,12.1722,11.7384,11.7378,11.9156,11.8558,11.8554,11.8883,11.3406,11.3406,11.3629,10.9858,10.9857,10.9871,10.8021,10.8019,10.8113,11.6682,11.668,11.7213,12.3501,12.3501,12.5091,11.673,11.6728,11.7245,11.3105,11.3101,11.4788,11.9988,11.9963,12.0218,11.2917,11.2917,11.3174,10.9339,10.9339,10.9349,10.7608,10.7607,10.7669
model.language_model.layers.36.self_attn.v_proj.weight,linear,attn,36,512x2560,1310720,23,2.494,10.5541,12.7024,12.7018,12.7012,12.8991,12.8976,12.8973,12.7075,12.7073,12.7066,12.3264,12.3254,12.3252,11.494,11.4915,11.4925,11.3272,11.3267,11.3257,10.8365,10.8362,10.8361,10.7391,10.7383,10.7384,12.0507,12.0512,12.0496,12.2251,12.2253,12.2207,12.0527,12.0534,12.0518,11.6036,11.6039,11.6032,11.5623,11.5613,11.5631,11.227,11.2267,11.226,10.7337,10.7337,10.7337,10.6619,10.6618,10.6616,11.612,11.6122,11.6116,12.0961,12.0927,12.0902,11.618,11.6185,11.6178,11.1801,11.1801,11.1797,11.7469,11.7424,11.744,11.1823,11.182,11.1819,10.6825,10.6825,10.6825,10.6277,10.6276,10.6276
model.language_model.layers.37.mlp.down_proj.weight,linear,mlp,37,2560x10240,26214400,29,2.5706,10.6146,12.7579,12.7578,12.7782,12.9802,12.9803,12.9999,12.7612,12.761,12.7807,12.4522,12.4522,12.4859,11.574,11.5741,11.5791,11.364,11.364,11.3655,10.9635,10.9635,10.9637,10.8222,10.8223,10.8242,12.0885,12.0885,12.0975,12.3601,12.3611,12.3825,12.0919,12.0919,12.1012,11.7201,11.7201,11.7478,11.672,11.6724,11.6807,11.2693,11.2694,11.2703,10.8607,10.8607,10.861,10.7439,10.7439,10.7459,11.6514,11.6515,11.6567,12.2763,12.2766,12.2962,11.658,11.6581,11.6634,11.2878,11.2879,11.3136,11.8632,11.8623,11.8727,11.2304,11.2304,11.231,10.8095,10.8095,10.8097,10.7066,10.7065,10.7082
model.language_model.layers.37.mlp.gate_proj.weight,linear,mlp,37,10240x2560,26214400,28,2.5722,10.6133,12.768,12.7687,12.7913,12.962,12.9623,12.9916,12.7732,12.7739,12.7963,12.4354,12.4357,12.4727,11.6742,11.6743,11.675,11.4061,11.4062,11.4122,10.9493,10.9493,10.9514,10.8184,10.8184,10.8221,12.0963,12.0963,12.1159,12.3735,12.3739,12.438,12.0985,12.0985,12.1184,11.7211,11.7211,11.7595,11.8049,11.8049,11.8051,11.3158,11.3158,11.3223,10.8461,10.8462,10.8476,10.7389,10.7389,10.7416,11.6591,11.6591,11.6809,12.3266,12.3252,12.4042,11.6632,11.6632,11.6848,11.2979,11.2977,11.3329,11.971,11.971,11.9726,11.2746,11.2747,11.2811,10.7947,10.7947,10.7954,10.7012,10.7012,10.7029
model.language_model.layers.37.mlp.up_proj.weight,linear,mlp,37,10240x2560,26214400,29,2.5555,10.5883,12.758,12.7583,12.7625,12.9641,12.9644,12.9666,12.7641,12.7644,12.7685,12.4334,12.4336,12.4379,11.6545,11.6537,11.6543,11.3992,11.3992,11.4,10.9307,10.9307,10.9308,10.8135,10.8135,10.8138,12.0991,12.0989,12.1012,12.4015,12.4012,12.4046,12.1014,12.1012,12.1035,11.7269,11.7268,11.7308,11.7808,11.7807,11.7812,11.3125,11.3124,11.3127,10.8269,10.8269,10.827,10.7336,10.7336,10.734,11.6705,11.6703,11.6717,12.3697,12.3676,12.375,11.6745,11.6744,11.6756,11.3039,11.3035,11.3077,11.9515,11.9499,11.9518,11.2723,11.2722,11.2724,10.7747,10.7747,10.7747,10.6958,10.6958,10.6963
model.language_model.layers.37.per_layer_input_gate.weight,linear,ple_proj,37,256x2560,655360,23,2.5757,10.6234,12.7736,12.7775,12.7999,12.9637,12.9703,12.9986,12.7771,12.7816,12.8036,12.4385,12.4441,12.4818,11.6176,11.6201,11.6673,11.392,11.3926,11.4048,10.9612,10.9613,10.9631,10.8128,10.8138,10.8189,12.0953,12.0964,12.1148,12.3571,12.3603,12.4305,12.0974,12.099,12.1176,11.7176,11.7191,11.7586,11.7243,11.7271,11.7963,11.2939,11.2937,11.3076,10.8584,10.8585,10.8598,10.734,10.7346,10.7388,11.6525,11.6526,11.674,12.2944,12.2994,12.3847,11.6571,11.6573,11.6776,11.2926,11.2925,11.3312,11.9061,11.913,11.9667,11.2497,11.2504,11.2624,10.807,10.807,10.8078,10.6959,10.6967,10.6993
model.language_model.layers.37.per_layer_projection.weight,linear,ple_proj,37,2560x256,655360,28,3.5282,11.5477,12.9709,12.952,14.255,13.2465,13.2392,14.9624,12.9735,12.9548,14.2563,12.7841,12.7724,15.1804,12.2056,12.2059,12.3151,12.152,12.1461,12.2539,13.2343,13.235,13.2676,11.7486,11.743,11.8333,12.222,12.2279,13.4985,12.7501,12.7689,13.6957,12.2255,12.2319,13.4986,12.023,12.0329,14.2807,12.1799,12.1814,12.2552,12.0791,12.0786,12.1428,13.1386,13.1388,13.1633,11.6934,11.688,11.7629,11.7962,11.79,12.9187,12.5762,12.5726,12.9532,11.7988,11.7934,12.9187,11.5866,11.5843,13.7406,12.2447,12.2496,12.3087,12.0583,12.0595,12.0835,13.0965,13.097,13.1112,11.6791,11.6773,11.7342
model.language_model.layers.37.self_attn.k_proj.weight,linear,attn,37,512x2560,1310720,20,2.4966,10.554,12.6965,12.6988,12.6966,12.9168,12.9187,12.9181,12.7008,12.7029,12.701,12.3385,12.3393,12.3389,11.5102,11.5089,11.5084,11.3316,11.3316,11.3307,10.8306,10.8304,10.8304,10.7378,10.7377,10.7374,12.0537,12.0552,12.0544,12.2507,12.2543,12.2529,12.0561,12.0575,12.0569,11.6107,11.6116,11.6117,11.5847,11.5861,11.5834,11.2345,11.2346,11.2341,10.7277,10.7278,10.7278,10.6611,10.661,10.6612,11.6202,11.6208,11.6199,12.1343,12.1353,12.1381,11.6268,11.6272,11.6268,11.1837,11.1836,11.1841,11.7727,11.7723,11.7707,11.1921,11.1921,11.1916,10.6766,10.6766,10.6765,10.6266,10.6269,10.6271
model.language_model.layers.37.self_attn.o_proj.weight,linear,attn,37,2560x2048,5242880,25,2.58,10.6144,12.7513,12.7617,12.7907,12.9671,12.974,13.0037,12.757,12.7677,12.7961,12.4326,12.4457,12.4859,11.6588,11.6596,11.6776,11.4057,11.4078,11.4198,10.965,10.9655,10.9666,10.8279,10.8287,10.8358,12.0959,12.1026,12.1227,12.3977,12.4162,12.4754,12.0985,12.1053,12.1253,11.7227,11.7368,11.7769,11.786,11.7896,11.812,11.3224,11.3248,11.3391,10.8612,10.8617,10.8625,10.7471,10.748,10.7549,11.6682,11.6742,11.6926,12.3533,12.3751,12.4379,11.6731,11.6789,11.6967,11.297,11.3102,11.3492,11.9639,11.9673,11.984,11.2871,11.2888,11.3041,10.8093,10.8096,10.8101,10.709,10.7096,10.7158
model.language_model.layers.37.self_attn.q_proj.weight,linear,attn,37,2048x2560,5242880,27,2.6633,10.6927,12.7681,12.7686,12.9164,12.979,12.9797,13.1127,12.7729,12.7733,12.9184,12.4538,12.4535,12.6707,11.6798,11.6798,11.7574,11.4274,11.4276,11.4596,11.1024,11.1026,11.1052,10.8885,10.889,10.9052,12.0999,12.1004,12.1724,12.3943,12.397,12.5942,12.1026,12.1032,12.176,11.7345,11.7347,11.9328,11.7972,11.7959,11.8909,11.3324,11.3322,11.3624,10.9998,10.9999,11.0015,10.8092,10.8093,10.8204,11.6652,11.6654,11.7231,12.3388,12.3404,12.5118,11.6702,11.6704,11.7265,11.3064,11.3064,11.4947,11.9586,11.9568,12.0244,11.289,11.2888,11.3161,10.9481,10.9482,10.9492,10.7695,10.7696,10.7756
model.language_model.layers.37.self_attn.v_proj.weight,linear,attn,37,512x2560,1310720,22,2.4959,10.5536,12.6953,12.6948,12.6979,12.9175,12.9175,12.9196,12.6996,12.6984,12.7022,12.3377,12.3374,12.3406,11.5076,11.5065,11.5062,11.3296,11.3302,11.3297,10.8294,10.8296,10.8296,10.7369,10.7371,10.7375,12.0534,12.0527,12.0549,12.2485,12.2469,12.253,12.0557,12.0553,12.0574,11.6101,11.6094,11.6111,11.5817,11.5808,11.5808,11.2332,11.2325,11.2328,10.7267,10.7267,10.7268,10.6602,10.6606,10.6609,11.6196,11.6198,11.6196,12.1273,12.1309,12.1314,11.6265,11.6267,11.6266,11.1826,11.1826,11.1828,11.7661,11.7688,11.7655,11.1907,11.1904,11.1901,10.6754,10.6755,10.6754,10.626,10.6262,10.6265
model.language_model.layers.38.mlp.down_proj.weight,linear,mlp,38,2560x10240,26214400,30,2.5695,10.6124,12.759,12.7591,12.7789,12.9781,12.9786,12.996,12.7623,12.7623,12.7815,12.4504,12.4509,12.482,11.5736,11.5738,11.5782,11.3636,11.3637,11.3648,10.9578,10.9578,10.9581,10.8187,10.8186,10.8203,12.0884,12.0885,12.0966,12.3581,12.3585,12.3764,12.0916,12.0918,12.1002,11.7191,11.7192,11.7446,11.6711,11.6721,11.6802,11.2684,11.2684,11.2693,10.855,10.8551,10.8553,10.7404,10.7404,10.742,11.6505,11.6507,11.6551,12.2723,12.2743,12.2917,11.6571,11.6572,11.6615,11.2874,11.2876,11.3113,11.8628,11.8637,11.8733,11.229,11.229,11.2297,10.8038,10.8038,10.804,10.7031,10.7032,10.7045
model.language_model.layers.38.mlp.gate_proj.weight,linear,mlp,38,10240x2560,26214400,28,2.5747,10.6219,12.7709,12.7712,12.7979,12.9617,12.9616,12.9952,12.7757,12.776,12.8024,12.436,12.4363,12.4787,11.6828,11.6833,11.6837,11.4075,11.4077,11.4143,10.9538,10.9539,10.9563,10.8182,10.8182,10.8222,12.0948,12.095,12.1176,12.3626,12.3634,12.4378,12.097,12.0972,12.1201,11.7184,11.7187,11.7626,11.8132,11.8141,11.8141,11.3133,11.3135,11.3208,10.8509,10.8509,10.8526,10.7387,10.7387,10.7417,11.6551,11.6551,11.6798,12.3078,12.3087,12.4005,11.6594,11.6592,11.6835,11.2947,11.2948,11.3355,11.9758,11.9772,11.9787,11.27,11.2702,11.2769,10.7996,10.7996,10.8004,10.7009,10.7008,10.7026
model.language_model.layers.38.mlp.up_proj.weight,linear,mlp,38,10240x2560,26214400,29,2.5554,10.5911,12.761,12.7613,12.7653,12.962,12.9624,12.964,12.767,12.7672,12.7711,12.4321,12.4323,12.436,11.6606,11.6601,11.661,11.3989,11.3988,11.3994,10.9286,10.9286,10.9286,10.8101,10.8101,10.8105,12.0984,12.0981,12.1001,12.3935,12.3922,12.396,12.1006,12.1003,12.1023,11.724,11.7241,11.7279,11.7877,11.7882,11.7892,11.3084,11.3082,11.3086,10.825,10.825,10.8251,10.7305,10.7304,10.7309,11.6669,11.667,11.668,12.3576,12.357,12.3633,11.6709,11.6709,11.6718,11.3014,11.3014,11.3054,11.9559,11.9551,11.9574,11.265,11.265,11.2652,10.7728,10.7728,10.7729,10.6927,10.6926,10.6931
model.language_model.layers.38.per_layer_input_gate.weight,linear,ple_proj,38,256x2560,655360,23,2.5842,10.631,12.7794,12.7813,12.8105,12.9752,12.9754,13.0137,12.783,12.7858,12.8147,12.4543,12.4541,12.4983,11.6359,11.6326,11.6867,11.4008,11.3999,11.4135,10.973,10.9728,10.9749,10.8206,10.821,10.826,12.0985,12.0992,12.1233,12.3729,12.3753,12.4501,12.101,12.1014,12.1255,11.7285,11.7298,11.7756,11.7489,11.7397,11.8157,11.3027,11.3019,11.3172,10.8701,10.8701,10.8714,10.7411,10.7416,10.7463,11.6575,11.6567,11.6802,12.3195,12.3056,12.4008,11.6616,11.6613,11.6841,11.3038,11.3045,11.3473,11.93,11.9169,11.9806,11.2583,11.257,11.2712,10.8186,10.8185,10.8193,10.7034,10.7028,10.7064
model.language_model.layers.38.per_layer_projection.weight,linear,ple_proj,38,2560x256,655360,27,3.4921,11.5323,13.0092,13.0254,14.187,13.3067,13.3285,14.9788,13.0104,13.0271,14.1878,12.8388,12.8877,15.0456,12.3247,12.3245,12.3365,12.1453,12.1425,12.2609,13.0104,13.0104,13.0382,11.6344,11.6329,11.772,12.283,12.2713,13.4578,12.9589,12.8803,13.7497,12.285,12.2754,13.4578,12.1151,12.1368,14.1443,12.2824,12.2828,12.2928,12.0825,12.0681,12.1494,12.9112,12.9111,12.9329,11.5419,11.5414,11.6997,11.8324,11.8323,12.9378,12.6149,12.6367,13.044,11.8352,11.8346,12.9378,11.6611,11.6769,13.5614,12.3382,12.3429,12.3677,12.0478,12.0386,12.0912,12.867,12.8668,12.8804,11.5,11.4999,11.6682
model.language_model.layers.38.self_attn.k_proj.weight,linear,attn,38,512x2560,1310720,20,2.4961,10.5541,12.6997,12.6997,12.7009,12.91,12.9106,12.9098,12.7043,12.7042,12.7054,12.3345,12.334,12.3335,11.504,11.5058,11.5033,11.3299,11.3302,11.33,10.8323,10.8322,10.8323,10.738,10.7379,10.738,12.0538,12.0547,12.0542,12.2404,12.2425,12.2423,12.0563,12.0569,12.0567,11.6091,11.6096,11.6095,11.5769,11.5805,11.5767,11.2319,11.2321,11.2323,10.7295,10.7296,10.7297,10.6609,10.6616,10.6611,11.6175,11.6174,11.6181,12.1204,12.1203,12.1196,11.6239,11.6239,11.6246,11.1829,11.1836,11.1839,11.7637,11.7663,11.7621,11.1889,11.1884,11.1885,10.6783,10.6783,10.6784,10.627,10.6272,10.627
model.language_model.layers.38.self_attn.o_proj.weight,linear,attn,38,2560x2048,5242880,27,2.606,10.6527,12.7523,12.7738,12.8349,12.9607,12.9727,13.0467,12.7575,12.7787,12.8388,12.4272,12.4492,12.5414,11.6875,11.6931,11.7172,11.416,11.4225,11.4429,10.9997,11.0003,11.0029,10.8347,10.8371,10.8508,12.0912,12.102,12.1463,12.3753,12.3969,12.5337,12.0937,12.1044,12.149,11.714,11.7355,11.8247,11.8153,11.8188,11.8524,11.3224,11.3266,11.3559,10.8964,10.8967,10.8988,10.7546,10.7567,10.7686,11.6607,11.6666,11.7088,12.3269,12.3504,12.4868,11.6654,11.671,11.7122,11.2894,11.3106,11.3942,11.9772,11.9806,12.0048,11.278,11.2807,11.316,10.8448,10.8447,10.8464,10.7161,10.7178,10.7276
model.language_model.layers.38.self_attn.q_proj.weight,linear,attn,38,2048x2560,5242880,26,2.6519,10.6833,12.778,12.7789,12.9,12.9909,12.9917,13.1003,12.7825,12.7831,12.902,12.4704,12.4709,12.6465,11.6904,11.69,11.7555,11.4311,11.4313,11.4573,11.0821,11.0821,11.0848,10.8819,10.8816,10.8938,12.1061,12.1062,12.1666,12.4159,12.4147,12.5782,12.1091,12.1093,12.1701,11.7492,11.7493,11.9096,11.8075,11.8069,11.8852,11.3361,11.3358,11.3598,10.9792,10.9792,10.9809,10.8008,10.8009,10.8091,11.6711,11.6707,11.7193,12.3584,12.36,12.5026,11.6761,11.6757,11.7227,11.3196,11.3196,11.4722,11.9627,11.9642,12.0203,11.2922,11.2923,11.3138,10.9277,10.9277,10.9287,10.7605,10.7603,10.7652
model.language_model.layers.38.self_attn.v_proj.weight,linear,attn,38,512x2560,1310720,21,2.4949,10.5535,12.6976,12.6998,12.6982,12.9083,12.9082,12.9074,12.7021,12.7049,12.7031,12.3317,12.3322,12.3301,11.5047,11.506,11.5039,11.3302,11.3301,11.3296,10.8304,10.8303,10.8301,10.7366,10.7365,10.7366,12.0523,12.0543,12.0525,12.2392,12.2441,12.2377,12.0547,12.0564,12.0548,11.6057,11.608,11.6057,11.578,11.5819,11.5792,11.2319,11.2326,11.2315,10.7276,10.7277,10.7277,10.6595,10.6602,10.6598,11.6165,11.6177,11.6177,12.1166,12.1272,12.1265,11.6227,11.6235,11.6234,11.1804,11.1815,11.1814,11.7637,11.768,11.7731,11.1879,11.1887,11.1891,10.6763,10.6765,10.6765,10.6255,10.6257,10.6258
model.language_model.layers.39.mlp.down_proj.weight,linear,mlp,39,2560x10240,26214400,29,2.5767,10.6194,12.7622,12.7619,12.7871,12.9818,12.9816,13.0054,12.7654,12.7651,12.7896,12.4564,12.4565,12.4976,11.5767,11.577,11.5839,11.3664,11.3661,11.3682,10.9734,10.9734,10.9737,10.8275,10.8274,10.8301,12.0901,12.0898,12.101,12.3625,12.3624,12.3899,12.0935,12.0932,12.1048,11.7241,11.7242,11.7584,11.6747,11.6754,11.687,11.2717,11.2716,11.2726,10.8707,10.8707,10.871,10.7491,10.749,10.7515,11.652,11.6517,11.6589,12.2778,12.277,12.3047,11.6585,11.6583,11.6655,11.2922,11.2921,11.3243,11.8652,11.8651,11.8804,11.2325,11.2324,11.2334,10.8194,10.8194,10.8196,10.7115,10.7115,10.7135
model.language_model.layers.39.mlp.gate_proj.weight,linear,mlp,39,10240x2560,26214400,29,2.5818,10.6208,12.7674,12.7675,12.8014,12.9634,12.9634,13.0101,12.7727,12.7729,12.8062,12.4363,12.4364,12.4956,11.6686,11.6687,11.6703,11.4107,11.4107,11.4209,10.9633,10.9634,10.9668,10.8269,10.8269,10.8335,12.0975,12.0973,12.1259,12.3798,12.3795,12.475,12.0996,12.0996,12.1288,11.7233,11.7235,11.7821,11.7969,11.797,11.7999,11.3261,11.3262,11.3392,10.8604,10.8604,10.8626,10.7473,10.7472,10.7521,11.6615,11.6617,11.6928,12.3358,12.3353,12.434,11.6655,11.6657,11.6972,11.2999,11.3003,11.3512,11.9656,11.9647,11.9683,11.2911,11.2909,11.3049,10.8094,10.8094,10.8103,10.7099,10.7099,10.7129
model.language_model.layers.39.mlp.up_proj.weight,linear,mlp,39,10240x2560,26214400,27,2.5573,10.5872,12.7509,12.7511,12.7574,12.9719,12.9722,12.9753,12.7572,12.7575,12.7635,12.4389,12.4391,12.4453,11.6406,11.6405,11.6417,11.402,11.4022,11.4031,10.9415,10.9415,10.9417,10.8239,10.8237,10.8246,12.1007,12.1005,12.1038,12.4214,12.4224,12.4273,12.1034,12.1032,12.1064,11.7337,11.7334,11.7396,11.7662,11.7654,11.7668,11.3254,11.3252,11.3256,10.8373,10.8372,10.8374,10.7432,10.743,10.7437,11.6772,11.6772,11.6791,12.3867,12.385,12.393,11.6822,11.682,11.6839,11.3073,11.3072,11.3132,11.9406,11.9394,11.9422,11.2939,11.2936,11.294,10.785,10.785,10.785,10.7054,10.7052,10.7058
model.language_model.layers.39.per_layer_input_gate.weight,linear,ple_proj,39,256x2560,655360,22,2.5863,10.6277,12.7842,12.785,12.8116,12.9904,12.9875,13.0153,12.7872,12.7878,12.815,12.4712,12.4704,12.5064,11.6285,11.6296,11.6599,11.3937,11.3934,11.4027,10.9719,10.9721,10.973,10.8235,10.8243,10.8268,12.1034,12.1029,12.1204,12.3889,12.3859,12.4389,12.1058,12.1061,12.1233,11.7424,11.7409,11.7769,11.7353,11.7389,11.7834,11.2954,11.2953,11.3056,10.8687,10.8687,10.8694,10.7436,10.7438,10.7463,11.6606,11.66,11.6766,12.3187,12.3164,12.39,11.6656,11.6655,11.681,11.3118,11.3116,11.348,11.9112,11.912,11.9528,11.2523,11.2519,11.2615,10.8169,10.8169,10.8175,10.7046,10.7047,10.7065
model.language_model.layers.39.per_layer_projection.weight,linear,ple_proj,39,2560x256,655360,26,3.4983,11.5261,13.0002,13.0327,14.1949,13.3284,13.343,14.9029,13.0035,13.0357,14.1968,12.8833,12.9056,15.0853,12.1506,12.1559,12.3006,12.0271,12.0294,12.2446,13.2295,13.2293,13.2521,11.7404,11.743,11.8147,12.2917,12.2773,13.4374,12.871,12.823,13.6538,12.2952,12.2823,13.4374,12.158,12.1384,14.1922,12.1338,12.1343,12.2349,11.9208,11.9212,12.1382,13.1331,13.1325,13.1477,11.669,11.6681,11.7368,11.8446,11.8389,12.8898,12.5748,12.5731,12.9192,11.8474,11.8421,12.8898,11.6759,11.6687,13.674,12.196,12.1945,12.274,11.8703,11.8704,12.0794,13.087,13.0872,13.0956,11.643,11.643,11.7068
model.language_model.layers.39.self_attn.k_proj.weight,linear,attn,39,512x2560,1310720,23,2.4978,10.5553,12.6999,12.6984,12.7008,12.9159,12.9151,12.916,12.7043,12.7026,12.7054,12.3406,12.3399,12.3403,11.5081,11.5065,11.5055,11.3298,11.3302,11.3301,10.8325,10.8326,10.8324,10.7392,10.7388,10.7391,12.056,12.0539,12.0549,12.2486,12.2494,12.2488,12.0585,12.0565,12.0575,11.6134,11.6131,11.613,11.583,11.58,11.5783,11.2332,11.2335,11.2329,10.7298,10.7298,10.7297,10.6624,10.6624,10.6623,11.6198,11.6195,11.6194,12.1402,12.1375,12.1306,11.6266,11.6265,11.6262,11.1857,11.186,11.1856,11.7741,11.766,11.7641,11.191,11.1907,11.1903,10.6785,10.6785,10.6784,10.6282,10.6282,10.628
model.language_model.layers.39.self_attn.o_proj.weight,linear,attn,39,2560x2048,5242880,28,2.5951,10.6305,12.748,12.7808,12.8143,12.9678,12.9967,13.0302,12.7532,12.786,12.8189,12.4321,12.4768,12.5218,11.6631,11.6637,11.6838,11.4206,11.4216,11.4299,10.9874,10.9888,10.9897,10.8399,10.8423,10.8507,12.0926,12.1144,12.1368,12.3869,12.4477,12.5106,12.0955,12.1174,12.14,11.7178,11.7636,11.8079,11.7903,11.7932,11.8179,11.3427,11.3436,11.3508,10.8838,10.8847,10.8853,10.7587,10.7606,10.7684,11.6632,11.6847,11.7045,12.3304,12.4036,12.4675,11.6684,11.6899,11.709,11.2895,11.3329,11.3755,11.9681,11.9721,11.993,11.3113,11.3122,11.319,10.8322,10.8325,10.8331,10.7207,10.7217,10.7287
model.language_model.layers.39.self_attn.q_proj.weight,linear,attn,39,2048x2560,5242880,28,2.6578,10.6882,12.7799,12.7806,12.9056,12.9922,12.9942,13.1137,12.784,12.7846,12.9075,12.4707,12.4723,12.6604,11.6839,11.6836,11.7577,11.4288,11.4293,11.4593,11.0907,11.0909,11.0933,10.8856,10.886,10.8995,12.1062,12.1064,12.1712,12.4144,12.4165,12.5945,12.1091,12.1095,12.1747,11.7487,11.7495,11.9215,11.7999,11.7984,11.8921,11.334,11.3341,11.363,10.9878,10.9879,10.9896,10.805,10.8052,10.8151,11.6701,11.6705,11.7238,12.3571,12.3569,12.517,11.6751,11.6753,11.7272,11.3191,11.3191,11.4826,11.9603,11.9582,12.0241,11.291,11.291,11.3168,10.9363,10.9362,10.9373,10.7651,10.7651,10.7707
model.language_model.layers.39.self_attn.v_proj.weight,linear,attn,39,512x2560,1310720,22,2.4957,10.5533,12.6967,12.699,12.7002,12.9136,12.915,12.9144,12.7013,12.7026,12.7046,12.3374,12.3372,12.3366,11.503,11.5047,11.5033,11.329,11.3304,11.3292,10.8298,10.8296,10.8296,10.7374,10.7372,10.7365,12.0531,12.0529,12.0542,12.2437,12.2467,12.2467,12.0555,12.0552,12.0568,11.6093,11.6089,11.6096,11.5787,11.5754,11.5764,11.2316,11.2324,11.2315,10.727,10.7269,10.727,10.6609,10.6607,10.6604,11.6177,11.6182,11.619,12.123,12.1291,12.1272,11.624,11.6247,11.6259,11.1814,11.1822,11.1834,11.7656,11.7658,11.7635,11.1891,11.1894,11.1887,10.6757,10.6757,10.6759,10.6264,10.6263,10.6264
model.language_model.layers.4.mlp.down_proj.weight,linear,mlp,4,2560x10240,26214400,32,2.5969,10.6348,12.7953,12.7959,12.8206,13.0064,13.0068,13.0315,12.7982,12.7988,12.8229,12.497,12.4972,12.5318,11.6233,11.6233,11.6508,11.3929,11.3931,11.3992,10.9913,10.9913,10.9926,10.8363,10.8362,10.8399,12.1078,12.1079,12.1237,12.4076,12.4083,12.4565,12.1109,12.1112,12.1267,11.7641,11.7643,11.7975,11.7302,11.7299,11.7726,11.2972,11.2972,11.3029,10.8884,10.8884,10.8896,10.7566,10.7564,10.7599,11.6656,11.6657,11.6796,12.3325,12.332,12.3942,11.6709,11.6711,11.684,11.3327,11.3327,11.3657,11.9131,11.9122,11.9531,11.2562,11.2561,11.2607,10.837,10.837,10.8377,10.718,10.7179,10.7203
model.language_model.layers.4.mlp.gate_proj.weight,linear,mlp,4,10240x2560,26214400,29,2.603,10.6344,12.7837,12.7837,12.822,13.0185,13.0188,13.0468,12.7883,12.7882,12.8264,12.5029,12.503,12.5516,11.644,11.6441,11.6469,11.4081,11.4083,11.4093,11.0143,11.0144,11.0156,10.8708,10.8708,10.8742,12.1174,12.1176,12.1393,12.4673,12.4682,12.5186,12.1215,12.1216,12.144,11.7813,11.7816,11.8291,11.7656,11.7654,11.7714,11.3274,11.3277,11.3276,10.9102,10.9101,10.911,10.7873,10.7871,10.7901,11.6881,11.6881,11.7057,12.3996,12.3998,12.4457,11.6944,11.6944,11.7124,11.3446,11.3448,11.3882,11.9403,11.9402,11.9473,11.2947,11.295,11.295,10.8588,10.8589,10.8591,10.7489,10.7488,10.7509
model.language_model.layers.4.mlp.up_proj.weight,linear,mlp,4,10240x2560,26214400,30,2.5874,10.6174,12.779,12.779,12.7959,13.0113,13.0112,13.027,12.784,12.784,12.8009,12.4927,12.4927,12.5175,11.6384,11.6382,11.6398,11.402,11.4022,11.4024,10.9933,10.9933,10.9942,10.8609,10.8609,10.8628,12.1165,12.1164,12.1272,12.4673,12.4668,12.4944,12.1204,12.1203,12.1315,11.7759,11.7758,11.7996,11.7607,11.7601,11.7638,11.3218,11.3219,11.3219,10.889,10.889,10.8895,10.778,10.7779,10.7795,11.6891,11.6889,11.6987,12.4065,12.4067,12.4314,11.6953,11.6952,11.7053,11.3404,11.3405,11.3616,11.9381,11.9383,11.9409,11.2894,11.2893,11.2894,10.8374,10.8374,10.8376,10.7399,10.7399,10.741
model.language_model.layers.4.per_layer_input_gate.weight,linear,ple_proj,4,256x2560,655360,23,2.7098,10.7558,12.9656,12.9642,12.9729,13.2166,13.2161,13.2215,12.9679,12.9664,12.9749,12.7835,12.7795,12.7883,11.7632,11.7624,11.7637,11.4768,11.4778,11.4794,11.1845,11.1843,11.1842,10.9654,10.9654,10.9656,12.2182,12.2173,12.2198,12.7356,12.7356,12.742,12.2243,12.2226,12.2253,12.0302,12.0272,12.036,11.8966,11.8997,11.9004,11.3918,11.3927,11.3932,11.0805,11.0803,11.0804,10.8774,10.8772,10.8772,11.7701,11.7696,11.7707,12.5838,12.5807,12.5822,11.7743,11.7735,11.7747,11.575,11.5731,11.5808,12.0329,12.0362,12.0315,11.3522,11.3532,11.3523,11.0284,11.0284,11.0284,10.8324,10.8324,10.8323
model.language_model.layers.4.per_layer_projection.weight,linear,ple_proj,4,2560x256,655360,24,2.8996,10.927,12.77,12.7748,13.2197,12.9988,13.0184,13.5671,12.7838,12.7787,13.2225,12.4881,12.4931,13.2399,11.8236,11.8219,11.9293,11.5712,11.5741,11.6281,11.5396,11.5418,11.5512,11.1005,11.1017,11.135,12.1121,12.1151,12.3721,12.4561,12.4653,13.0858,12.115,12.1186,12.3797,11.7706,11.7734,12.4495,11.9368,11.9241,12.043,11.5023,11.5043,11.5541,11.4416,11.4414,11.4467,11.021,11.0195,11.0389,11.6834,11.6845,11.9243,12.4146,12.4096,12.7168,11.6887,11.6899,11.9259,11.3408,11.3417,11.9749,12.0413,12.0419,12.1052,11.4725,11.4724,11.512,11.3913,11.3912,11.3944,10.9781,10.9777,10.9906
model.language_model.layers.4.self_attn.k_proj.weight,linear,attn,4,512x2560,1310720,25,2.6335,10.6726,12.7937,12.7966,12.8732,13.0177,13.0183,13.0856,12.7974,12.8005,12.877,12.5088,12.5116,12.6115,11.6862,11.6857,11.6878,11.4399,11.4384,11.4391,11.0482,11.0485,11.051,10.8773,10.8778,10.8834,12.1164,12.1169,12.1639,12.4462,12.4551,12.5774,12.1201,12.1207,12.1686,11.7845,11.7858,11.8858,11.8127,11.8101,11.8173,11.359,11.3582,11.358,10.9448,10.9451,10.9465,10.794,10.7936,10.7984,11.6814,11.6812,11.7236,12.3847,12.3756,12.4968,11.6872,11.6874,11.7292,11.3513,11.3501,11.4428,11.9779,11.9723,11.9816,11.3267,11.3256,11.3263,10.894,10.8939,10.8943,10.7542,10.754,10.7565
model.language_model.layers.4.self_attn.o_proj.weight,linear,attn,4,2560x2048,5242880,25,2.6479,10.688,12.7387,12.8403,12.8959,12.967,13.0526,13.1075,12.7435,12.8441,12.8991,12.4273,12.5675,12.6504,11.6672,11.6728,11.6778,11.4292,11.4316,11.4333,11.0709,11.0747,11.0778,10.8874,10.8964,10.9039,12.0856,12.1398,12.1721,12.3713,12.5027,12.5946,12.0886,12.144,12.1781,11.7077,11.8376,11.9142,11.7881,11.7957,11.8054,11.3498,11.3494,11.3499,10.9694,10.9715,10.9731,10.8052,10.8118,10.817,11.6568,11.6999,11.7289,12.306,12.4253,12.4934,11.6629,11.7054,11.7355,11.2779,11.399,11.4656,11.9503,11.9612,11.9724,11.3163,11.3168,11.3173,10.9202,10.921,10.9214,10.7677,10.7722,10.7753
model.language_model.layers.4.self_attn.q_proj.weight,linear,attn,4,2048x2560,5242880,27,2.6094,10.6446,12.7808,12.7799,12.8397,13.0015,13.0003,13.048,12.7851,12.7841,12.8438,12.4846,12.4839,12.5605,11.6643,11.6643,11.666,11.4242,11.4238,11.4248,11.0117,11.0117,11.0139,10.8597,10.8598,10.8646,12.1101,12.1098,12.1453,12.4331,12.4304,12.5254,12.1135,12.1134,12.1497,11.7633,11.7628,11.8384,11.7878,11.7871,11.7922,11.3445,11.3439,11.3438,10.908,10.9079,10.9092,10.7769,10.7769,10.7807,11.6772,11.6768,11.7089,12.3694,12.3685,12.461,11.6832,11.6828,11.7148,11.3306,11.3301,11.3997,11.9554,11.957,11.9623,11.3122,11.3123,11.3122,10.8568,10.8568,10.8571,10.7379,10.738,10.7404
model.language_model.layers.4.self_attn.v_proj.weight,linear,attn,4,512x2560,1310720,24,2.5808,10.6088,12.7875,12.7866,12.79,13.0122,13.0134,13.0158,12.793,12.7917,12.7951,12.4997,12.4998,12.5031,11.6416,11.6431,11.643,11.405,11.4049,11.4049,10.981,10.9811,10.9814,10.8522,10.8524,10.8528,12.1232,12.1214,12.1239,12.481,12.482,12.4794,12.1267,12.1253,12.1279,11.7872,11.7856,11.7901,11.7672,11.7681,11.7687,11.3264,11.327,11.3257,10.8765,10.8764,10.8766,10.77,10.7698,10.7698,11.6948,11.6942,11.696,12.429,12.4246,12.4318,11.7009,11.6999,11.7022,11.3515,11.3508,11.3535,11.9431,11.9465,11.9476,11.2947,11.295,11.2947,10.8244,10.8243,10.8243,10.7312,10.7307,10.7312
model.language_model.layers.40.mlp.down_proj.weight,linear,mlp,40,2560x10240,26214400,31,2.5911,10.6303,12.7774,12.7773,12.8097,12.9917,12.9915,13.0184,12.7803,12.7803,12.812,12.4762,12.4762,12.5267,11.5855,11.5855,11.5922,11.3722,11.3721,11.3738,10.9971,10.9972,10.9974,10.8401,10.8402,10.8445,12.0967,12.0964,12.11,12.3768,12.3764,12.4065,12.1002,12.0999,12.1139,11.7423,11.7423,11.7853,11.686,11.6863,11.697,11.2773,11.2771,11.2776,10.8944,10.8945,10.8946,10.7619,10.7619,10.7652,11.6559,11.656,11.6635,12.2916,12.294,12.3209,11.6623,11.6624,11.6701,11.3095,11.3098,11.3502,11.8737,11.874,11.888,11.2378,11.2379,11.2383,10.8431,10.8431,10.8433,10.7241,10.7241,10.7263
model.language_model.layers.40.mlp.gate_proj.weight,linear,mlp,40,10240x2560,26214400,31,2.6115,10.6564,12.7796,12.78,12.8501,12.9793,12.9799,13.0551,12.7831,12.7835,12.8533,12.4613,12.4617,12.5616,11.7037,11.7034,11.7061,11.4241,11.4241,11.4405,11.0142,11.0142,11.019,10.846,10.8461,10.8537,12.0972,12.0974,12.1483,12.3687,12.3698,12.5275,12.1,12.1002,12.1517,11.7337,11.734,11.8353,11.8333,11.8325,11.8373,11.3326,11.3323,11.3509,10.9116,10.9115,10.915,10.7653,10.7653,10.7705,11.6551,11.6553,11.7072,12.2967,12.2972,12.4721,11.6605,11.6606,11.7112,11.3052,11.3053,11.3995,11.9884,11.9869,11.9924,11.2954,11.2953,11.3119,10.8611,10.8611,10.8627,10.7259,10.7259,10.7284
model.language_model.layers.40.mlp.up_proj.weight,linear,mlp,40,10240x2560,26214400,30,2.5698,10.6065,12.7735,12.7737,12.7871,12.9745,12.9746,12.9828,12.7791,12.7792,12.7923,12.4523,12.4523,12.4668,11.6692,11.6695,11.6708,11.4059,11.4062,11.4076,10.9511,10.9511,10.9514,10.8219,10.8219,10.8234,12.1045,12.1046,12.111,12.4086,12.4083,12.4232,12.1069,12.1069,12.1133,11.7416,11.7417,11.7558,11.798,11.7993,11.8009,11.3159,11.3159,11.3169,10.8475,10.8475,10.8477,10.7416,10.7417,10.743,11.6717,11.6719,11.6761,12.3687,12.3718,12.3887,11.6759,11.6759,11.6799,11.3172,11.3172,11.331,11.9649,11.9675,11.9684,11.2737,11.274,11.2745,10.7953,10.7953,10.7954,10.7031,10.7032,10.7043
model.language_model.layers.40.per_layer_input_gate.weight,linear,ple_proj,40,256x2560,655360,22,2.5882,10.6284,12.7906,12.7915,12.8093,12.9993,12.9978,13.0218,12.7936,12.7945,12.812,12.4848,12.483,12.5109,11.6237,11.6249,11.6607,11.3888,11.3898,11.4017,10.9744,10.9743,10.9755,10.8255,10.8248,10.8288,12.1036,12.1042,12.1206,12.3989,12.3967,12.4492,12.107,12.107,12.1233,11.7513,11.7501,11.7801,11.7379,11.7394,11.7849,11.2925,11.2929,11.3053,10.8715,10.8714,10.8723,10.7464,10.7461,10.7494,11.6638,11.6634,11.6784,12.3409,12.3393,12.3911,11.6691,11.6682,11.682,11.323,11.3208,11.3511,11.9251,11.9257,11.9567,11.2509,11.2516,11.2627,10.8198,10.8196,10.8204,10.7085,10.7082,10.7103
model.language_model.layers.40.per_layer_projection.weight,linear,ple_proj,40,2560x256,655360,28,3.4171,11.4672,12.9303,12.9375,14.0537,13.2246,13.2157,14.8801,12.9341,12.9396,14.0549,12.7316,12.7295,14.79,12.313,12.3174,12.3279,12.1681,12.1874,12.2479,12.7707,12.7714,12.7897,11.5755,11.5762,11.6924,12.2332,12.2255,13.328,12.7619,12.7797,13.708,12.2353,12.2293,13.328,11.9959,11.9914,13.9011,12.2652,12.2656,12.2794,12.1304,12.1194,12.1432,12.6671,12.6674,12.6842,11.4815,11.4815,11.6189,11.7858,11.7889,12.8808,12.5662,12.6107,12.993,11.7889,11.7915,12.8808,11.5186,11.5405,13.3217,12.3123,12.3119,12.3486,12.0848,12.0821,12.0873,12.6188,12.6192,12.6318,11.4337,11.4342,11.5861
model.language_model.layers.40.self_attn.k_proj.weight,linear,attn,40,512x2560,1310720,22,2.4954,10.5555,12.7047,12.707,12.704,12.899,12.9017,12.8996,12.71,12.7119,12.7096,12.3297,12.3313,12.3293,11.4971,11.4952,11.4956,11.3276,11.3281,11.3271,10.8387,10.8387,10.8387,10.7406,10.7405,10.7408,12.0525,12.0531,12.052,12.2247,12.2274,12.2265,12.0545,12.0551,12.0542,11.6068,11.6077,11.607,11.5682,11.5677,11.5677,11.2282,11.2283,11.2284,10.7362,10.7361,10.7362,10.6634,10.6636,10.6636,11.6135,11.6135,11.6138,12.1021,12.1028,12.1067,11.6197,11.6196,11.62,11.1832,11.1828,11.1832,11.7565,11.7523,11.7584,11.1839,11.1838,11.1844,10.685,10.6849,10.685,10.6294,10.6292,10.6292
model.language_model.layers.40.self_attn.o_proj.weight,linear,attn,40,2560x2048,5242880,26,2.6026,10.6419,12.7433,12.8089,12.8312,12.9691,13.0166,13.0378,12.7481,12.8132,12.8355,12.433,12.511,12.5406,11.6664,11.6693,11.6781,11.4269,11.4284,11.4319,10.9987,11.0008,11.0013,10.8446,10.8495,10.8531,12.0889,12.1271,12.1408,12.3801,12.473,12.5138,12.0919,12.1306,12.1443,11.7155,11.7933,11.8224,11.7883,11.7945,11.8088,11.3494,11.3491,11.3522,10.8953,10.8965,10.897,10.7629,10.7668,10.7705,11.6605,11.6923,11.7042,12.3196,12.4231,12.4581,11.6663,11.6975,11.709,11.2866,11.3603,11.3876,11.9533,11.9628,11.9788,11.3177,11.3176,11.3204,10.8441,10.8444,10.8447,10.7243,10.727,10.7301
model.language_model.layers.40.self_attn.q_proj.weight,linear,attn,40,2048x2560,5242880,28,2.6416,10.6764,12.7886,12.7893,12.8871,13.0021,13.0014,13.0964,12.7927,12.7933,12.8895,12.4846,12.4848,12.6232,11.7351,11.7349,11.7491,11.4405,11.4401,11.4585,11.0623,11.0624,11.065,10.871,10.8711,10.8811,12.1116,12.1115,12.1658,12.4297,12.4283,12.5798,12.1145,12.1145,12.1692,11.7611,11.7613,11.8903,11.8615,11.8621,11.8818,11.3428,11.3424,11.364,10.9593,10.9593,10.9611,10.7894,10.7893,10.797,11.675,11.6743,11.7212,12.3731,12.3694,12.5083,11.6799,11.6794,11.7246,11.3308,11.3304,11.4536,12.0033,12.004,12.0202,11.2955,11.2954,11.3201,10.9076,10.9076,10.9087,10.7479,10.7479,10.7534
model.language_model.layers.40.self_attn.v_proj.weight,linear,attn,40,512x2560,1310720,21,2.4972,10.5571,12.7076,12.7066,12.7047,12.9035,12.9034,12.8998,12.7116,12.7116,12.7102,12.3325,12.3343,12.3302,11.5025,11.501,11.5013,11.3313,11.3302,11.33,10.841,10.8411,10.8409,10.7425,10.742,10.7418,12.0548,12.0541,12.0542,12.2325,12.2352,12.2313,12.0569,12.0562,12.0562,11.6103,11.6113,11.6092,11.5741,11.5723,11.5769,11.23,11.2305,11.2307,10.7384,10.7382,10.7383,10.6656,10.6649,10.665,11.6154,11.6158,11.6154,12.1195,12.1129,12.1164,11.6213,11.6218,11.6212,11.186,11.1862,11.1861,11.7642,11.7581,11.7691,11.1871,11.186,11.1876,10.687,10.687,10.6872,10.631,10.6307,10.6308
model.language_model.layers.41.mlp.down_proj.weight,linear,mlp,41,2560x10240,26214400,30,2.6256,10.6575,12.8296,12.8299,12.8473,13.0606,13.0607,13.0778,12.833,12.8332,12.8505,12.5783,12.5781,12.6057,11.6324,11.6329,11.6389,11.4011,11.4014,11.4026,11.0444,11.0445,11.0452,10.8802,10.8802,10.8823,12.1351,12.1351,12.1459,12.502,12.5027,12.5312,12.1404,12.1403,12.1518,11.8426,11.8422,11.8671,11.7486,11.7493,11.7599,11.3151,11.3154,11.3162,10.9406,10.9407,10.941,10.7954,10.7954,10.7972,11.697,11.6969,11.7045,12.4089,12.4095,12.4326,11.7043,11.7042,11.7121,11.3997,11.3993,11.4214,11.9273,11.9288,11.9412,11.2808,11.2809,11.2819,10.8893,10.8892,10.8895,10.755,10.755,10.7563
model.language_model.layers.41.mlp.gate_proj.weight,linear,mlp,41,10240x2560,26214400,29,2.6549,10.6913,12.7858,12.7857,12.9101,13.0025,13.0026,13.1223,12.7892,12.789,12.9126,12.4921,12.4922,12.6621,11.7199,11.7204,11.7257,11.442,11.4421,11.469,11.0852,11.0852,11.0917,10.8804,10.8805,10.8931,12.1049,12.105,12.1808,12.4071,12.4073,12.6208,12.1085,12.1087,12.1854,11.7612,11.7615,11.9243,11.8466,11.8469,11.8579,11.3616,11.3618,11.3884,10.9825,10.9825,10.9872,10.7975,10.7975,10.8066,11.6663,11.6663,11.7372,12.3305,12.3306,12.5289,11.6725,11.6725,11.7416,11.3278,11.3279,11.4778,11.9925,11.9935,12.005,11.3352,11.3355,11.3561,10.9329,10.9329,10.9349,10.7574,10.7575,10.762
model.language_model.layers.41.mlp.up_proj.weight,linear,mlp,41,10240x2560,26214400,29,2.5971,10.6424,12.7889,12.7888,12.8285,12.9909,12.9906,13.0218,12.7934,12.7934,12.8325,12.4788,12.4786,12.5253,11.6929,11.6929,11.6952,11.4202,11.4201,11.4259,10.9929,10.993,10.9944,10.841,10.8412,10.8445,12.1097,12.1096,12.1325,12.4176,12.4173,12.4788,12.1125,12.1125,12.1352,11.76,11.7597,11.8069,11.8221,11.8226,11.8264,11.329,11.3291,11.3337,10.8895,10.8896,10.8906,10.7599,10.7599,10.7626,11.6726,11.6724,11.6917,12.3645,12.3644,12.4367,11.6774,11.6772,11.6955,11.3317,11.3314,11.377,11.981,11.9818,11.9866,11.2874,11.2875,11.2915,10.8377,10.8377,10.8383,10.7199,10.7199,10.7219
model.language_model.layers.41.per_layer_input_gate.weight,linear,ple_proj,41,256x2560,655360,22,2.7078,10.747,12.7623,12.7614,12.9583,13.0152,13.0061,13.2323,12.7674,12.7669,12.9599,12.4826,12.48,12.7827,11.8193,11.8196,11.829,11.4766,11.476,11.5113,11.1618,11.1617,11.1679,10.9376,10.9382,10.9539,12.1124,12.1109,12.2214,12.4818,12.468,12.7601,12.1154,12.1143,12.2266,11.7683,11.7647,12.0315,11.9372,11.9401,11.9542,11.3908,11.3918,11.4204,11.0596,11.0597,11.0635,10.855,10.8557,10.866,11.6891,11.6876,11.7805,12.4051,12.4142,12.6029,11.695,11.6931,11.7834,11.3354,11.3336,11.5778,12.0364,12.0423,12.0542,11.3537,11.3567,11.3748,11.0094,11.0097,11.0113,10.8142,10.8152,10.8203
model.language_model.layers.41.per_layer_projection.weight,linear,ple_proj,41,2560x256,655360,24,2.9306,10.9526,12.8425,12.8426,13.2697,13.099,13.1087,13.678,12.8453,12.8458,13.274,12.588,12.5969,13.3335,11.843,11.8606,11.9572,11.5883,11.591,11.6871,11.5778,11.5789,11.5878,11.1039,11.106,11.1582,12.1635,12.1653,12.4269,12.6023,12.6263,13.1596,12.1673,12.1691,12.4353,11.8645,11.8701,12.5236,11.9571,11.9729,12.0607,11.5096,11.5104,11.6328,11.4789,11.4788,11.483,11.0223,11.023,11.0626,11.7336,11.7367,11.988,12.5184,12.5377,12.729,11.7373,11.7401,11.9897,11.4278,11.4325,12.0315,12.0704,12.0792,12.1116,11.4704,11.4709,11.5957,11.429,11.429,11.4311,10.9824,10.9826,11.0144
model.language_model.layers.41.self_attn.k_proj.weight,linear,attn,41,1024x2560,2621440,23,2.4956,10.5535,12.6975,12.6975,12.6989,12.9142,12.9141,12.9158,12.7019,12.7016,12.7029,12.3361,12.336,12.3378,11.5066,11.507,11.5073,11.3301,11.3304,11.331,10.8293,10.8294,10.8295,10.7369,10.7369,10.7371,12.0534,12.0531,12.054,12.2471,12.2471,12.2478,12.0558,12.0555,12.0563,11.6094,11.6089,11.6098,11.5813,11.5808,11.582,11.2327,11.2327,11.2331,10.7267,10.7267,10.7267,10.6601,10.6604,10.6603,11.6189,11.6191,11.6195,12.1317,12.1299,12.1356,11.6253,11.6257,11.626,11.1827,11.1825,11.1832,11.7702,11.7711,11.7728,11.1903,11.1901,11.19,10.6754,10.6755,10.6755,10.6258,10.6263,10.6262
model.language_model.layers.41.self_attn.o_proj.weight,linear,attn,41,2560x4096,10485760,26,2.6759,10.7093,12.7389,12.9085,12.9237,12.969,13.117,13.134,12.744,12.9105,12.9253,12.43,12.6817,12.7076,11.6819,11.7091,11.7142,11.4291,11.4394,11.4404,11.1305,11.1352,11.1357,10.9179,10.929,10.9303,12.0872,12.1664,12.174,12.3807,12.5772,12.5994,12.0904,12.1709,12.1785,11.7122,11.9364,11.9581,11.7912,11.8337,11.843,11.3388,11.3453,11.3465,11.0297,11.032,11.0323,10.8376,10.8452,10.8462,11.6606,11.7173,11.7224,12.3185,12.4827,12.5007,11.6666,11.722,11.7266,11.2825,11.4943,11.5157,11.9453,11.9855,11.9949,11.2994,11.3041,11.305,10.9784,10.9801,10.9803,10.7969,10.8014,10.8021
model.language_model.layers.41.self_attn.q_proj.weight,linear,attn,41,4096x2560,10485760,29,2.7774,10.7974,12.8292,12.829,13.0643,13.0425,13.0434,13.2841,12.8328,12.8327,13.0659,12.5454,12.5464,12.9387,11.808,11.8077,11.8406,11.5117,11.5117,11.5247,11.3151,11.3151,11.3171,10.9906,10.9904,11.0237,12.1371,12.1376,12.2452,12.5041,12.506,12.7973,12.1408,12.1413,12.2508,11.82,11.8208,12.176,11.9256,11.9258,11.9652,11.4215,11.4218,11.4311,11.2111,11.2112,11.2129,10.9122,10.9124,10.9325,11.6991,11.6998,11.7918,12.4405,12.4426,12.6155,11.7041,11.7049,11.7946,11.3838,11.3848,11.7218,12.0327,12.0336,12.0593,11.3763,11.3764,11.3848,11.1592,11.1593,11.1606,10.8712,10.8715,10.8839
model.language_model.layers.41.self_attn.v_proj.weight,linear,attn,41,1024x2560,2621440,23,2.4965,10.5542,12.6993,12.6994,12.6986,12.9147,12.9161,12.9148,12.7034,12.7039,12.7029,12.3377,12.3395,12.3372,11.5058,11.5053,11.5055,11.33,11.3298,11.3301,10.8307,10.8306,10.8306,10.7379,10.7377,10.7375,12.053,12.0538,12.0536,12.2441,12.2463,12.2453,12.0554,12.0562,12.0562,11.6103,11.6107,11.6103,11.5812,11.5797,11.578,11.2326,11.2325,11.2327,10.7279,10.7279,10.7279,10.6609,10.6608,10.661,11.6187,11.6184,11.6188,12.1291,12.125,12.1273,11.6255,11.6252,11.6256,11.1834,11.1832,11.1828,11.7678,11.7625,11.7662,11.1898,11.1892,11.1897,10.6767,10.6766,10.6766,10.6268,10.6265,10.6269
model.language_model.layers.5.mlp.down_proj.weight,linear,mlp,5,2560x10240,26214400,30,2.5911,10.6295,12.7957,12.7959,12.8172,12.9959,12.9963,13.0143,12.7988,12.7991,12.8199,12.4871,12.4878,12.5149,11.617,11.6167,11.6391,11.3854,11.385,11.3928,10.9819,10.9819,10.9825,10.8295,10.8295,10.8325,12.1061,12.106,12.118,12.3952,12.3952,12.4296,12.109,12.1089,12.1207,11.7576,11.7576,11.784,11.7293,11.7289,11.7601,11.288,11.2878,11.2953,10.879,10.879,10.8795,10.7502,10.75,10.7528,11.6625,11.6624,11.6718,12.3261,12.3263,12.3712,11.6675,11.6675,11.6762,11.328,11.3281,11.3546,11.9166,11.916,11.9446,11.2457,11.2456,11.2525,10.8274,10.8274,10.8278,10.7115,10.7114,10.7135
model.language_model.layers.5.mlp.gate_proj.weight,linear,mlp,5,10240x2560,26214400,28,2.6211,10.6538,12.8035,12.8032,12.8527,13.0336,13.0331,13.0676,12.8079,12.8076,12.8566,12.528,12.5275,12.589,11.6576,11.6579,11.6632,11.42,11.4201,11.422,11.0378,11.0377,11.039,10.8789,10.879,10.8841,12.1278,12.1274,12.1527,12.4916,12.4901,12.547,12.132,12.1316,12.1576,11.8048,11.8042,11.863,11.78,11.7791,11.7892,11.3401,11.3399,11.3402,10.9335,10.9335,10.9342,10.7947,10.7947,10.7991,11.6955,11.6954,11.7152,12.42,12.42,12.4699,11.7018,11.7017,11.7216,11.3661,11.3662,11.4206,11.9503,11.9497,11.9615,11.3076,11.3075,11.3082,10.8821,10.8821,10.8823,10.7555,10.7555,10.7586
model.language_model.layers.5.mlp.up_proj.weight,linear,mlp,5,10240x2560,26214400,28,2.6009,10.6323,12.7878,12.7876,12.8173,13.022,13.0217,13.0444,12.7922,12.7921,12.8217,12.5088,12.5085,12.5478,11.6408,11.6405,11.6432,11.4056,11.4053,11.4062,11.016,11.016,11.0172,10.874,10.8742,10.8772,12.1197,12.1198,12.1369,12.4741,12.4734,12.5139,12.1238,12.1238,12.1416,11.7873,11.7869,11.8251,11.7626,11.7615,11.7667,11.3245,11.3243,11.3244,10.9119,10.9119,10.9125,10.7905,10.7905,10.7929,11.6901,11.69,11.7041,12.4065,12.407,12.4407,11.6963,11.6965,11.7109,11.3498,11.3498,11.3842,11.9385,11.9378,11.9439,11.2917,11.2915,11.2918,10.8606,10.8606,10.8608,10.7522,10.7522,10.754
model.language_model.layers.5.per_layer_input_gate.weight,linear,ple_proj,5,256x2560,655360,22,2.6767,10.718,12.924,12.925,12.9261,13.1617,13.1611,13.1641,12.9266,12.9279,12.9288,12.7106,12.7122,12.7154,11.7126,11.7131,11.714,11.4495,11.4498,11.4494,11.1228,11.123,11.1225,10.9322,10.9323,10.9321,12.1934,12.191,12.1941,12.6721,12.6588,12.6712,12.1988,12.1973,12.2,11.9658,11.9619,11.9685,11.8442,11.8457,11.8427,11.3649,11.3639,11.3638,11.0185,11.0183,11.0183,10.8455,10.8457,10.8451,11.7476,11.7461,11.7472,12.5393,12.5392,12.5345,11.7528,11.7512,11.753,11.5144,11.5111,11.5159,12.004,12.0042,11.9989,11.3285,11.3288,11.3279,10.9667,10.9664,10.9665,10.803,10.8029,10.8026
model.language_model.layers.5.per_layer_projection.weight,linear,ple_proj,5,2560x256,655360,28,3.2367,11.2785,12.7893,12.7852,13.6948,13.0317,13.0456,14.4597,12.7923,12.789,13.6975,12.5093,12.5219,14.1689,12.0618,12.0647,12.2604,11.7614,11.7579,12.0838,12.2764,12.2762,12.2926,11.3705,11.3731,11.4993,12.1322,12.1288,12.8759,12.5381,12.528,13.5599,12.1348,12.1324,12.8763,11.8068,11.8035,13.3332,12.1198,12.1187,12.2158,11.658,11.6584,12.0219,12.1764,12.1763,12.1861,11.2859,11.2857,11.4114,11.7014,11.7014,12.4649,12.4943,12.4587,12.8886,11.7055,11.7062,12.4649,11.3761,11.3718,12.8003,12.2105,12.2091,12.2373,11.61,11.6091,11.9978,12.1281,12.1279,12.1334,11.2442,11.2431,11.3682
model.language_model.layers.5.self_attn.k_proj.weight,linear,attn,5,1024x2560,2621440,26,2.6829,10.7223,12.8213,12.8234,12.945,13.0591,13.0626,13.1616,12.8255,12.8273,12.9475,12.5572,12.5596,12.7211,11.7271,11.7284,11.7358,11.4728,11.4734,11.4765,11.1335,11.1336,11.1354,10.9134,10.9139,10.9228,12.1418,12.1433,12.2019,12.5381,12.5451,12.6828,12.1461,12.1478,12.2073,11.8331,11.8351,11.9828,11.8532,11.8538,11.8656,11.396,11.3964,11.3961,11.0296,11.0297,11.0308,10.8272,10.8276,10.8339,11.7104,11.7114,11.7571,12.4559,12.4621,12.5558,11.7164,11.7173,11.7621,11.3926,11.3938,11.532,11.9958,11.999,12.0093,11.363,11.3637,11.3634,10.9783,10.9784,10.9786,10.7856,10.7858,10.789
model.language_model.layers.5.self_attn.o_proj.weight,linear,attn,5,2560x4096,10485760,29,2.6133,10.6623,12.7398,12.8026,12.8508,12.9636,13.0114,13.0536,12.7446,12.8065,12.8543,12.4242,12.5031,12.564,11.6865,11.6908,11.6974,11.4178,11.4307,11.4406,11.014,11.0162,11.0186,10.8465,10.8526,10.8577,12.0852,12.1175,12.1491,12.3667,12.4395,12.5303,12.0881,12.1208,12.1527,11.7054,11.7783,11.8411,11.812,11.8187,11.8292,11.332,11.3473,11.3564,10.9108,10.9124,10.9143,10.7652,10.7701,10.7742,11.6557,11.6792,11.7094,12.3023,12.3748,12.4755,11.6613,11.6841,11.7137,11.2776,11.346,11.4049,11.9715,11.9774,11.9909,11.2999,11.3148,11.3216,10.8603,10.861,10.862,10.7262,10.7297,10.7325
model.language_model.layers.5.self_attn.q_proj.weight,linear,attn,5,4096x2560,10485760,28,2.6106,10.6443,12.7834,12.7838,12.8406,13.0152,13.0143,13.0543,12.7878,12.7882,12.8448,12.5003,12.5001,12.5674,11.6557,11.6558,11.6589,11.4182,11.4182,11.4196,11.0166,11.0166,11.0182,10.8661,10.8661,10.8701,12.1149,12.115,12.1469,12.4552,12.4552,12.5297,12.119,12.1191,12.1516,11.777,11.7771,11.8436,11.7793,11.779,11.784,11.3385,11.3381,11.3378,10.9125,10.9126,10.9135,10.7827,10.7827,10.7858,11.6835,11.6837,11.7101,12.3827,12.3842,12.4584,11.69,11.6903,11.7166,11.3401,11.34,11.4018,11.951,11.9498,11.9551,11.3065,11.3063,11.3059,10.8612,10.8612,10.8614,10.7438,10.7437,10.7457
model.language_model.layers.5.self_attn.v_proj.weight,linear,attn,5,1024x2560,2621440,26,2.5797,10.6072,12.7849,12.7847,12.7857,13.0134,13.0125,13.013,12.79,12.7897,12.7906,12.5004,12.4997,12.5002,11.6343,11.6351,11.6344,11.3998,11.3989,11.4,10.9832,10.9833,10.9833,10.8551,10.8552,10.8553,12.12,12.1194,12.1209,12.4759,12.474,12.4751,12.1239,12.1235,12.125,11.785,11.7845,11.7861,11.7582,11.7588,11.7558,11.3198,11.3188,11.3195,10.8786,10.8785,10.8786,10.7725,10.7722,10.7724,11.6926,11.6928,11.693,12.4129,12.4198,12.4193,11.6991,11.6991,11.6994,11.3493,11.3495,11.3502,11.9339,11.9392,11.9344,11.2872,11.2878,11.2875,10.8265,10.8266,10.8266,10.7339,10.7339,10.7339
model.language_model.layers.6.mlp.down_proj.weight,linear,mlp,6,2560x10240,26214400,30,2.5826,10.6233,12.7881,12.7882,12.8051,12.9889,12.989,13.0074,12.7913,12.7914,12.808,12.4741,12.4743,12.4979,11.6103,11.6112,11.6375,11.3824,11.3825,11.3912,10.9667,10.9668,10.9675,10.8201,10.8202,10.8234,12.1018,12.1021,12.1141,12.3826,12.3839,12.4223,12.1046,12.1049,12.1168,11.7446,11.7446,11.7683,11.7191,11.7205,11.7588,11.2848,11.285,11.2942,10.8638,10.8639,10.8645,10.7411,10.7412,10.7441,11.6588,11.659,11.6701,12.3121,12.3138,12.3662,11.6638,11.6639,11.6743,11.3157,11.3156,11.3397,11.9064,11.9078,11.9428,11.2422,11.2425,11.2512,10.8123,10.8123,10.8127,10.7032,10.7032,10.7055
model.language_model.layers.6.mlp.gate_proj.weight,linear,mlp,6,10240x2560,26214400,27,2.6153,10.6491,12.7926,12.7932,12.8398,13.0213,13.0209,13.0652,12.7969,12.7976,12.8439,12.5079,12.508,12.5777,11.6542,11.6536,11.6568,11.4145,11.4145,11.4157,11.0304,11.0304,11.0328,10.8788,10.8789,10.8841,12.121,12.121,12.1486,12.4709,12.4722,12.5438,12.1247,12.1248,12.1536,11.7861,11.7863,11.8512,11.7767,11.776,11.7822,11.3334,11.3334,11.3335,10.9269,10.9269,10.9281,10.7956,10.7956,10.7993,11.6892,11.6891,11.7128,12.4084,12.4086,12.4627,11.695,11.695,11.7195,11.3507,11.3509,11.4084,11.9483,11.9481,11.9557,11.3004,11.3004,11.3007,10.876,10.876,10.8764,10.7573,10.7573,10.7598
model.language_model.layers.6.mlp.up_proj.weight,linear,mlp,6,10240x2560,26214400,31,2.5984,10.6294,12.7877,12.7877,12.8105,13.0182,13.0186,13.0429,12.7923,12.7923,12.8151,12.5049,12.5052,12.5429,11.637,11.6375,11.6383,11.402,11.4019,11.4023,11.0085,11.0086,11.0094,10.8697,10.8697,10.8712,12.1191,12.1193,12.1337,12.4697,12.4696,12.5096,12.1231,12.1232,12.1386,11.7843,11.7846,11.8195,11.7584,11.7588,11.7605,11.3205,11.3204,11.3202,10.9045,10.9045,10.9048,10.786,10.7861,10.787,11.6891,11.689,11.7023,12.4061,12.407,12.4341,11.6953,11.6952,11.7094,11.3483,11.3483,11.3783,11.9359,11.9362,11.9401,11.2872,11.2872,11.2874,10.853,10.853,10.8531,10.7476,10.7475,10.7484
model.language_model.layers.6.per_layer_input_gate.weight,linear,ple_proj,6,256x2560,655360,23,2.7049,10.7469,12.9694,12.9675,12.9786,13.2021,13.2016,13.2087,12.9716,12.97,12.9807,12.7712,12.7697,12.7817,11.7309,11.732,11.7347,11.4717,11.4706,11.4711,11.1633,11.1633,11.1633,10.9434,10.9438,10.9447,12.2145,12.2138,12.2188,12.7136,12.7077,12.7318,12.221,12.2205,12.226,12.0155,12.0141,12.0255,11.8665,11.8626,11.8696,11.3896,11.388,11.3887,11.059,11.0588,11.0588,10.8543,10.8545,10.8551,11.7654,11.7652,11.7697,12.5641,12.5585,12.5694,11.7702,11.7712,11.775,11.5564,11.5559,11.567,12.0114,12.0079,12.0122,11.3548,11.3537,11.3544,11.0071,11.007,11.007,10.8108,10.8106,10.8109
model.language_model.layers.6.per_layer_projection.weight,linear,ple_proj,6,2560x256,655360,25,3.0579,11.1133,12.839,12.8387,13.4208,13.0759,13.0816,13.9655,12.8423,12.8422,13.4254,12.5806,12.581,13.659,11.9458,11.9452,12.1013,11.648,11.6464,11.8303,11.8871,11.8867,11.8982,11.2487,11.2492,11.3124,12.1465,12.1489,12.5608,12.5529,12.552,13.3357,12.1497,12.1529,12.5644,11.8513,11.8512,12.8448,12.0125,12.0136,12.1333,11.5615,11.5593,11.7673,11.7869,11.7866,11.7927,11.17,11.1691,11.2163,11.7095,11.713,12.1199,12.4473,12.4635,12.7889,11.714,11.718,12.1201,11.4111,11.4147,12.3476,12.0944,12.0962,12.139,11.5189,11.5189,11.7254,11.7368,11.737,11.74,11.1293,11.1295,11.1666
model.language_model.layers.6.self_attn.k_proj.weight,linear,attn,6,512x2560,1310720,26,2.6455,10.6847,12.7879,12.7872,12.8932,13.0203,13.0164,13.101,12.7914,12.7909,12.8968,12.5064,12.5047,12.6424,11.6796,11.6793,11.6853,11.4378,11.4364,11.439,11.0688,11.0688,11.0725,10.89,10.8898,10.8977,12.1137,12.1126,12.1721,12.4512,12.4403,12.5939,12.1174,12.1165,12.1775,11.7782,11.7765,11.9105,11.8046,11.802,11.816,11.3579,11.3566,11.3573,10.9659,10.9658,10.9679,10.8055,10.8052,10.812,11.678,11.6779,11.7294,12.3732,12.3694,12.4982,11.6839,11.6841,11.7357,11.3412,11.341,11.4634,11.9636,11.9629,11.9755,11.3245,11.3243,11.3242,10.9155,10.9155,10.9159,10.766,10.7657,10.7694
model.language_model.layers.6.self_attn.o_proj.weight,linear,attn,6,2560x2048,5242880,28,2.6651,10.702,12.7364,12.8272,12.9136,12.9674,13.0482,13.1349,12.7415,12.8309,12.9165,12.4275,12.56,12.6858,11.6682,11.6758,11.6963,11.4303,11.433,11.4404,11.1043,11.1071,11.1093,10.9092,10.9154,10.9241,12.0846,12.1334,12.1828,12.3736,12.4935,12.6292,12.0876,12.1381,12.1889,11.7076,11.8297,11.9458,11.7882,11.7996,11.8269,11.3507,11.3511,11.3559,11.0025,11.0034,11.0047,10.8257,10.8296,10.8365,11.6573,11.6959,11.7384,12.3004,12.4157,12.5132,11.6633,11.7024,11.7448,11.2773,11.39,11.4962,11.957,11.9727,11.9964,11.3169,11.3181,11.3222,10.9517,10.9521,10.953,10.7866,10.7894,10.7945
model.language_model.layers.6.self_attn.q_proj.weight,linear,attn,6,2048x2560,5242880,27,2.6091,10.6418,12.7797,12.7808,12.837,13.0121,13.012,13.0512,12.7842,12.7849,12.8412,12.4941,12.4942,12.5626,11.6586,11.6597,11.6635,11.4196,11.4203,11.421,11.0148,11.0149,11.0165,10.865,10.8654,10.8694,12.1138,12.114,12.1452,12.4539,12.454,12.5275,12.1177,12.1178,12.1498,11.7725,11.7718,11.84,11.7826,11.7829,11.7915,11.34,11.3404,11.34,10.9108,10.9108,10.9118,10.7816,10.7819,10.7853,11.6833,11.683,11.7094,12.3898,12.3892,12.4602,11.6894,11.6889,11.7156,11.3368,11.3365,11.3994,11.9522,11.9508,11.9608,11.3076,11.3076,11.3077,10.8595,10.8594,10.8596,10.7427,10.7426,10.7449
model.language_model.layers.6.self_attn.v_proj.weight,linear,attn,6,512x2560,1310720,25,2.6157,10.6481,12.8394,12.8371,12.843,13.0585,13.0587,13.062,12.8436,12.8414,12.8472,12.5719,12.57,12.5764,11.6605,11.6618,11.6587,11.4202,11.4193,11.4192,11.0326,11.0326,11.0329,10.8822,10.8815,10.8828,12.1451,12.1456,12.1494,12.5303,12.5322,12.5417,12.1501,12.1503,12.1541,11.8455,11.8455,11.8529,11.7838,11.7897,11.7846,11.3374,11.3383,11.3376,10.928,10.9282,10.9284,10.7976,10.7974,10.7984,11.7099,11.71,11.7129,12.4577,12.4592,12.4604,11.7159,11.7158,11.7199,11.405,11.4055,11.4105,11.9553,11.9609,11.9568,11.3055,11.3064,11.3051,10.8764,10.8765,10.8764,10.7577,10.7578,10.7585
model.language_model.layers.7.mlp.down_proj.weight,linear,mlp,7,2560x10240,26214400,31,2.5857,10.6252,12.7898,12.7896,12.8082,12.9944,12.9943,13.0111,12.7929,12.7927,12.8109,12.4808,12.4804,12.5046,11.6149,11.6147,11.6362,11.3834,11.3834,11.3912,10.9722,10.9722,10.9728,10.824,10.8238,10.8269,12.104,12.1038,12.115,12.3931,12.3931,12.4249,12.1069,12.1067,12.1177,11.7508,11.7506,11.7738,11.7265,11.726,11.7561,11.2862,11.2863,11.2942,10.8693,10.8693,10.8698,10.7448,10.7446,10.7476,11.6617,11.6617,11.6706,12.3231,12.3238,12.3652,11.6667,11.6667,11.675,11.3212,11.3212,11.3446,11.9126,11.913,11.9399,11.2441,11.2441,11.2515,10.8177,10.8177,10.818,10.7064,10.7064,10.7087
model.language_model.layers.7.mlp.gate_proj.weight,linear,mlp,7,10240x2560,26214400,30,2.599,10.6308,12.7729,12.7729,12.8141,13.0075,13.0067,13.0428,12.7776,12.7777,12.8184,12.4857,12.4857,12.5444,11.6376,11.6374,11.6405,11.4033,11.403,11.4044,11.012,11.012,11.0141,10.8711,10.8709,10.8753,12.1109,12.1107,12.1352,12.45,12.4501,12.5101,12.1146,12.1144,12.14,11.7656,11.7656,11.8216,11.7569,11.7573,11.7627,11.3223,11.3223,11.3221,10.9081,10.9082,10.9093,10.7876,10.7876,10.7909,11.6822,11.6822,11.7026,12.3849,12.3858,12.4358,11.6883,11.6884,11.7096,11.3308,11.3308,11.3802,11.9335,11.9341,11.9418,11.2894,11.2895,11.2896,10.8573,10.8573,10.8576,10.7499,10.7499,10.7522
model.language_model.layers.7.mlp.up_proj.weight,linear,mlp,7,10240x2560,26214400,28,2.5837,10.6143,12.7692,12.7695,12.7878,13.0048,13.0059,13.0247,12.7744,12.7746,12.7927,12.4823,12.483,12.5115,11.6311,11.6314,11.6324,11.3965,11.3968,11.3975,10.9852,10.9853,10.9864,10.8548,10.8548,10.857,12.1115,12.1118,12.1233,12.4569,12.4582,12.4879,12.1153,12.1156,12.1277,11.7661,11.7667,11.7929,11.752,11.7523,11.7544,11.3164,11.3166,11.3164,10.881,10.8811,10.8816,10.7718,10.7718,10.7734,11.6856,11.686,11.6961,12.3954,12.3965,12.4219,11.692,11.6923,11.7029,11.3311,11.3313,11.3543,11.9307,11.9305,11.935,11.2836,11.2837,11.2838,10.8296,10.8296,10.8298,10.7341,10.7342,10.7354
model.language_model.layers.7.per_layer_input_gate.weight,linear,ple_proj,7,256x2560,655360,25,2.704,10.7434,12.9474,12.9497,12.9609,13.18,13.1808,13.1903,12.9495,12.9518,12.9632,12.7572,12.7557,12.7738,11.7287,11.7262,11.7267,11.4553,11.4555,11.4564,11.1777,11.1774,11.1772,10.9599,10.9601,10.9609,12.1964,12.1955,12.2004,12.6682,12.6617,12.6797,12.2022,12.2012,12.2067,12.0046,12.0001,12.0176,11.8611,11.8567,11.8561,11.3679,11.3675,11.3669,11.0738,11.0738,11.0738,10.8737,10.8731,10.8742,11.744,11.7455,11.7488,12.535,12.5349,12.5398,11.749,11.7501,11.7537,11.5528,11.5522,11.5671,12.0093,12.0044,12.0017,11.3292,11.3292,11.3283,11.0221,11.0219,11.0219,10.8296,10.8295,10.8295
model.language_model.layers.7.per_layer_projection.weight,linear,ple_proj,7,2560x256,655360,26,3.3084,11.3535,12.8286,12.8364,13.7965,13.1095,13.1053,14.545,12.8321,12.8391,13.802,12.5903,12.5899,14.4141,12.0178,12.019,12.2435,11.8403,11.842,12.0896,12.5902,12.5904,12.6095,11.5372,11.5366,11.6271,12.1636,12.162,12.9673,12.6155,12.6187,13.5414,12.1675,12.1651,12.9677,11.8654,11.8631,13.557,12.0591,12.0596,12.1963,11.7595,11.7606,12.0303,12.4934,12.4936,12.504,11.4631,11.4619,11.5479,11.7303,11.7301,12.5332,12.5327,12.5272,12.862,11.7339,11.7334,12.5332,11.4278,11.4254,13.039,12.1515,12.1527,12.2011,11.7163,11.7172,12.0066,12.4466,12.4467,12.4513,11.43,11.4297,11.5146
model.language_model.layers.7.self_attn.k_proj.weight,linear,attn,7,512x2560,1310720,25,2.6409,10.6778,12.7912,12.7917,12.8836,13.0192,13.0221,13.099,12.7951,12.7958,12.8867,12.5106,12.5122,12.6381,11.6634,11.6625,11.6673,11.4245,11.4249,11.4271,11.0709,11.0707,11.0727,10.9003,10.8998,10.9045,12.1144,12.1159,12.1663,12.4505,12.4539,12.578,12.1182,12.1199,12.1721,11.7809,11.7827,11.9017,11.7818,11.7843,11.7925,11.3436,11.3429,11.3436,10.9675,10.9675,10.9679,10.8149,10.8146,10.8178,11.6797,11.6808,11.7236,12.372,12.3801,12.4781,11.6861,11.6875,11.7304,11.3438,11.3451,11.4536,11.9474,11.9498,11.963,11.3096,11.3096,11.3103,10.9161,10.9161,10.9163,10.7749,10.7747,10.7766
model.language_model.layers.7.self_attn.o_proj.weight,linear,attn,7,2560x2048,5242880,26,2.5997,10.63,12.7308,12.7629,12.8028,12.9676,13.0012,13.053,12.7362,12.768,12.8071,12.4251,12.4787,12.544,11.6267,11.631,11.6552,11.3966,11.3985,11.4057,10.9987,11.0002,11.0021,10.8544,10.8574,10.8635,12.0862,12.1078,12.1358,12.3881,12.4483,12.5344,12.0893,12.1118,12.1403,11.7108,11.7616,11.8218,11.7435,11.7484,11.7841,11.316,11.3175,11.3245,10.8957,10.8963,10.8975,10.7722,10.7743,10.7798,11.6633,11.6823,11.7069,12.3256,12.383,12.4543,11.6694,11.689,11.7132,11.2811,11.3261,11.3807,11.9224,11.9291,11.9624,11.2831,11.2845,11.2902,10.8447,10.8448,10.8457,10.7347,10.7364,10.7409
model.language_model.layers.7.self_attn.q_proj.weight,linear,attn,7,2048x2560,5242880,27,2.602,10.6337,12.7798,12.7794,12.8216,13.0116,13.0106,13.0462,12.7843,12.7839,12.826,12.4947,12.4941,12.5498,11.6456,11.645,11.6479,11.4086,11.4084,11.4095,11.0108,11.0108,11.0125,10.8683,10.8682,10.8719,12.1134,12.1134,12.1388,12.4529,12.4542,12.5168,12.1174,12.1174,12.1435,11.7728,11.7733,11.8264,11.768,11.7667,11.7743,11.3277,11.3274,11.3281,10.9068,10.9068,10.9078,10.785,10.785,10.788,11.6832,11.6833,11.7058,12.3873,12.3892,12.45,11.6896,11.6898,11.7122,11.3372,11.3374,11.3858,11.942,11.9414,11.9514,11.2951,11.2952,11.2958,10.8556,10.8556,10.8559,10.7468,10.7467,10.7489
model.language_model.layers.7.self_attn.v_proj.weight,linear,attn,7,512x2560,1310720,23,2.582,10.6128,12.7856,12.7847,12.7872,13.0203,13.0184,13.0243,12.7908,12.7902,12.7927,12.5082,12.507,12.51,11.6275,11.6267,11.6269,11.3948,11.3933,11.3953,10.983,10.983,10.9832,10.8545,10.8544,10.8541,12.1207,12.1205,12.1223,12.4767,12.4757,12.483,12.1251,12.1252,12.1269,11.7876,11.7873,11.7906,11.7486,11.7477,11.747,11.3135,11.313,11.3132,10.8783,10.8783,10.8785,10.7712,10.7705,10.7707,11.6924,11.6931,11.6937,12.4088,12.4133,12.4091,11.7001,11.7005,11.701,11.3483,11.3492,11.3502,11.9318,11.9315,11.931,11.2807,11.2811,11.2809,10.8267,10.8266,10.8267,10.733,10.7328,10.733
model.language_model.layers.8.mlp.down_proj.weight,linear,mlp,8,2560x10240,26214400,28,2.5924,10.631,12.7998,12.8003,12.8124,13.0132,13.0128,13.0262,12.8024,12.803,12.8148,12.504,12.5044,12.5226,11.6241,11.6241,11.6407,11.3884,11.3883,11.394,10.9854,10.9853,10.9859,10.8338,10.8337,10.8362,12.1113,12.1113,12.1197,12.4196,12.4196,12.4459,12.1144,12.1145,12.1227,11.7702,11.7704,11.7881,11.7365,11.7365,11.7615,11.2922,11.2921,11.2981,10.8824,10.8823,10.8829,10.7543,10.7542,10.7567,11.6689,11.6689,11.6763,12.3452,12.3439,12.3819,11.6741,11.674,11.6808,11.3383,11.3382,11.3564,11.9199,11.9208,11.9446,11.2505,11.2506,11.2564,10.8307,10.8308,10.8311,10.7155,10.7155,10.7175
model.language_model.layers.8.mlp.gate_proj.weight,linear,mlp,8,10240x2560,26214400,30,2.6187,10.6535,12.7979,12.7981,12.848,13.022,13.022,13.0701,12.8023,12.8024,12.8519,12.5123,12.5122,12.5849,11.6586,11.6592,11.662,11.4186,11.4188,11.42,11.0307,11.0307,11.0334,10.8766,10.8767,10.8822,12.1215,12.1217,12.1525,12.4678,12.4669,12.551,12.1252,12.1255,12.1575,11.7892,11.7891,11.8579,11.7818,11.7828,11.7878,11.3374,11.3376,11.3377,10.9273,10.9273,10.9287,10.7932,10.7934,10.7974,11.688,11.6881,11.7155,12.4028,12.4011,12.4696,11.6935,11.6937,11.722,11.3542,11.3539,11.4145,11.9535,11.9529,11.9605,11.3048,11.3048,11.3051,10.8764,10.8764,10.8769,10.7548,10.7549,10.7575
model.language_model.layers.8.mlp.up_proj.weight,linear,mlp,8,10240x2560,26214400,29,2.5948,10.6261,12.7887,12.7881,12.8072,13.0174,13.0167,13.0369,12.7937,12.793,12.812,12.5036,12.5029,12.5331,11.641,11.6411,11.6424,11.4045,11.4044,11.4051,11.0033,11.0032,11.0045,10.8662,10.8663,10.8688,12.1205,12.1201,12.1329,12.4734,12.4722,12.5064,12.1243,12.124,12.1374,11.7848,11.7846,11.8129,11.7641,11.7635,11.7658,11.3239,11.3234,11.3237,10.8992,10.8992,10.8998,10.7831,10.7832,10.785,11.691,11.691,11.702,12.4113,12.4102,12.4368,11.697,11.6971,11.7087,11.3489,11.3491,11.373,11.9412,11.9398,11.9431,11.2911,11.2908,11.2911,10.8478,10.8478,10.848,10.7451,10.7451,10.7465
model.language_model.layers.8.per_layer_input_gate.weight,linear,ple_proj,8,256x2560,655360,21,2.7157,10.7423,12.9832,12.9849,12.9898,13.1963,13.1984,13.197,12.985,12.9871,12.9918,12.7899,12.7912,12.7973,11.7644,11.7677,11.7685,11.4991,11.5001,11.5005,11.2047,11.2046,11.2048,10.9547,10.9544,10.9549,12.2123,12.2136,12.2149,12.7054,12.7131,12.7199,12.2184,12.2193,12.2208,12.0388,12.0411,12.0482,11.8967,11.8986,11.897,11.4209,11.4219,11.4225,11.1001,11.1001,11.1003,10.8643,10.8643,10.8643,11.7659,11.7669,11.7693,12.5725,12.5756,12.5784,11.7701,11.7709,11.7734,11.5859,11.5868,11.5955,12.026,12.0282,12.0237,11.3885,11.3885,11.3882,11.048,11.0479,11.048,10.8172,10.8174,10.8175
model.language_model.layers.8.per_layer_projection.weight,linear,ple_proj,8,2560x256,655360,24,3.1515,11.1956,12.8632,12.8894,13.5715,13.1289,13.1314,14.258,12.8662,12.8919,13.5763,12.6383,12.6552,13.9299,12.07,12.0812,12.2042,11.7888,11.7876,11.9833,12.062,12.0618,12.0768,11.2983,11.3028,11.418,12.175,12.1735,12.7459,12.6381,12.6144,13.464,12.1795,12.1772,12.7475,11.9029,11.9171,13.0912,12.1111,12.1108,12.182,11.7022,11.7034,11.927,11.9626,11.9625,11.9711,11.2206,11.223,11.3252,11.7358,11.7345,12.3198,12.4993,12.4942,12.8336,11.7392,11.738,12.3198,11.469,11.4773,12.5646,12.1647,12.1646,12.1835,11.6636,11.6661,11.8984,11.9136,11.9139,11.9186,11.1865,11.1872,11.2779
model.language_model.layers.8.self_attn.k_proj.weight,linear,attn,8,512x2560,1310720,24,2.5887,10.6189,12.7693,12.7705,12.7969,12.9984,12.998,13.0275,12.7741,12.7749,12.8016,12.4764,12.4755,12.5195,11.6374,11.636,11.6374,11.402,11.4018,11.4014,10.9941,10.9941,10.996,10.861,10.8609,10.8634,12.1068,12.1072,12.1274,12.4312,12.436,12.4929,12.1103,12.1109,12.1317,11.7559,11.7563,11.8014,11.7612,11.7583,11.7607,11.3212,11.3207,11.3197,10.8902,10.8901,10.8913,10.7784,10.7782,10.7799,11.6773,11.6775,11.6976,12.3747,12.3713,12.4325,11.6834,11.6836,11.7041,11.3233,11.323,11.3633,11.9355,11.9314,11.9421,11.2877,11.2873,11.2877,10.8392,10.839,10.8394,10.7409,10.7402,10.7416
model.language_model.layers.8.self_attn.o_proj.weight,linear,attn,8,2560x2048,5242880,27,2.6147,10.6484,12.7341,12.7491,12.8302,12.9625,12.9766,13.0757,12.7401,12.7551,12.8343,12.421,12.4435,12.5732,11.6515,11.6547,11.6803,11.414,11.4162,11.4249,11.0277,11.0283,11.0318,10.8738,10.8753,10.8859,12.0874,12.0982,12.1522,12.3868,12.415,12.5741,12.0903,12.1012,12.1564,11.7095,11.7323,11.8505,11.7706,11.7739,11.8099,11.3359,11.3378,11.3437,10.9246,10.9248,10.9272,10.7911,10.7927,10.8018,11.6635,11.6732,11.7215,12.332,12.3667,12.4923,11.669,11.6789,11.7271,11.2822,11.303,11.4092,11.9432,11.9457,11.9755,11.3034,11.3054,11.3089,10.8732,10.8732,10.8753,10.7541,10.7551,10.7628
model.language_model.layers.8.self_attn.q_proj.weight,linear,attn,8,2048x2560,5242880,27,2.5752,10.6041,12.7505,12.7509,12.7774,12.9886,12.9885,13.0108,12.7558,12.7566,12.7826,12.4552,12.4564,12.4911,11.6308,11.631,11.6311,11.3966,11.3963,11.3972,10.9732,10.9733,10.9744,10.8477,10.8478,10.8502,12.1011,12.1009,12.1178,12.4301,12.4307,12.4734,12.1045,12.1045,12.1219,11.7416,11.7424,11.777,11.7521,11.7522,11.7529,11.3175,11.3173,11.3171,10.8691,10.8691,10.8697,10.7655,10.7656,10.7674,11.6773,11.6775,11.6924,12.3737,12.3719,12.4149,11.6833,11.6838,11.6991,11.3092,11.3099,11.3411,11.9305,11.9292,11.9332,11.285,11.2847,11.2849,10.8176,10.8176,10.8178,10.7283,10.7281,10.7295
model.language_model.layers.8.self_attn.v_proj.weight,linear,attn,8,512x2560,1310720,24,2.5782,10.6079,12.7772,12.7793,12.7817,13.0124,13.0133,13.0178,12.7817,12.7842,12.7866,12.496,12.497,12.5016,11.6286,11.6299,11.6299,11.3945,11.3948,11.3953,10.9777,10.9777,10.9779,10.8509,10.8517,10.8519,12.1162,12.1161,12.1195,12.467,12.4654,12.4796,12.1204,12.1205,12.1237,11.7787,11.7793,11.7839,11.7487,11.7529,11.7521,11.3138,11.3136,11.3145,10.8729,10.8731,10.8732,10.7674,10.768,10.7685,11.6899,11.6902,11.6934,12.402,12.408,12.4173,11.6967,11.697,11.6999,11.3417,11.3423,11.3471,11.9271,11.9314,11.9358,11.2811,11.281,11.282,10.8212,10.8212,10.8214,10.7297,10.7298,10.7303
model.language_model.layers.9.mlp.down_proj.weight,linear,mlp,9,2560x10240,26214400,29,2.6044,10.6415,12.8105,12.8108,12.8304,13.0207,13.0209,13.0433,12.8133,12.8136,12.8327,12.5158,12.5163,12.5452,11.6458,11.6457,11.6763,11.403,11.4029,11.4115,11.0013,11.0013,11.0023,10.842,10.8421,10.8457,12.1177,12.1175,12.1318,12.4343,12.4347,12.4832,12.1208,12.1206,12.1347,11.7828,11.7829,11.8122,11.7563,11.7566,11.8041,11.3062,11.3064,11.3154,10.8982,10.8982,10.8991,10.7618,10.7619,10.7654,11.6743,11.6744,11.6879,12.3572,12.3592,12.4232,11.6792,11.6792,11.6917,11.3505,11.3505,11.38,11.9305,11.9307,11.9745,11.2636,11.2637,11.2721,10.8466,10.8466,10.8472,10.7224,10.7225,10.7251
model.language_model.layers.9.mlp.gate_proj.weight,linear,mlp,9,10240x2560,26214400,28,2.6295,10.6672,12.8103,12.8103,12.8674,13.0273,13.0274,13.0835,12.8144,12.8145,12.8712,12.5245,12.5244,12.606,11.676,11.6755,11.6799,11.4314,11.4312,11.4326,11.0412,11.0411,11.0439,10.8772,10.8772,10.8833,12.1261,12.1265,12.162,12.4743,12.4757,12.5738,12.1298,12.1303,12.167,11.8002,11.8004,11.8777,11.8024,11.8018,11.8084,11.351,11.351,11.351,10.9378,10.9378,10.9392,10.7938,10.7938,10.7982,11.6903,11.6906,11.723,12.4074,12.4086,12.4908,11.6957,11.696,11.7289,11.3653,11.3655,11.4335,11.9678,11.9685,11.9764,11.3184,11.3185,11.3188,10.8868,10.8868,10.8873,10.7545,10.7546,10.7572
model.language_model.layers.9.mlp.up_proj.weight,linear,mlp,9,10240x2560,26214400,30,2.6055,10.6382,12.8032,12.8032,12.828,13.0229,13.0228,13.0511,12.8079,12.8078,12.8323,12.5146,12.5142,12.5544,11.6579,11.6585,11.6602,11.4164,11.4166,11.4175,11.0096,11.0096,11.0112,10.865,10.865,10.8683,12.1267,12.1269,12.1435,12.4825,12.4833,12.5308,12.1304,12.1306,12.1479,11.7956,11.7954,11.8326,11.7843,11.7844,11.7871,11.3361,11.3364,11.3365,10.9057,10.9057,10.9065,10.7822,10.7821,10.7845,11.6943,11.6946,11.7095,12.4229,12.4238,12.46,11.6999,11.7,11.7158,11.3604,11.3605,11.3922,11.9563,11.9572,11.9602,11.3038,11.3039,11.3039,10.8542,10.8542,10.8545,10.7433,10.7434,10.745
model.language_model.layers.9.per_layer_input_gate.weight,linear,ple_proj,9,256x2560,655360,21,2.6928,10.7189,12.9523,12.951,12.9564,13.1585,13.1613,13.1684,12.9544,12.9528,12.9583,12.7379,12.7396,12.7459,11.7696,11.774,11.773,11.4822,11.4833,11.484,11.163,11.163,11.1633,10.9355,10.9357,10.9364,12.1939,12.1941,12.1974,12.66,12.6561,12.6649,12.1991,12.1986,12.2028,11.9928,11.9931,12.0,11.9013,11.9074,11.9023,11.393,11.3947,11.394,11.0589,11.0592,11.059,10.848,10.8485,10.8483,11.7479,11.7476,11.7515,12.5512,12.5526,12.5608,11.7517,11.7509,11.7551,11.5459,11.5457,11.5519,12.0337,12.0327,12.0327,11.3534,11.3532,11.3532,11.0067,11.0066,11.0067,10.8015,10.8015,10.8017
model.language_model.layers.9.per_layer_projection.weight,linear,ple_proj,9,2560x256,655360,28,3.3197,11.3558,12.8682,12.8763,13.8131,13.108,13.1494,14.5808,12.872,12.8794,13.8172,12.6132,12.6447,14.4298,12.0431,12.0402,12.2619,11.795,11.7944,12.1201,12.5584,12.5584,12.5746,11.4951,11.4955,11.6041,12.1856,12.1855,12.9892,12.6628,12.6724,13.572,12.1886,12.189,12.9895,11.9135,11.9177,13.5778,12.0835,12.0855,12.2205,11.7178,11.7172,12.0625,12.4599,12.4603,12.4686,11.4202,11.4196,11.5228,11.7508,11.75,12.5621,12.5348,12.5438,12.8856,11.7535,11.7533,12.5621,11.4719,11.4789,13.0524,12.1945,12.1968,12.2464,11.6865,11.6876,12.0362,12.4111,12.4113,12.416,11.3848,11.3837,11.4866
model.language_model.layers.9.self_attn.k_proj.weight,linear,attn,9,512x2560,1310720,25,2.5933,10.6253,12.7627,12.7621,12.8131,12.9876,12.9873,13.0298,12.7677,12.7674,12.8179,12.4616,12.4617,12.5287,11.6445,11.6473,11.6491,11.4106,11.4095,11.4112,10.9903,10.9903,10.9925,10.8516,10.8517,10.8556,12.1018,12.1022,12.1332,12.4131,12.4184,12.4963,12.1053,12.1055,12.1377,11.7421,11.744,11.8095,11.7642,11.7689,11.774,11.3303,11.3308,11.3306,10.8865,10.8866,10.8878,10.7692,10.7699,10.7729,11.6709,11.672,11.7,12.3473,12.356,12.4377,11.6772,11.6777,11.7064,11.3101,11.311,11.3713,11.939,11.9433,11.9491,11.2982,11.2993,11.2992,10.8352,10.8354,10.8356,10.7314,10.7317,10.734
model.language_model.layers.9.self_attn.o_proj.weight,linear,attn,9,2560x2048,5242880,26,2.6047,10.638,12.737,12.7736,12.8231,12.9614,12.9989,13.0533,12.7427,12.7788,12.8275,12.421,12.4769,12.5518,11.6493,11.6523,11.6597,11.4116,11.4132,11.4162,11.0074,11.0094,11.0118,10.8582,10.8624,10.8712,12.0875,12.1116,12.143,12.3781,12.4473,12.5352,12.0903,12.1151,12.1475,11.7083,11.7624,11.8305,11.7699,11.7735,11.7864,11.3334,11.3335,11.3357,10.9047,10.9059,10.9072,10.7779,10.7808,10.7875,11.6611,11.6846,11.7106,12.3253,12.3952,12.4659,11.6667,11.6904,11.7167,11.2812,11.3305,11.3905,11.9405,11.9447,11.9591,11.3009,11.3009,11.3026,10.8539,10.8543,10.8553,10.7411,10.7431,10.7485
model.language_model.layers.9.self_attn.q_proj.weight,linear,attn,9,2048x2560,5242880,26,2.5826,10.6129,12.7619,12.7614,12.7934,12.9886,12.9881,13.0164,12.7673,12.7668,12.7986,12.4616,12.4617,12.5046,11.6422,11.6431,11.6437,11.4062,11.4061,11.4064,10.9769,10.9769,10.9783,10.8461,10.846,10.8489,12.1036,12.1039,12.125,12.4275,12.4279,12.4839,12.1068,12.1072,12.1289,11.7463,11.7465,11.7899,11.7655,11.7674,11.7694,11.3271,11.3274,11.3269,10.8728,10.8729,10.8737,10.7641,10.764,10.7663,11.676,11.6765,11.6959,12.3736,12.3748,12.4298,11.6817,11.6819,11.702,11.3151,11.3151,11.3544,11.941,11.9427,11.9456,11.2949,11.2953,11.2948,10.8213,10.8213,10.8215,10.7262,10.7262,10.7276
model.language_model.layers.9.self_attn.v_proj.weight,linear,attn,9,512x2560,1310720,24,2.5833,10.6115,12.7907,12.7899,12.792,13.0149,13.011,13.0165,12.7955,12.7955,12.7977,12.5049,12.5018,12.5072,11.635,11.6348,11.6345,11.4012,11.401,11.402,10.987,10.9867,10.9872,10.8564,10.8568,10.857,12.1218,12.1214,12.1242,12.4709,12.4678,12.4788,12.1257,12.1257,12.1281,11.7888,11.787,11.7926,11.7567,11.7585,11.756,11.3207,11.3206,11.3218,10.8825,10.8824,10.8824,10.7738,10.7738,10.7737,11.6919,11.6916,11.6942,12.4135,12.4118,12.4151,11.6981,11.6983,11.7008,11.3522,11.3523,11.3555,11.9363,11.9383,11.9362,11.2889,11.2889,11.2893,10.8304,10.8303,10.8303,10.7353,10.7354,10.7352
model.language_model.per_layer_model_projection.weight,linear,ple_proj,,10752x2560,27525120,29,2.5747,10.6099,12.768,12.7682,12.7895,12.9851,12.9853,12.9966,12.7735,12.7737,12.7948,12.4568,12.457,12.4794,11.661,11.6616,11.6623,11.4103,11.4108,11.4138,10.9579,10.9579,10.9585,10.8278,10.8278,10.8298,12.1073,12.1073,12.1185,12.4315,12.4313,12.4533,12.11,12.1099,12.1212,11.7458,11.7458,11.7685,11.7882,11.7891,11.7903,11.3287,11.3289,11.331,10.8539,10.8539,10.8544,10.7468,10.7468,10.7488,11.679,11.6787,11.6866,12.3906,12.3897,12.417,11.6835,11.6831,11.691,11.3187,11.3183,11.34,11.9578,11.9586,11.9623,11.2942,11.2945,11.2959,10.8018,10.8018,10.8021,10.7082,10.7082,10.71
