name,cls,sub,layer,shape,numel,distinct,entropy,huffman_tensor,T32_best_real,T32_best_shuf_row,T32_best_shuf_tensor,T32_bump_real,T32_bump_shuf_row,T32_bump_shuf_tensor,T32_escape_real,T32_escape_shuf_row,T32_escape_shuf_tensor,T32_unary_real,T32_unary_shuf_row,T32_unary_shuf_tensor,T32_rank_fixed_real,T32_rank_fixed_shuf_row,T32_rank_fixed_shuf_tensor,T32_rank_best_real,T32_rank_best_shuf_row,T32_rank_best_shuf_tensor,T32_rank_unary_real,T32_rank_unary_shuf_row,T32_rank_unary_shuf_tensor,T32_rank_rice_real,T32_rank_rice_shuf_row,T32_rank_rice_shuf_tensor,T64_best_real,T64_best_shuf_row,T64_best_shuf_tensor,T64_bump_real,T64_bump_shuf_row,T64_bump_shuf_tensor,T64_escape_real,T64_escape_shuf_row,T64_escape_shuf_tensor,T64_unary_real,T64_unary_shuf_row,T64_unary_shuf_tensor,T64_rank_fixed_real,T64_rank_fixed_shuf_row,T64_rank_fixed_shuf_tensor,T64_rank_best_real,T64_rank_best_shuf_row,T64_rank_best_shuf_tensor,T64_rank_unary_real,T64_rank_unary_shuf_row,T64_rank_unary_shuf_tensor,T64_rank_rice_real,T64_rank_rice_shuf_row,T64_rank_rice_shuf_tensor,T128_best_real,T128_best_shuf_row,T128_best_shuf_tensor,T128_bump_real,T128_bump_shuf_row,T128_bump_shuf_tensor,T128_escape_real,T128_escape_shuf_row,T128_escape_shuf_tensor,T128_unary_real,T128_unary_shuf_row,T128_unary_shuf_tensor,T128_rank_fixed_real,T128_rank_fixed_shuf_row,T128_rank_fixed_shuf_tensor,T128_rank_best_real,T128_rank_best_shuf_row,T128_rank_best_shuf_tensor,T128_rank_unary_real,T128_rank_unary_shuf_row,T128_rank_unary_shuf_tensor,T128_rank_rice_real,T128_rank_rice_shuf_row,T128_rank_rice_shuf_tensor
model.embed_tokens.weight,embed,embed_tokens,,128256x4096,525336576,58,2.5908,10.6358,12.7567,12.7568,12.8097,12.9537,12.9538,13.0079,12.7613,12.7614,12.8131,12.421,12.4211,12.4954,11.6188,11.6187,11.6859,11.3791,11.379,11.3999,10.9843,10.9843,10.9855,10.8178,10.8178,10.832,12.0866,12.0866,12.12,12.3416,12.3419,12.4413,12.0889,12.089,12.1221,11.7012,11.7013,11.7732,11.7429,11.7427,11.8415,11.2812,11.2812,11.3019,10.8815,10.8815,10.8825,10.7391,10.739,10.7524,11.6482,11.6481,11.6756,12.2786,12.2785,12.3949,11.6529,11.6529,11.679,11.2771,11.2771,11.3495,11.9568,11.9568,12.0763,11.2377,11.2377,11.2578,10.8298,10.8298,10.8307,10.7013,10.7013,10.7133
model.layers.0.mlp.down_proj.weight,linear,mlp,0,4096x14336,58720256,32,2.5629,10.6038,12.7717,12.7717,12.7793,12.965,12.9649,12.9742,12.777,12.777,12.7844,12.4405,12.4406,12.4515,11.6729,11.6729,11.6732,11.4035,11.4036,11.4048,10.9384,10.9384,10.939,10.8131,10.8131,10.8143,12.0991,12.0992,12.1064,12.3826,12.3832,12.4067,12.1013,12.1014,12.1085,11.7273,11.7277,11.7401,11.803,11.803,11.8033,11.3103,11.3104,11.3112,10.835,10.835,10.8355,10.7334,10.7334,10.7344,11.6626,11.6627,11.6706,12.3385,12.3396,12.3718,11.6666,11.6666,11.6744,11.3043,11.3044,11.3162,11.9709,11.9708,11.9711,11.2659,11.2658,11.2664,10.783,10.783,10.7833,10.6954,10.6954,10.696
model.layers.0.mlp.gate_proj.weight,linear,mlp,0,14336x4096,58720256,31,2.5716,10.6032,12.7685,12.7683,12.7794,12.9827,12.9827,12.9967,12.7741,12.7739,12.785,12.4575,12.4573,12.4758,11.6516,11.6513,11.6531,11.411,11.4111,11.4117,10.9591,10.9591,10.9599,10.8334,10.8334,10.8353,12.1068,12.1068,12.1161,12.4293,12.4293,12.459,12.1096,12.1096,12.1192,11.7476,11.7474,11.766,11.7784,11.7778,11.7799,11.3336,11.3336,11.334,10.855,10.855,10.8555,10.7525,10.7525,10.7539,11.6787,11.6787,11.6886,12.3887,12.3889,12.4196,11.6834,11.6834,11.6934,11.3201,11.32,11.3362,11.9521,11.952,11.9541,11.3022,11.3021,11.3024,10.803,10.803,10.8032,10.7145,10.7145,10.7155
model.layers.0.mlp.up_proj.weight,linear,mlp,0,14336x4096,58720256,31,2.5674,10.6069,12.7823,12.7824,12.7865,12.9762,12.9761,12.978,12.7874,12.7875,12.7915,12.4579,12.4582,12.4619,11.6732,11.6735,11.6736,11.4058,11.4056,11.4062,10.9474,10.9474,10.9475,10.8196,10.8196,10.8201,12.1064,12.1065,12.1084,12.407,12.4065,12.4109,12.1087,12.1088,12.1106,11.7456,11.7456,11.7496,11.8021,11.8021,11.8022,11.3121,11.3119,11.3122,10.8439,10.8439,10.8439,10.7395,10.7396,10.74,11.6703,11.6703,11.6716,12.3671,12.3669,12.3749,11.6742,11.6741,11.6754,11.321,11.321,11.3252,11.965,11.9652,11.9651,11.2671,11.267,11.2671,10.7917,10.7917,10.7917,10.701,10.701,10.7014
model.layers.0.self_attn.k_proj.weight,linear,attn,0,1024x4096,4194304,28,3.3635,11.4091,13.8207,13.8193,13.9246,14.5094,14.5053,14.687,13.8265,13.825,13.9291,14.4101,14.4072,14.6085,12.2249,12.2233,12.2659,12.107,12.1038,12.1656,12.7125,12.7125,12.7151,11.6374,11.6362,11.6571,13.0258,13.0249,13.138,13.4913,13.4897,13.5776,13.0277,13.0269,13.1383,13.5367,13.5333,13.7263,12.1918,12.1922,12.2082,12.0339,12.032,12.0976,12.6084,12.6084,12.61,11.5586,11.5577,11.5795,12.5816,12.5792,12.7098,12.8377,12.8372,12.8765,12.5819,12.5795,12.7098,13.0145,13.0117,13.1929,12.2149,12.2153,12.2233,11.9916,11.9905,12.0606,12.5568,12.5568,12.558,11.5247,11.5238,11.548
model.layers.0.self_attn.o_proj.weight,linear,attn,0,4096x4096,16777216,31,2.6281,10.6621,12.7598,12.8373,12.847,12.9861,13.0664,13.0811,12.7641,12.8403,12.8495,12.4575,12.5891,12.6081,11.6285,11.6374,11.644,11.3971,11.3999,11.402,11.0436,11.0452,11.0457,10.8714,10.8768,10.878,12.0967,12.1371,12.1429,12.3974,12.5041,12.5243,12.1001,12.1425,12.1482,11.734,11.8487,11.8651,11.7412,11.7548,11.766,11.3101,11.3108,11.3126,10.9412,10.9416,10.942,10.7896,10.7928,10.7938,11.6646,11.6951,11.6995,12.3268,12.4105,12.4281,11.6706,11.7025,11.7061,11.3021,11.4053,11.4223,11.9192,11.9364,11.9503,11.2739,11.2744,11.2762,10.8899,10.8902,10.8906,10.75,10.7518,10.7528
model.layers.0.self_attn.q_proj.weight,linear,attn,0,4096x4096,16777216,33,3.4652,11.5093,13.9717,13.9695,14.124,14.6962,14.6917,14.8642,13.9762,13.9738,14.1263,14.6776,14.6729,14.9552,12.2902,12.2898,12.317,12.2029,12.2012,12.2424,13.0415,13.0415,13.0452,11.7486,11.7479,11.7675,13.1939,13.191,13.3691,13.577,13.5765,13.6497,13.1947,13.1918,13.3691,13.7892,13.785,14.0611,12.2434,12.2438,12.2666,12.1138,12.1132,12.1405,12.9377,12.9377,12.9403,11.672,11.6712,11.6932,12.7218,12.7198,12.8742,12.8834,12.8845,12.9238,12.7218,12.7199,12.8742,13.2555,13.2526,13.5252,12.2726,12.2733,12.3259,12.0636,12.0633,12.0837,12.8863,12.8863,12.8879,11.6388,11.6381,11.666
model.layers.0.self_attn.v_proj.weight,linear,attn,0,1024x4096,4194304,26,2.9409,10.983,13.2428,13.2413,13.265,13.5674,13.5672,13.6121,13.2481,13.2466,13.2712,13.3222,13.3183,13.3631,11.8882,11.8881,11.8951,11.6313,11.6312,11.6322,11.6705,11.6704,11.6716,11.1951,11.195,11.1971,12.3667,12.3671,12.39,13.0351,13.0325,13.078,12.3778,12.3783,12.402,12.5173,12.5159,12.5541,12.0012,11.9997,12.0081,11.5733,11.5727,11.5744,11.5671,11.5672,11.5675,11.1024,11.1023,11.1033,11.9184,11.9182,11.9474,12.6808,12.6798,12.6909,11.9215,11.9214,11.9505,12.0439,12.0427,12.0763,12.0707,12.0701,12.0734,11.541,11.5408,11.5416,11.5159,11.5158,11.5159,11.0568,11.0568,11.0571
model.layers.1.mlp.down_proj.weight,linear,mlp,1,4096x14336,58720256,31,2.5584,10.5944,12.7635,12.7634,12.7701,12.9647,12.9643,12.9666,12.7692,12.7693,12.7757,12.436,12.4359,12.4418,11.6637,11.6635,11.6645,11.4,11.4,11.4008,10.9336,10.9336,10.9336,10.8125,10.8125,10.8132,12.0995,12.0995,12.102,12.3967,12.3962,12.3992,12.1016,12.1017,12.1042,11.7277,11.7276,11.7331,11.792,11.7923,11.7941,11.309,11.3091,11.3093,10.83,10.83,10.83,10.7326,10.7327,10.7335,11.668,11.668,11.6688,12.3612,12.3618,12.366,11.6718,11.6717,11.6726,11.305,11.305,11.3103,11.9605,11.9614,11.9638,11.2653,11.2654,11.2656,10.7778,10.7778,10.7778,10.6946,10.6947,10.6955
model.layers.1.mlp.gate_proj.weight,linear,mlp,1,14336x4096,58720256,32,2.5652,10.5939,12.7518,12.7518,12.7663,12.9768,12.9769,12.9882,12.758,12.758,12.7721,12.4434,12.4438,12.4629,11.6417,11.6417,11.6437,11.4034,11.4034,11.4043,10.9551,10.9551,10.9557,10.8331,10.8331,10.8352,12.1013,12.1016,12.11,12.4266,12.4272,12.4472,12.1041,12.1044,12.113,11.7368,11.7371,11.7554,11.7665,11.7668,11.7699,11.3267,11.3268,11.327,10.8509,10.851,10.8513,10.7521,10.7521,10.7539,11.6784,11.6786,11.6854,12.387,12.3879,12.4088,11.6833,11.6835,11.6905,11.3097,11.3098,11.3262,11.9434,11.9432,11.9471,11.2953,11.2953,11.2956,10.7989,10.7989,10.799,10.7143,10.7144,10.7158
model.layers.1.mlp.up_proj.weight,linear,mlp,1,14336x4096,58720256,32,2.563,10.5984,12.768,12.7679,12.7769,12.9686,12.969,12.9719,12.7738,12.7737,12.7824,12.4424,12.4428,12.4519,11.6649,11.6653,11.6667,11.4019,11.4019,11.4029,10.9414,10.9414,10.9414,10.8171,10.8171,10.8185,12.1018,12.1019,12.105,12.4019,12.402,12.406,12.104,12.104,12.1072,11.7337,11.7337,11.7423,11.7931,11.7936,11.7959,11.311,11.3111,11.3115,10.8378,10.8378,10.8378,10.7373,10.7373,10.7386,11.6699,11.67,11.6709,12.3652,12.3661,12.3724,11.6737,11.6738,11.6748,11.3105,11.3105,11.319,11.9607,11.9609,11.964,11.2676,11.2676,11.2679,10.7855,10.7856,10.7856,10.6992,10.6991,10.7003
model.layers.1.self_attn.k_proj.weight,linear,attn,1,1024x4096,4194304,28,2.8545,10.8857,12.8344,12.8346,13.1645,13.0769,13.0769,13.4457,12.8373,12.8374,13.1677,12.5747,12.5745,13.1328,11.7961,11.7973,11.8495,11.5566,11.5572,11.5822,11.4646,11.4645,11.4712,11.0655,11.0658,11.0962,12.1468,12.1473,12.3199,12.5475,12.5469,12.9666,12.1509,12.1514,12.3292,11.841,11.8412,12.3505,11.9002,11.9024,11.9719,11.4852,11.4854,11.5149,11.3633,11.3633,11.3665,10.9816,10.982,11.0007,11.7117,11.7112,11.8765,12.4574,12.4583,12.6673,11.7166,11.7164,11.8799,11.4003,11.3996,11.8801,12.0178,12.019,12.0605,11.452,11.4518,11.482,11.3137,11.3137,11.3147,10.9417,10.9419,10.9532
model.layers.1.self_attn.o_proj.weight,linear,attn,1,4096x4096,16777216,30,2.607,10.6464,12.756,12.8064,12.8248,12.9791,13.026,13.0475,12.7597,12.809,12.8269,12.4486,12.5296,12.5555,11.6061,11.6214,11.6443,11.3851,11.3917,11.3966,11.0198,11.0204,11.0214,10.8511,10.8567,10.8594,12.09,12.1132,12.1269,12.3679,12.4257,12.4736,12.0933,12.1174,12.1305,11.7203,11.7899,11.8167,11.7078,11.725,11.765,11.2912,11.2964,11.3021,10.917,10.9173,10.9185,10.7718,10.7766,10.7795,11.6543,11.6706,11.6832,12.2863,12.3369,12.3998,11.6606,11.6774,11.6881,11.2884,11.353,11.3816,11.8932,11.9084,11.9492,11.2517,11.2566,11.2618,10.8656,10.8659,10.8669,10.7334,10.737,10.7392
model.layers.1.self_attn.q_proj.weight,linear,attn,1,4096x4096,16777216,31,2.8123,10.8482,12.8339,12.8344,13.1006,13.0921,13.0906,13.3708,12.8374,12.8376,13.1024,12.5779,12.5776,13.0187,11.8289,11.8306,11.8657,11.5362,11.5363,11.5491,11.3707,11.3708,11.3754,11.0402,11.0407,11.0625,12.1573,12.1572,12.2827,12.5944,12.595,12.9014,12.1608,12.1607,12.2884,11.8524,11.8522,12.2496,11.9453,11.9454,11.9909,11.4533,11.4532,11.4612,11.2688,11.2689,11.2711,10.9577,10.9578,10.9702,11.7271,11.7269,11.829,12.5016,12.5092,12.6624,11.731,11.7308,11.8311,11.4131,11.413,11.7916,12.0512,12.0553,12.0817,11.4118,11.412,11.4165,11.2173,11.2174,11.2186,10.9143,10.9146,10.9216
model.layers.1.self_attn.v_proj.weight,linear,attn,1,1024x4096,4194304,27,2.6459,10.6814,12.8551,12.8554,12.883,13.0771,13.0768,13.1072,12.8576,12.8579,12.8849,12.6021,12.603,12.6517,11.6472,11.6464,11.6479,11.409,11.4088,11.41,11.0838,11.084,11.0846,10.892,10.8926,10.8945,12.1446,12.1443,12.1555,12.5189,12.5163,12.5432,12.1499,12.1498,12.1615,11.8594,11.8593,11.8973,11.7653,11.7651,11.7655,11.3195,11.3189,11.3195,10.9808,10.9809,10.981,10.8088,10.809,10.8099,11.7004,11.6999,11.7058,12.4266,12.4277,12.4429,11.7072,11.7068,11.7127,11.4153,11.4154,11.4508,11.941,11.9394,11.9419,11.2837,11.2834,11.2837,10.9293,10.9292,10.9295,10.7668,10.7666,10.7674
model.layers.2.mlp.down_proj.weight,linear,mlp,2,4096x14336,58720256,33,2.5548,10.5904,12.7594,12.7597,12.7644,12.9597,12.9599,12.9623,12.7654,12.7656,12.7702,12.4293,12.4295,12.4345,11.6609,11.6605,11.6615,11.3982,11.3981,11.3991,10.9283,10.9284,10.9284,10.8096,10.8096,10.8102,12.0971,12.0971,12.0994,12.3894,12.389,12.3933,12.0993,12.0992,12.1014,11.7218,11.7217,11.7265,11.7897,11.7886,11.7904,11.3075,11.3073,11.3078,10.8248,10.8248,10.8248,10.7301,10.73,10.7306,11.666,11.6659,11.6671,12.3561,12.3543,12.3616,11.6698,11.6698,11.6708,11.2997,11.2996,11.3045,11.9593,11.9575,11.9605,11.2639,11.2637,11.2641,10.7726,10.7726,10.7726,10.6923,10.6922,10.6929
model.layers.2.mlp.gate_proj.weight,linear,mlp,2,14336x4096,58720256,31,2.5654,10.5931,12.7504,12.7501,12.7618,12.9815,12.9811,12.9938,12.7564,12.7562,12.7676,12.4479,12.4478,12.4662,11.6364,11.6364,11.6377,11.3991,11.3991,11.3996,10.9586,10.9586,10.9593,10.8383,10.8383,10.8401,12.1019,12.1018,12.1102,12.4334,12.4332,12.4563,12.1049,12.1048,12.1135,11.7396,11.7396,11.7575,11.7601,11.7605,11.7628,11.3218,11.3219,11.3221,10.8544,10.8544,10.8548,10.757,10.757,10.7584,11.6801,11.68,11.688,12.3913,12.3915,12.413,11.6854,11.6853,11.6936,11.3106,11.3106,11.326,11.9386,11.9396,11.9426,11.2903,11.2904,11.2906,10.8024,10.8024,10.8025,10.7195,10.7195,10.7205
model.layers.2.mlp.up_proj.weight,linear,mlp,2,14336x4096,58720256,30,2.562,10.5982,12.7704,12.7703,12.7762,12.9691,12.9691,12.9714,12.7759,12.7758,12.7816,12.4446,12.4446,12.4503,11.6672,11.667,11.6679,11.4019,11.402,11.4026,10.9393,10.9393,10.9394,10.8166,10.8166,10.8172,12.1021,12.102,12.1043,12.4004,12.4003,12.4032,12.1043,12.1041,12.1064,11.7347,11.7346,11.7401,11.7957,11.7952,11.7963,11.3099,11.3099,11.3102,10.8357,10.8357,10.8358,10.7369,10.7368,10.7374,11.6689,11.6688,11.6698,12.3648,12.3642,12.3689,11.6728,11.6727,11.6736,11.3112,11.3112,11.3166,11.961,11.9599,11.9618,11.2657,11.2656,11.2659,10.7835,10.7835,10.7835,10.6987,10.6986,10.6992
model.layers.2.self_attn.k_proj.weight,linear,attn,2,1024x4096,4194304,25,2.7522,10.7923,12.7917,12.7908,13.0384,13.0318,13.0318,13.257,12.7953,12.7944,13.0408,12.5106,12.5102,12.8886,11.723,11.7214,11.7474,11.484,11.4832,11.4883,11.2658,11.2658,11.2698,10.984,10.9836,10.9999,12.1206,12.1208,12.2381,12.4721,12.4697,12.7654,12.1244,12.1243,12.2468,11.7819,11.7816,12.126,11.8342,11.8336,11.8781,11.4069,11.4071,11.408,11.1641,11.1642,11.1653,10.8986,10.8984,10.9066,11.6888,11.6884,11.7884,12.3895,12.3842,12.5823,11.6944,11.694,11.7942,11.3458,11.3449,11.6659,11.9755,11.9739,12.0175,11.3731,11.3727,11.376,11.1135,11.1135,11.1137,10.8572,10.857,10.861
model.layers.2.self_attn.o_proj.weight,linear,attn,2,4096x4096,16777216,30,2.6193,10.6558,12.7536,12.8283,12.8387,12.9799,13.0488,13.0618,12.7572,12.8309,12.841,12.4474,12.5709,12.5882,11.6085,11.6188,11.6265,11.3863,11.3893,11.3912,11.0347,11.0362,11.0368,10.8616,10.8674,10.8688,12.0896,12.1251,12.1312,12.3718,12.4597,12.4797,12.0929,12.1301,12.1361,11.7193,11.8275,11.8435,11.715,11.7302,11.7439,11.2953,11.2969,11.299,10.9325,10.9328,10.9334,10.781,10.7845,10.786,11.6554,11.6803,11.6854,12.2918,12.3661,12.3908,11.6618,11.6877,11.692,11.287,11.3866,11.4036,11.9005,11.9171,11.9328,11.2575,11.2594,11.2613,10.8812,10.8813,10.882,10.7417,10.7435,10.745
model.layers.2.self_attn.q_proj.weight,linear,attn,2,4096x4096,16777216,29,2.704,10.736,12.7882,12.7874,12.9609,13.0178,13.0167,13.1673,12.7923,12.7915,12.9625,12.4971,12.4964,12.7687,11.7049,11.7038,11.7151,11.4419,11.4418,11.4458,11.1807,11.1806,11.184,10.9436,10.9434,10.9567,12.1177,12.1174,12.1885,12.4616,12.461,12.6345,12.121,12.1206,12.1938,11.7746,11.7742,12.0135,11.8258,11.8251,11.8448,11.3521,11.3521,11.3528,11.0796,11.0796,11.0807,10.8638,10.8637,10.8708,11.6856,11.6852,11.7328,12.3982,12.3942,12.5209,11.6906,11.6902,11.7374,11.3419,11.3412,11.5689,11.9791,11.9783,12.0016,11.3123,11.3122,11.3135,11.0278,11.0278,11.0288,10.8226,10.8225,10.8256
model.layers.2.self_attn.v_proj.weight,linear,attn,2,1024x4096,4194304,25,2.6289,10.6587,12.793,12.7929,12.8568,13.0223,13.0222,13.0851,12.7967,12.7964,12.8599,12.5175,12.5165,12.6164,11.6407,11.6401,11.6439,11.4082,11.408,11.4095,11.0518,11.0518,11.0538,10.888,10.888,10.8908,12.1147,12.1142,12.152,12.4481,12.4454,12.5452,12.1191,12.1187,12.1583,11.7858,11.7848,11.8778,11.7593,11.7568,11.7644,11.3249,11.3244,11.3241,10.9489,10.9487,10.9492,10.8035,10.8034,10.8051,11.6791,11.679,11.7112,12.369,12.3693,12.444,11.686,11.6858,11.7191,11.3479,11.3474,11.4302,11.9328,11.9346,11.9426,11.2912,11.2914,11.2913,10.8977,10.8976,10.8977,10.7631,10.7634,10.7643
model.layers.3.mlp.down_proj.weight,linear,mlp,3,4096x14336,58720256,32,2.5584,10.5981,12.7602,12.7607,12.7734,12.9585,12.959,12.9644,12.766,12.7664,12.7788,12.4278,12.4284,12.4416,11.6671,11.6669,11.6683,11.3987,11.3987,11.4002,10.934,10.934,10.9341,10.8094,10.8095,10.8113,12.0961,12.0962,12.1009,12.3826,12.3831,12.3885,12.0981,12.0983,12.1029,11.7189,11.7192,11.7312,11.796,11.7959,11.7972,11.3048,11.3048,11.3052,10.8306,10.8306,10.8307,10.7299,10.73,10.7318,11.6635,11.6636,11.6649,12.3452,12.3465,12.3527,11.6672,11.6673,11.6686,11.2972,11.2974,11.3088,11.9619,11.9618,11.9634,11.2587,11.2587,11.2589,10.7785,10.7785,10.7785,10.692,10.692,10.6936
model.layers.3.mlp.gate_proj.weight,linear,mlp,3,14336x4096,58720256,32,2.5712,10.6014,12.7424,12.7427,12.7648,12.9835,12.9833,13.0099,12.7481,12.7485,12.7701,12.4464,12.4463,12.4847,11.6237,11.6237,11.6256,11.3906,11.3904,11.3915,10.9599,10.9599,10.9617,10.8358,10.8359,10.8394,12.0983,12.0984,12.1131,12.4302,12.43,12.4719,12.1017,12.1016,12.1172,11.7353,11.7353,11.77,11.7439,11.7435,11.7468,11.3117,11.3115,11.3117,10.856,10.856,10.857,10.7536,10.7536,10.7563,11.6778,11.6779,11.6908,12.3778,12.3776,12.4094,11.6838,11.6839,11.6977,11.304,11.304,11.3331,11.9251,11.9246,11.9287,11.2792,11.2791,11.2792,10.8048,10.8048,10.8051,10.7167,10.7167,10.7187
model.layers.3.mlp.up_proj.weight,linear,mlp,3,14336x4096,58720256,32,2.5592,10.5985,12.7683,12.7679,12.7742,12.9647,12.9645,12.9663,12.7738,12.7735,12.7796,12.4384,12.4381,12.4436,11.668,11.6684,11.6696,11.4001,11.4,11.4009,10.9346,10.9346,10.9346,10.8118,10.8118,10.8124,12.0991,12.0991,12.1016,12.3882,12.3881,12.3916,12.1012,12.1012,12.1037,11.7273,11.7273,11.7327,11.7956,11.7963,11.7982,11.3057,11.3057,11.3061,10.8311,10.8311,10.8312,10.7322,10.7322,10.7329,11.6647,11.6647,11.6658,12.3498,12.349,12.3556,11.6685,11.6686,11.6695,11.3046,11.3045,11.3101,11.9603,11.9599,11.9636,11.2595,11.2595,11.2598,10.779,10.779,10.779,10.6942,10.6941,10.6948
model.layers.3.self_attn.k_proj.weight,linear,attn,3,1024x4096,4194304,26,2.6948,10.7378,12.7633,12.7637,12.9611,12.9905,12.9908,13.1682,12.7677,12.7682,12.9636,12.4627,12.4628,12.7568,11.6809,11.6799,11.6997,11.4459,11.4457,11.4518,11.1616,11.1616,11.1657,10.9361,10.9362,10.9523,12.1013,12.1011,12.1993,12.4141,12.4131,12.6616,12.1044,12.1045,12.2067,11.7409,11.741,12.008,11.796,11.7943,11.8285,11.3677,11.3672,11.3687,11.0601,11.06,11.0612,10.8526,10.8525,10.8624,11.6707,11.6703,11.75,12.3518,12.348,12.5237,11.6764,11.6761,11.757,11.3097,11.3092,11.5535,11.9528,11.9514,11.9853,11.3341,11.334,11.3366,11.0094,11.0093,11.0096,10.8128,10.8128,10.8186
model.layers.3.self_attn.o_proj.weight,linear,attn,3,4096x4096,16777216,29,2.569,10.6101,12.7559,12.7809,12.7884,12.9654,12.981,12.9876,12.7595,12.784,12.7913,12.434,12.4622,12.4726,11.5848,11.5912,11.5979,11.369,11.3717,11.3729,10.9464,10.9468,10.9471,10.8091,10.8102,10.8115,12.0859,12.0967,12.1005,12.345,12.3649,12.3757,12.0888,12.0995,12.1032,11.7069,11.7315,11.7415,11.6853,11.6958,11.7072,11.2719,11.274,11.2749,10.8436,10.844,10.8442,10.7308,10.7318,10.7331,11.6477,11.6534,11.656,12.2678,12.2915,12.3078,11.6535,11.6585,11.661,11.2785,11.3033,11.3132,11.8718,11.8837,11.899,11.2302,11.2318,11.2329,10.7922,10.7926,10.7928,10.6935,10.6945,10.6956
model.layers.3.self_attn.q_proj.weight,linear,attn,3,4096x4096,16777216,30,2.6611,10.6929,12.7633,12.7629,12.9046,12.9889,12.9893,13.1045,12.7676,12.7671,12.9063,12.4605,12.4602,12.6739,11.6541,11.6542,11.6687,11.4122,11.4123,11.417,11.1135,11.1135,11.1169,10.9044,10.9043,10.9159,12.0995,12.0994,12.1577,12.4065,12.4067,12.5435,12.1027,12.1027,12.1624,11.7378,11.7378,11.9249,11.765,11.7653,11.7904,11.3203,11.3203,11.3222,11.0124,11.0124,11.0138,10.8253,10.8253,10.8324,11.6679,11.6678,11.704,12.3392,12.3389,12.4514,11.6736,11.6735,11.7092,11.3069,11.3065,11.4847,11.9307,11.9311,11.9591,11.2806,11.2808,11.2827,10.9609,10.9609,10.9622,10.7854,10.7853,10.789
model.layers.3.self_attn.v_proj.weight,linear,attn,3,1024x4096,4194304,27,2.5943,10.6336,12.7739,12.7731,12.8041,13.0086,13.0061,13.0356,12.7772,12.7767,12.8066,12.4916,12.4899,12.5387,11.6001,11.6007,11.6003,11.3768,11.3764,11.3784,11.0,10.9999,11.0007,10.8417,10.8417,10.8442,12.1036,12.1038,12.1152,12.4195,12.4202,12.4414,12.1077,12.1078,12.1198,11.7604,11.7599,11.7966,11.7072,11.7097,11.7093,11.2861,11.2865,11.2866,10.8971,10.8971,10.8974,10.7603,10.7605,10.7622,11.6701,11.6703,11.6739,12.3395,12.3385,12.3522,11.6771,11.6772,11.6812,11.3236,11.3232,11.3574,11.8929,11.897,11.8947,11.2493,11.2497,11.2492,10.8457,10.8457,10.846,10.7207,10.7209,10.722
model.layers.4.mlp.down_proj.weight,linear,mlp,4,4096x14336,58720256,32,2.5625,10.6063,12.7668,12.7666,12.782,12.9613,12.9613,12.9679,12.7723,12.7721,12.787,12.4336,12.4333,12.4503,11.6504,11.6504,11.6524,11.3927,11.3929,11.3945,10.941,10.941,10.941,10.8098,10.8097,10.8124,12.0973,12.0971,12.1022,12.3793,12.3794,12.385,12.0994,12.0992,12.1043,11.7219,11.7219,11.7364,11.7764,11.7761,11.7784,11.2978,11.2977,11.2981,10.8378,10.8377,10.8378,10.7304,10.7303,10.7329,11.6616,11.6616,11.6629,12.3371,12.3373,12.3452,11.6653,11.6653,11.6667,11.2995,11.2996,11.3138,11.9486,11.9483,11.9516,11.2523,11.2522,11.2524,10.7857,10.7857,10.7858,10.6924,10.6924,10.6946
model.layers.4.mlp.gate_proj.weight,linear,mlp,4,14336x4096,58720256,31,2.5819,10.6112,12.7402,12.7394,12.7787,12.9869,12.9861,13.0264,12.7454,12.7446,12.7833,12.4485,12.4479,12.5124,11.6141,11.6139,11.6174,11.3857,11.3854,11.3869,10.972,10.972,10.9737,10.8382,10.8381,10.8422,12.0953,12.0948,12.1175,12.4214,12.4205,12.478,12.0988,12.0983,12.1222,11.7323,11.7318,11.7885,11.7295,11.7292,11.7351,11.3045,11.3042,11.3043,10.8686,10.8685,10.869,10.7556,10.7556,10.7586,11.6735,11.6731,11.6903,12.3571,12.356,12.3987,11.6799,11.6796,11.698,11.2991,11.2987,11.3476,11.9108,11.9114,11.9197,11.2707,11.2706,11.2708,10.8173,10.8172,10.8174,10.7179,10.7179,10.7202
model.layers.4.mlp.up_proj.weight,linear,mlp,4,14336x4096,58720256,32,2.5619,10.6055,12.7714,12.7714,12.7807,12.9648,12.9649,12.9681,12.7767,12.7766,12.7857,12.4398,12.4399,12.4489,11.6544,11.6542,11.6556,11.3948,11.3947,11.3958,10.9392,10.9392,10.9392,10.8105,10.8105,10.8116,12.099,12.099,12.1024,12.3831,12.3832,12.3871,12.1011,12.1011,12.1044,11.7269,11.7269,11.7354,11.7791,11.7793,11.7822,11.2992,11.2992,11.2996,10.8359,10.8359,10.836,10.7309,10.731,10.7322,11.6626,11.6625,11.6637,12.3402,12.3387,12.347,11.6664,11.6663,11.6674,11.3041,11.304,11.3126,11.9499,11.9498,11.9542,11.2536,11.2535,11.2538,10.7838,10.7838,10.7839,10.6928,10.6929,10.694
model.layers.4.self_attn.k_proj.weight,linear,attn,4,1024x4096,4194304,27,2.6763,10.7163,12.7567,12.7574,12.9345,12.9957,12.9943,13.1405,12.7611,12.7617,12.9372,12.4639,12.4628,12.7131,11.6741,11.6744,11.6939,11.4404,11.44,11.4461,11.1279,11.1279,11.1338,10.918,10.9183,10.9357,12.1001,12.1006,12.1881,12.4209,12.4201,12.6348,12.1037,12.1042,12.1947,11.7414,11.7412,11.9712,11.789,11.7904,11.8229,11.362,11.3622,11.3632,11.0256,11.0256,11.029,10.8336,10.8341,10.8468,11.6719,11.6719,11.7424,12.3458,12.3491,12.5171,11.6782,11.6778,11.749,11.3077,11.3073,11.5209,11.9493,11.9494,11.9856,11.3288,11.3294,11.3316,10.9763,10.9764,10.9774,10.7956,10.7958,10.8037
model.layers.4.self_attn.o_proj.weight,linear,attn,4,4096x4096,16777216,30,2.5878,10.6261,12.7568,12.8036,12.8133,12.9669,13.0004,13.0091,12.761,12.8066,12.8159,12.4358,12.4964,12.5093,11.6056,11.6181,11.6273,11.3792,11.3856,11.3877,10.9769,10.9776,10.978,10.8253,10.8285,10.8299,12.0889,12.1084,12.1143,12.3591,12.3973,12.4166,12.0917,12.1113,12.117,11.7126,11.7644,11.7777,11.713,11.7284,11.7451,11.283,11.288,11.2899,10.874,10.8746,10.8751,10.746,10.7488,10.7503,11.6527,11.6632,11.6679,12.288,12.3252,12.3543,11.6581,11.6682,11.6724,11.2849,11.3344,11.3485,11.8984,11.9125,11.9321,11.2409,11.2453,11.2474,10.8225,10.823,10.8234,10.7078,10.7101,10.7114
model.layers.4.self_attn.q_proj.weight,linear,attn,4,4096x4096,16777216,28,2.6701,10.7041,12.7615,12.7612,12.9151,12.987,12.987,13.12,12.7658,12.7655,12.9168,12.4578,12.4573,12.6943,11.6622,11.6622,11.6794,11.4175,11.4174,11.4233,11.1227,11.1226,11.1261,10.9102,10.9101,10.9224,12.0983,12.0981,12.1647,12.4026,12.4015,12.5661,12.1015,12.1013,12.1696,11.735,11.7347,11.9432,11.774,11.7747,11.8062,11.3269,11.3268,11.3294,11.0213,11.0213,11.0229,10.8305,10.8305,10.8384,11.6663,11.6662,11.7111,12.3345,12.3347,12.4699,11.672,11.6719,11.7161,11.304,11.3037,11.5019,11.9392,11.9387,11.9753,11.2875,11.2874,11.2901,10.9698,10.9698,10.9713,10.7904,10.7903,10.7946
model.layers.4.self_attn.v_proj.weight,linear,attn,4,1024x4096,4194304,24,2.6133,10.6491,12.7839,12.7847,12.8401,12.9979,12.9995,13.0454,12.788,12.7884,12.842,12.4874,12.4887,12.5716,11.6172,11.6177,11.619,11.3862,11.3862,11.389,11.0357,11.0358,11.036,10.8654,10.8656,10.8669,12.1049,12.1055,12.1266,12.4113,12.4128,12.4559,12.1083,12.109,12.1307,11.7614,11.7628,11.8292,11.7292,11.728,11.7322,11.2922,11.2919,11.2933,10.9329,10.9329,10.9333,10.7846,10.7849,10.7865,11.6689,11.6688,11.6776,12.3462,12.345,12.375,11.6749,11.6748,11.6835,11.3295,11.3297,11.3931,11.9113,11.9108,11.9152,11.2535,11.2534,11.2541,10.8812,10.8813,10.8817,10.7442,10.7443,10.746
model.layers.5.mlp.down_proj.weight,linear,mlp,5,4096x14336,58720256,32,2.5627,10.6053,12.7654,12.7655,12.7818,12.9607,12.9604,12.9682,12.7709,12.7711,12.7867,12.4321,12.4322,12.4506,11.6541,11.6537,11.656,11.3942,11.3941,11.3959,10.941,10.941,10.9411,10.8103,10.8103,10.8132,12.097,12.0969,12.1026,12.3807,12.3799,12.3877,12.099,12.0989,12.1046,11.7211,11.721,11.7374,11.7803,11.7797,11.7822,11.2995,11.2994,11.2998,10.8378,10.8378,10.8379,10.7309,10.7309,10.7336,11.6621,11.6621,11.6638,12.3395,12.3395,12.3482,11.6658,11.6658,11.6675,11.299,11.2989,11.3147,11.9511,11.9503,11.9543,11.2538,11.2538,11.254,10.7857,10.7857,10.7858,10.6931,10.6931,10.6954
model.layers.5.mlp.gate_proj.weight,linear,mlp,5,14336x4096,58720256,30,2.5755,10.6049,12.7366,12.7363,12.7679,12.9857,12.9853,13.0185,12.7417,12.7415,12.7726,12.4465,12.4464,12.499,11.6105,11.6105,11.6129,11.3825,11.3824,11.3836,10.9623,10.9622,10.9636,10.8332,10.8331,10.8357,12.093,12.0928,12.1126,12.4175,12.4171,12.4684,12.0966,12.0964,12.1173,11.7294,11.7293,11.777,11.7255,11.7254,11.7298,11.3013,11.3012,11.3014,10.8585,10.8585,10.8589,10.7505,10.7503,10.7524,11.6717,11.6716,11.6874,12.3532,12.3526,12.391,11.6783,11.6783,11.695,11.2959,11.2957,11.3369,11.9093,11.9087,11.9152,11.2678,11.2677,11.268,10.8072,10.8071,10.8073,10.7128,10.7127,10.7143
model.layers.5.mlp.up_proj.weight,linear,mlp,5,14336x4096,58720256,31,2.5587,10.601,12.7695,12.7692,12.7756,12.9629,12.9629,12.9647,12.7749,12.7745,12.7809,12.4372,12.4367,12.4426,11.6564,11.6562,11.6574,11.3954,11.3955,11.396,10.9339,10.9339,10.9339,10.8088,10.8089,10.8095,12.0983,12.0981,12.1007,12.3815,12.3811,12.3849,12.1004,12.1002,12.1027,11.725,11.7247,11.7303,11.782,11.7812,11.7843,11.3001,11.3001,11.3003,10.8306,10.8306,10.8307,10.7295,10.7294,10.7301,11.6622,11.6622,11.6632,12.3401,12.3399,12.3461,11.666,11.6661,11.667,11.3024,11.3022,11.3079,11.9505,11.9501,11.9543,11.2541,11.2542,11.2544,10.7785,10.7785,10.7786,10.6915,10.6914,10.6921
model.layers.5.self_attn.k_proj.weight,linear,attn,5,1024x4096,4194304,28,2.6938,10.7364,12.7564,12.7547,12.9589,12.9975,12.9957,13.1641,12.7606,12.759,12.9615,12.4652,12.4644,12.7512,11.6861,11.6864,11.7064,11.4493,11.45,11.4552,11.1585,11.1583,11.164,10.932,10.9317,10.95,12.0987,12.0986,12.1989,12.4183,12.4172,12.6631,12.1021,12.1022,12.206,11.7413,11.7408,12.0055,11.8018,11.8021,11.8383,11.3721,11.3726,11.3727,11.0561,11.056,11.0593,10.8473,10.8472,10.8601,11.6706,11.6701,11.7514,12.3442,12.3399,12.532,11.6767,11.6766,11.7581,11.307,11.3067,11.5535,11.9601,11.9583,11.9993,11.3385,11.3387,11.3411,11.0067,11.0066,11.0078,10.8085,10.8082,10.816
model.layers.5.self_attn.o_proj.weight,linear,attn,5,4096x4096,16777216,30,2.5966,10.6341,12.7528,12.8088,12.8177,12.9718,13.0165,13.0242,12.7569,12.8112,12.8199,12.4392,12.5206,12.5351,11.5998,11.6048,11.6086,11.3774,11.3805,11.3812,11.0025,11.0029,11.003,10.8423,10.846,10.8473,12.0884,12.1112,12.1151,12.365,12.4123,12.423,12.0915,12.1147,12.1187,11.7142,11.7826,11.7954,11.7041,11.7122,11.7186,11.2831,11.2843,11.285,10.8997,10.9,10.9002,10.763,10.7664,10.7678,11.6542,11.6659,11.6684,12.2925,12.3325,12.346,11.6601,11.6718,11.6742,11.2849,11.3493,11.3619,11.8875,11.8964,11.9073,11.243,11.244,11.2449,10.8481,10.8486,10.8487,10.7243,10.7273,10.7283
model.layers.5.self_attn.q_proj.weight,linear,attn,5,4096x4096,16777216,28,2.682,10.7165,12.764,12.7642,12.9308,12.9902,12.9902,13.1362,12.7683,12.7686,12.9324,12.4631,12.4635,12.7206,11.6738,11.6741,11.6895,11.4246,11.4245,11.4301,11.1414,11.1415,11.1449,10.9208,10.921,10.9338,12.0999,12.0999,12.1726,12.4076,12.4071,12.5897,12.1032,12.1032,12.1777,11.7403,11.7406,11.9679,11.7868,11.7879,11.8165,11.3342,11.3343,11.3367,11.04,11.0401,11.0417,10.8411,10.8411,10.849,11.6681,11.6681,11.7181,12.3411,12.3391,12.4859,11.6739,11.6739,11.7231,11.3089,11.3088,11.5251,11.948,11.9477,11.9836,11.2948,11.2948,11.2976,10.9884,10.9885,10.9899,10.8007,10.8007,10.8049
model.layers.5.self_attn.v_proj.weight,linear,attn,5,1024x4096,4194304,28,2.5949,10.6297,12.7779,12.7786,12.7997,13.0107,13.0088,13.0406,12.782,12.7823,12.8031,12.4989,12.4983,12.5443,11.6065,11.6066,11.607,11.3829,11.3828,11.383,10.9949,10.995,10.9965,10.8452,10.8457,10.848,12.1071,12.107,12.1208,12.4287,12.4272,12.4703,12.1113,12.1114,12.1261,11.7702,11.7694,11.8085,11.7194,11.7207,11.7196,11.2969,11.2966,11.2962,10.8921,10.8921,10.8925,10.7621,10.7624,10.7638,11.6743,11.674,11.6859,12.3568,12.3549,12.3806,11.6813,11.681,11.694,11.3335,11.3327,11.3653,11.9054,11.9059,11.9071,11.2619,11.262,11.2617,10.8411,10.841,10.8411,10.7227,10.723,10.724
model.layers.6.mlp.down_proj.weight,linear,mlp,6,4096x14336,58720256,32,2.5662,10.6091,12.7657,12.7658,12.7871,12.9625,12.9622,12.9727,12.7712,12.7713,12.792,12.4339,12.4338,12.4582,11.6573,11.6573,11.6598,11.3962,11.396,11.3984,10.9469,10.9469,10.947,10.8129,10.8129,10.8164,12.0978,12.0977,12.1049,12.3836,12.3835,12.3936,12.0998,12.0997,12.107,11.7228,11.7227,11.744,11.7837,11.7835,11.7866,11.3014,11.3014,11.302,10.8436,10.8436,10.8437,10.7333,10.7334,10.7367,11.6631,11.6631,11.6654,12.3427,12.3433,12.353,11.6669,11.6668,11.6691,11.3005,11.3006,11.3208,11.9524,11.953,11.9564,11.2558,11.2557,11.256,10.7916,10.7916,10.7916,10.6953,10.6954,10.6982
model.layers.6.mlp.gate_proj.weight,linear,mlp,6,14336x4096,58720256,30,2.5813,10.6106,12.738,12.7383,12.7773,12.9836,12.9839,13.026,12.7431,12.7434,12.7819,12.4451,12.4454,12.5113,11.613,11.6132,11.6163,11.3848,11.385,11.3863,10.9708,10.9709,10.9726,10.838,10.8381,10.8415,12.0926,12.0927,12.117,12.4122,12.4116,12.476,12.0961,12.0962,12.1217,11.7277,11.7277,11.7874,11.7277,11.7282,11.7334,11.3034,11.3034,11.3035,10.8674,10.8674,10.868,10.7554,10.7554,10.7579,11.67,11.67,11.6898,12.3468,12.3465,12.3975,11.6765,11.6766,11.6974,11.2947,11.2947,11.3465,11.9104,11.9105,11.9185,11.2699,11.2698,11.2701,10.8162,10.8162,10.8163,10.7177,10.7177,10.7197
model.layers.6.mlp.up_proj.weight,linear,mlp,6,14336x4096,58720256,31,2.5587,10.6009,12.7684,12.7684,12.7756,12.9621,12.9623,12.9649,12.7737,12.7738,12.7809,12.436,12.436,12.4426,11.6557,11.6557,11.6572,11.3952,11.3952,11.3959,10.9338,10.9338,10.9339,10.8088,10.8088,10.8094,12.0977,12.0976,12.1007,12.3798,12.3798,12.3848,12.0997,12.0996,12.1027,11.7239,11.7237,11.7302,11.7804,11.7802,11.7841,11.2998,11.2998,11.3003,10.8305,10.8305,10.8306,10.7294,10.7293,10.73,11.6617,11.6616,11.6632,12.338,12.3373,12.3461,11.6656,11.6655,11.667,11.3013,11.301,11.3077,11.9483,11.9478,11.9539,11.2539,11.2538,11.2544,10.7784,10.7784,10.7785,10.6913,10.6913,10.692
model.layers.6.self_attn.k_proj.weight,linear,attn,6,1024x4096,4194304,27,2.6362,10.6716,12.748,12.7481,12.8754,12.9826,12.984,13.0908,12.7529,12.7528,12.8788,12.4491,12.4488,12.6254,11.6561,11.6575,11.666,11.4209,11.4216,11.425,11.0614,11.0614,11.0665,10.8892,10.8893,10.9016,12.0939,12.0939,12.1623,12.4016,12.4021,12.5722,12.0973,12.0972,12.168,11.7288,11.7283,11.8925,11.7754,11.7761,11.7909,11.3418,11.3421,11.3416,10.959,10.959,10.9619,10.8063,10.8063,10.8153,11.6669,11.6669,11.7216,12.3398,12.3374,12.4772,11.673,11.673,11.7285,11.2973,11.2969,11.4461,11.9433,11.9415,11.9605,11.3089,11.3089,11.3094,10.9094,10.9093,10.9102,10.7687,10.7685,10.7744
model.layers.6.self_attn.o_proj.weight,linear,attn,6,4096x4096,16777216,32,2.5804,10.6189,12.7531,12.7894,12.8024,12.9665,12.99,13.0002,12.7572,12.7924,12.805,12.4343,12.4777,12.4972,11.5912,11.5974,11.6022,11.3727,11.3755,11.3769,10.9668,10.9673,10.9674,10.8208,10.8226,10.8244,12.0864,12.1015,12.1063,12.3536,12.3796,12.3925,12.0893,12.1044,12.1094,11.7086,11.7461,11.7629,11.6946,11.704,11.7112,11.2769,11.2786,11.2792,10.864,10.8645,10.8645,10.7421,10.7439,10.7453,11.6503,11.6575,11.6606,12.2777,12.3081,12.3213,11.6561,11.6627,11.6658,11.2802,11.3169,11.3332,11.8772,11.8916,11.8988,11.2355,11.2372,11.2377,10.8125,10.813,10.8131,10.7045,10.7061,10.7071
model.layers.6.self_attn.q_proj.weight,linear,attn,6,4096x4096,16777216,29,2.6528,10.6874,12.7538,12.7542,12.8913,12.9821,12.9829,13.1025,12.7582,12.7585,12.8929,12.4516,12.4522,12.6564,11.6546,11.6542,11.6799,11.4129,11.4128,11.4212,11.0955,11.0955,11.0993,10.895,10.8951,10.9057,12.0939,12.094,12.1566,12.3941,12.3937,12.5488,12.0972,12.0973,12.1611,11.7292,11.7293,11.9097,11.7622,11.7618,11.8047,11.3217,11.3216,11.3269,10.9938,10.9939,10.9961,10.8149,10.8149,10.8228,11.6635,11.6633,11.7063,12.3254,12.326,12.4611,11.6695,11.6694,11.7112,11.298,11.2979,11.4695,11.928,11.9265,11.9702,11.2827,11.2825,11.2866,10.9424,10.9424,10.9443,10.775,10.7749,10.7797
model.layers.6.self_attn.v_proj.weight,linear,attn,6,1024x4096,4194304,25,2.592,10.6289,12.7765,12.7764,12.7986,13.0089,13.0082,13.0322,12.7801,12.7801,12.8013,12.4956,12.4952,12.5355,11.5946,11.5945,11.5969,11.3743,11.3747,11.3758,10.9934,10.9932,10.9939,10.8393,10.8392,10.8415,12.1038,12.1043,12.1138,12.42,12.4181,12.439,12.1078,12.1084,12.1188,11.7645,11.7643,11.7949,11.7014,11.7032,11.7043,11.2845,11.2851,11.2851,10.8903,10.8903,10.8904,10.7576,10.7578,10.7589,11.6697,11.6699,11.6736,12.3374,12.338,12.3495,11.6769,11.677,11.6812,11.3274,11.3274,11.3547,11.89,11.8911,11.8921,11.248,11.2484,11.2482,10.839,10.839,10.839,10.7183,10.7184,10.7189
model.layers.7.mlp.down_proj.weight,linear,mlp,7,4096x14336,58720256,33,2.5729,10.6144,12.7681,12.768,12.7952,12.969,12.969,12.9819,12.7737,12.7736,12.7999,12.4416,12.4414,12.4721,11.6755,11.6751,11.6811,11.4047,11.4046,11.4082,10.9577,10.9577,10.9578,10.8201,10.8201,10.8245,12.1012,12.1011,12.1105,12.398,12.3988,12.4118,12.1034,12.1033,12.1127,11.7307,11.7308,11.7581,11.8027,11.8023,11.8117,11.3106,11.3105,11.312,10.8543,10.8542,10.8543,10.7401,10.74,10.7444,11.6681,11.6683,11.6715,12.3583,12.3587,12.375,11.672,11.6721,11.6753,11.3075,11.3076,11.3341,11.9651,11.965,11.9755,11.2647,11.2647,11.2656,10.8021,10.8021,10.8021,10.7016,10.7016,10.7052
model.layers.7.mlp.gate_proj.weight,linear,mlp,7,14336x4096,58720256,30,2.5878,10.6168,12.7403,12.7401,12.7904,12.9823,12.9819,13.0314,12.7453,12.7453,12.795,12.4446,12.4443,12.5235,11.6191,11.6191,11.6226,11.3901,11.3898,11.3915,10.9845,10.9844,10.9863,10.8488,10.8487,10.8528,12.093,12.0931,12.1232,12.4097,12.4091,12.4864,12.0964,12.0965,12.1281,11.7275,11.7272,11.8,11.7348,11.7348,11.7413,11.3089,11.3089,11.3089,10.8811,10.8811,10.8816,10.766,10.766,10.7689,11.6694,11.6693,11.6938,12.3451,12.345,12.4087,11.6757,11.6756,11.7015,11.2952,11.295,11.3589,11.9155,11.9152,11.9241,11.2757,11.2756,11.2758,10.8298,10.8298,10.83,10.7283,10.7283,10.7304
model.layers.7.mlp.up_proj.weight,linear,mlp,7,14336x4096,58720256,32,2.5601,10.6006,12.7678,12.7682,12.7762,12.9642,12.964,12.9676,12.7733,12.7736,12.7815,12.4378,12.4378,12.4457,11.6706,11.6703,11.6711,11.4008,11.401,11.4017,10.9361,10.9361,10.9362,10.8117,10.8118,10.8125,12.0987,12.0989,12.1024,12.3871,12.3865,12.3924,12.1009,12.101,12.1045,11.7267,11.7265,11.734,11.7997,11.7999,11.8,11.3062,11.3063,11.3067,10.8327,10.8327,10.8328,10.7321,10.7321,10.7328,11.6642,11.6642,11.6662,12.3466,12.3465,12.3571,11.6681,11.6681,11.6699,11.3038,11.3036,11.3113,11.9652,11.9652,11.9666,11.2602,11.2603,11.2605,10.7806,10.7806,10.7806,10.694,10.694,10.6946
model.layers.7.self_attn.k_proj.weight,linear,attn,7,1024x4096,4194304,27,2.6398,10.6731,12.7459,12.7464,12.8792,12.9851,12.9852,13.0924,12.7502,12.7507,12.8824,12.4513,12.4518,12.6339,11.652,11.6522,11.6607,11.419,11.4189,11.4224,11.0742,11.0743,11.0766,10.9002,10.9003,10.9077,12.0926,12.0927,12.1621,12.3978,12.3987,12.5657,12.0961,12.0962,12.1682,11.7286,11.7286,11.8993,11.7696,11.7692,11.7857,11.3387,11.3393,11.3381,10.9715,10.9715,10.972,10.8161,10.8161,10.8212,11.6646,11.6652,11.7204,12.3302,12.3303,12.4698,11.6713,11.6719,11.7279,11.295,11.2955,11.4529,11.9358,11.9373,11.9574,11.3052,11.3058,11.3056,10.9203,10.9203,10.9204,10.7765,10.7767,10.78
model.layers.7.self_attn.o_proj.weight,linear,attn,7,4096x4096,16777216,31,2.588,10.6255,12.7503,12.7926,12.8134,12.9667,12.9935,13.0101,12.7546,12.7958,12.8161,12.4332,12.4806,12.512,11.6027,11.6122,11.6193,11.3787,11.383,11.3844,10.978,10.9785,10.9788,10.8263,10.8281,10.831,12.0866,12.1049,12.1133,12.3553,12.3912,12.413,12.0895,12.1077,12.1162,11.7088,11.7509,11.7788,11.7067,11.7219,11.7338,11.2832,11.2862,11.2871,10.875,10.8756,10.8759,10.7475,10.7491,10.7515,11.6517,11.6613,11.6667,12.2838,12.3217,12.3471,11.6575,11.6664,11.6714,11.2802,11.3213,11.3485,11.8868,11.9037,11.9209,11.2414,11.244,11.2452,10.8234,10.824,10.8243,10.7093,10.7108,10.7127
model.layers.7.self_attn.q_proj.weight,linear,attn,7,4096x4096,16777216,27,2.6628,10.7005,12.7584,12.7577,12.9049,12.9795,12.9793,13.1125,12.7628,12.7623,12.9067,12.4509,12.4506,12.6808,11.6501,11.6507,11.6666,11.4113,11.4116,11.4172,11.1069,11.1069,11.1103,10.9022,10.9021,10.9142,12.0946,12.0943,12.1603,12.3891,12.3879,12.5538,12.0977,12.0975,12.1654,11.7291,11.729,11.9296,11.7612,11.7606,11.7888,11.3214,11.3213,11.3239,11.0055,11.0054,11.007,10.8223,10.8222,10.8299,11.6624,11.6624,11.7074,12.3231,12.3234,12.458,11.6682,11.6682,11.7129,11.2989,11.2989,11.4878,11.9272,11.9274,11.9588,11.283,11.2831,11.2854,10.954,10.954,10.9553,10.7825,10.7825,10.7867
model.layers.7.self_attn.v_proj.weight,linear,attn,7,1024x4096,4194304,26,2.5892,10.6256,12.7725,12.7715,12.7926,13.0028,13.0013,13.0296,12.7765,12.7751,12.7956,12.4872,12.4864,12.5295,11.59,11.5914,11.5927,11.3731,11.3727,11.3743,10.9876,10.9876,10.9881,10.8364,10.8364,10.8384,12.1025,12.1012,12.1119,12.4134,12.4116,12.4355,12.1065,12.1051,12.1167,11.7576,11.7577,11.7901,11.6973,11.6985,11.6995,11.2843,11.2837,11.2839,10.8845,10.8846,10.8846,10.7547,10.7547,10.7558,11.6681,11.6676,11.6733,12.3339,12.3313,12.345,11.6752,11.6747,11.6811,11.3222,11.3218,11.3498,11.8853,11.8848,11.8897,11.2477,11.2473,11.2477,10.8333,10.8332,10.8333,10.7153,10.7153,10.7161
model.layers.8.mlp.down_proj.weight,linear,mlp,8,4096x14336,58720256,33,2.5753,10.6171,12.7665,12.7666,12.799,12.9683,12.9683,12.9842,12.7722,12.7722,12.8038,12.4405,12.4404,12.4775,11.6766,11.6771,11.6813,11.4052,11.4051,11.4087,10.9621,10.962,10.9622,10.8216,10.8216,10.827,12.1005,12.1005,12.112,12.3976,12.3979,12.4146,12.1027,12.1027,12.1143,11.7298,11.7298,11.763,11.8056,11.8062,11.8118,11.3116,11.3115,11.3125,10.8586,10.8586,10.8587,10.7415,10.7416,10.7467,11.6678,11.6679,11.6721,12.3572,12.3583,12.3761,11.6717,11.6717,11.6759,11.3062,11.3064,11.3384,11.9676,11.9678,11.9748,11.2656,11.2657,11.2661,10.8064,10.8064,10.8065,10.7031,10.7032,10.7073
model.layers.8.mlp.gate_proj.weight,linear,mlp,8,14336x4096,58720256,31,2.5915,10.6208,12.7432,12.7433,12.7971,12.9813,12.9811,13.0366,12.7482,12.7483,12.8015,12.4449,12.4448,12.5321,11.6212,11.6215,11.6249,11.3916,11.3916,11.3931,10.9899,10.9899,10.9921,10.852,10.8521,10.8564,12.0932,12.0932,12.1262,12.4053,12.4057,12.4925,12.0965,12.0966,12.1311,11.7271,11.7271,11.8069,11.7378,11.7379,11.7442,11.31,11.3102,11.31,10.8868,10.8867,10.8874,10.7694,10.7695,10.7724,11.668,11.6681,11.6955,12.3416,12.3423,12.4125,11.6742,11.6743,11.703,11.2954,11.2954,11.365,11.9176,11.9178,11.9266,11.2766,11.2765,11.2767,10.8356,10.8356,10.8357,10.7316,10.7316,10.7338
model.layers.8.mlp.up_proj.weight,linear,mlp,8,14336x4096,58720256,31,2.5596,10.6007,12.7687,12.7684,12.7759,12.9633,12.9631,12.9669,12.7741,12.7738,12.7811,12.4376,12.4373,12.4445,11.6653,11.6656,11.669,11.3997,11.3996,11.4007,10.9351,10.9351,10.9353,10.8108,10.8109,10.8115,12.0985,12.0984,12.1021,12.3834,12.383,12.392,12.1006,12.1006,12.1042,11.7258,11.7256,11.7332,11.7913,11.7913,11.7984,11.3047,11.3047,11.3055,10.8317,10.8317,10.8319,10.7312,10.7312,10.732,11.663,11.6631,11.6656,12.3421,12.3419,12.355,11.667,11.667,11.6693,11.3029,11.3029,11.3103,11.9556,11.9557,11.9642,11.2585,11.2586,11.2591,10.7796,10.7796,10.7798,10.6931,10.6931,10.6938
model.layers.8.self_attn.k_proj.weight,linear,attn,8,1024x4096,4194304,25,2.6715,10.7142,12.7553,12.7549,12.9291,12.9841,12.985,13.1388,12.7597,12.7596,12.932,12.4513,12.4523,12.7016,11.6853,11.6849,11.6958,11.444,11.4437,11.4469,11.1119,11.112,11.1186,10.908,10.908,10.9247,12.0954,12.0963,12.1877,12.3983,12.402,12.634,12.0986,12.0995,12.1941,11.7301,11.7306,11.9599,11.8063,11.8076,11.826,11.3649,11.3651,11.3646,11.0103,11.0103,11.014,10.8248,10.825,10.8363,11.665,11.6655,11.7422,12.3344,12.3357,12.519,11.6708,11.6712,11.7487,11.2996,11.3,11.5094,11.9627,11.966,11.9879,11.3317,11.332,11.3325,10.9611,10.9613,10.9622,10.7865,10.7869,10.7934
model.layers.8.self_attn.o_proj.weight,linear,attn,8,4096x4096,16777216,28,2.6034,10.6388,12.7502,12.809,12.8355,12.9667,13.0075,13.0264,12.7545,12.8121,12.838,12.4333,12.5031,12.5427,11.622,11.636,11.6428,11.3901,11.3955,11.3968,11.0038,11.0049,11.0051,10.8391,10.8424,10.8458,12.0875,12.1142,12.1239,12.3617,12.4193,12.4425,12.0903,12.117,12.1269,11.7114,11.7735,11.8091,11.7282,11.7505,11.7631,11.2945,11.2983,11.299,10.9008,10.9019,10.9021,10.7595,10.7628,10.7655,11.6541,11.6697,11.6758,12.2937,12.3527,12.3812,11.6599,11.6744,11.6802,11.2833,11.3432,11.3785,11.901,11.926,11.9442,11.2524,11.2556,11.2566,10.8491,10.8501,10.8503,10.7208,10.7234,10.7254
model.layers.8.self_attn.q_proj.weight,linear,attn,8,4096x4096,16777216,29,2.6624,10.699,12.7577,12.7576,12.9002,12.9842,12.9844,13.1219,12.7623,12.7621,12.9021,12.4551,12.4554,12.6793,11.6603,11.6614,11.6862,11.4168,11.4169,11.4254,11.1002,11.1002,11.1037,10.9007,10.9008,10.9118,12.097,12.0971,12.165,12.4019,12.4022,12.5795,12.1002,12.1004,12.1699,11.7342,11.7344,11.9302,11.7725,11.7735,11.8143,11.3281,11.3281,11.3332,10.9983,10.9983,11.0003,10.8199,10.8199,10.8274,11.6668,11.6668,11.7146,12.3378,12.3375,12.4787,11.6726,11.6728,11.7196,11.3036,11.3035,11.4875,11.9399,11.9391,11.9832,11.2902,11.2901,11.2941,10.9469,10.9469,10.9485,10.7801,10.7799,10.7842
model.layers.8.self_attn.v_proj.weight,linear,attn,8,1024x4096,4194304,25,2.6238,10.6607,12.7888,12.7888,12.846,13.0116,13.0108,13.0709,12.7929,12.7929,12.8481,12.5044,12.5049,12.5993,11.6256,11.6262,11.6325,11.3924,11.3916,11.396,11.0417,11.0418,11.0434,10.8678,10.8678,10.873,12.1115,12.1117,12.1365,12.4361,12.4398,12.497,12.1154,12.1159,12.1414,11.7788,11.7792,11.8538,11.7382,11.738,11.7489,11.3019,11.3022,11.3041,10.9392,10.9392,10.94,10.7861,10.7862,10.79,11.6774,11.6778,11.6903,12.3651,12.3678,12.4086,11.6841,11.6845,11.6967,11.3436,11.3435,11.4131,11.9144,11.9141,11.9316,11.2645,11.2646,11.2665,10.8876,10.8876,10.8886,10.7459,10.7459,10.7489
model.layers.10.mlp.down_proj.weight,linear,mlp,10,4096x14336,58720256,32,2.5773,10.6153,12.7596,12.7597,12.8001,12.9669,12.967,12.9883,12.7656,12.7655,12.8049,12.4367,12.4368,12.4824,11.6705,11.6708,11.6774,11.4049,11.405,11.4104,10.9648,10.9648,10.965,10.8249,10.825,10.8304,12.0989,12.0991,12.1147,12.3999,12.3996,12.4256,12.1013,12.1015,12.117,11.7275,11.7275,11.7692,11.7956,11.7963,11.8068,11.3141,11.3141,11.3169,10.8612,10.8612,10.8614,10.7446,10.7447,10.7499,11.6691,11.669,11.6763,12.3614,12.3609,12.3897,11.6733,11.6733,11.6801,11.3034,11.3035,11.344,11.9576,11.9576,11.9708,11.271,11.271,11.2729,10.809,10.809,10.8091,10.7061,10.7062,10.7105
model.layers.10.mlp.gate_proj.weight,linear,mlp,10,14336x4096,58720256,31,2.5897,10.6194,12.7432,12.743,12.7947,12.9792,12.979,13.0341,12.7485,12.7482,12.7992,12.4428,12.4428,12.5269,11.6247,11.6246,11.6281,11.3932,11.3932,11.3947,10.9885,10.9884,10.9906,10.8528,10.8527,10.857,12.0937,12.0936,12.126,12.4066,12.4065,12.4941,12.097,12.0969,12.1308,11.7267,11.7269,11.8038,11.7425,11.7424,11.7483,11.3124,11.3125,11.3125,10.8853,10.8853,10.8859,10.7701,10.7702,10.7731,11.669,11.669,11.6965,12.3472,12.3462,12.418,11.675,11.6751,11.7039,11.2958,11.2958,11.3627,11.9224,11.9217,11.9297,11.2792,11.2792,11.2794,10.834,10.834,10.8342,10.7325,10.7324,10.7347
model.layers.10.mlp.up_proj.weight,linear,mlp,10,14336x4096,58720256,29,2.5576,10.5939,12.7624,12.7626,12.7695,12.9628,12.9628,12.9665,12.7681,12.7684,12.7752,12.4341,12.4342,12.4409,11.6613,11.6611,11.6618,11.3997,11.3995,11.4005,10.932,10.9321,10.9322,10.8117,10.8117,10.8122,12.0981,12.0981,12.1019,12.3898,12.3905,12.3984,12.1003,12.1003,12.1041,11.7247,11.7249,11.7322,11.7885,11.789,11.7897,11.3087,11.3087,11.3094,10.8285,10.8285,10.8286,10.7319,10.732,10.7324,11.6659,11.6659,11.6689,12.3527,12.3514,12.3651,11.67,11.6699,11.6727,11.3018,11.3018,11.3092,11.9571,11.956,11.9573,11.2657,11.2656,11.2661,10.7763,10.7763,10.7764,10.694,10.6941,10.6944
model.layers.10.self_attn.k_proj.weight,linear,attn,10,1024x4096,4194304,27,2.676,10.7188,12.7632,12.7639,12.9342,12.9975,12.9985,13.1456,12.7672,12.7677,12.9369,12.4702,12.4706,12.7122,11.6854,11.6843,11.6955,11.4441,11.4441,11.4473,11.1221,11.1222,11.1282,10.916,10.916,10.9308,12.1014,12.1009,12.1894,12.4141,12.4158,12.6379,12.1048,12.1043,12.1959,11.7453,11.7455,11.969,11.8046,11.8014,11.8249,11.3653,11.3643,11.364,11.0201,11.0201,11.0235,10.8317,10.8315,10.842,11.6703,11.6698,11.7436,12.3459,12.34,12.522,11.6762,11.676,11.75,11.3122,11.312,11.5185,11.961,11.9591,11.99,11.3311,11.331,11.3322,10.971,10.9709,10.972,10.793,10.7929,10.7993
model.layers.10.self_attn.o_proj.weight,linear,attn,10,4096x4096,16777216,33,2.6048,10.6399,12.7484,12.8113,12.8378,12.9687,13.0124,13.0303,12.7527,12.8143,12.8401,12.4337,12.5086,12.5474,11.625,11.6388,11.6441,11.3916,11.3967,11.398,11.0059,11.007,11.0073,10.8405,10.8441,10.8476,12.0875,12.1166,12.126,12.3644,12.4266,12.449,12.0904,12.1195,12.129,11.7106,11.7788,11.8132,11.7294,11.7543,11.7641,11.2964,11.2999,11.3006,10.9027,10.904,10.9042,10.7609,10.7642,10.7672,11.6544,11.6729,11.6774,12.2938,12.362,12.3868,11.6602,11.6775,11.6819,11.2816,11.3483,11.3815,11.9016,11.9295,11.9416,11.2545,11.2575,11.2582,10.851,10.8522,10.8524,10.7221,10.7249,10.7268
model.layers.10.self_attn.q_proj.weight,linear,attn,10,4096x4096,16777216,29,2.6935,10.732,12.7657,12.7654,12.946,12.9903,12.9903,13.16,12.7701,12.7698,12.9477,12.466,12.466,12.7477,11.6887,11.6888,11.714,11.4351,11.4354,11.4434,11.1555,11.1555,11.1596,10.9304,10.9306,10.9444,12.1009,12.1007,12.1848,12.4109,12.4107,12.6289,12.1043,12.1041,12.19,11.7446,11.7443,11.9935,11.8009,11.8015,11.8437,11.3462,11.3463,11.351,11.0537,11.0537,11.0561,10.8495,10.8493,10.8585,11.6695,11.6692,11.731,12.3463,12.3451,12.5161,11.6755,11.6752,11.7356,11.3127,11.3124,11.5486,11.9558,11.9561,12.0011,11.3074,11.3074,11.3115,11.0021,11.002,11.0042,10.8086,10.8085,10.8138
model.layers.10.self_attn.v_proj.weight,linear,attn,10,1024x4096,4194304,24,2.6352,10.6717,12.7976,12.7976,12.8641,13.0207,13.0192,13.0835,12.8014,12.8015,12.8663,12.5199,12.519,12.6233,11.6347,11.6337,11.6381,11.3972,11.3971,11.401,11.0609,11.0608,11.0626,10.8794,10.8794,10.8843,12.1153,12.1148,12.1435,12.444,12.4417,12.5096,12.1194,12.1191,12.1488,11.7904,11.7902,11.8752,11.7499,11.7498,11.7539,11.3071,11.307,11.3085,10.9585,10.9585,10.9593,10.7976,10.7977,10.8008,11.6785,11.6785,11.6941,12.3689,12.3699,12.4172,11.6853,11.6852,11.7005,11.3543,11.3533,11.4336,11.9258,11.9259,11.9335,11.2697,11.2697,11.271,10.9069,10.9069,10.9078,10.7565,10.7566,10.759
model.layers.11.mlp.down_proj.weight,linear,mlp,11,4096x14336,58720256,31,2.5771,10.6144,12.7635,12.7633,12.7991,12.9717,12.9715,12.9897,12.7693,12.769,12.8039,12.4431,12.443,12.4823,11.6691,11.6689,11.6756,11.4055,11.4056,11.4108,10.9637,10.9638,10.964,10.8254,10.8253,10.8302,12.1015,12.1015,12.1153,12.4076,12.4077,12.4299,12.1039,12.1039,12.1177,11.7334,11.7336,11.7695,11.7949,11.795,11.8051,11.3158,11.3158,11.3186,10.8601,10.8601,10.8603,10.7449,10.7448,10.7496,11.6714,11.6714,11.6777,12.369,12.3688,12.3935,11.6756,11.6756,11.6816,11.3088,11.3089,11.3436,11.9585,11.9586,11.9719,11.2739,11.2738,11.2756,10.8079,10.8079,10.808,10.7064,10.7063,10.7103
model.layers.11.mlp.gate_proj.weight,linear,mlp,11,14336x4096,58720256,31,2.593,10.6237,12.7478,12.7476,12.8017,12.9808,12.9802,13.0372,12.7529,12.7528,12.8064,12.4463,12.4459,12.5323,11.6307,11.6303,11.6346,11.3976,11.3975,11.3992,10.9975,10.9975,10.9997,10.8605,10.8604,10.8647,12.0957,12.0955,12.1296,12.4086,12.4082,12.5021,12.0989,12.0987,12.1343,11.7302,11.7301,11.8099,11.75,11.749,11.7568,11.3172,11.317,11.3175,10.8943,10.8943,10.8949,10.7777,10.7777,10.7806,11.6699,11.6697,11.6995,12.3498,12.3483,12.4277,11.6758,11.6757,11.7067,11.2997,11.2994,11.3692,11.9284,11.9268,11.937,11.2844,11.284,11.2845,10.843,10.843,10.8432,10.74,10.7399,10.7422
model.layers.11.mlp.up_proj.weight,linear,mlp,11,14336x4096,58720256,31,2.5611,10.5968,12.7654,12.7656,12.7743,12.9669,12.9671,12.9723,12.7711,12.7712,12.7799,12.4399,12.44,12.4493,11.6614,11.6613,11.6623,11.4013,11.4015,11.4027,10.9375,10.9375,10.9378,10.8153,10.8153,10.816,12.1001,12.1,12.1051,12.3976,12.3974,12.4088,12.1024,12.1024,12.1073,11.7304,11.7303,11.7398,11.7896,11.789,11.7901,11.3119,11.3119,11.3128,10.8339,10.8339,10.8341,10.7353,10.7353,10.736,11.6681,11.6681,11.6721,12.3586,12.3587,12.3768,11.6723,11.6723,11.676,11.3066,11.3065,11.3161,11.9567,11.9568,11.9587,11.2701,11.2701,11.2707,10.7817,10.7817,10.7819,10.6972,10.6973,10.6978
model.layers.11.self_attn.k_proj.weight,linear,attn,11,1024x4096,4194304,27,2.6629,10.7009,12.7554,12.7533,12.9162,12.9864,12.9856,13.1203,12.7599,12.7576,12.9192,12.4552,12.4541,12.6825,11.6689,11.6695,11.6823,11.434,11.4334,11.4376,11.1049,11.105,11.1103,10.9072,10.9072,10.9223,12.0961,12.0952,12.1792,12.4019,12.4028,12.6078,12.0994,12.0985,12.1856,11.7328,11.7323,11.9451,11.786,11.7845,11.8103,11.3552,11.3544,11.3547,11.0027,11.0026,11.0058,10.8233,10.823,10.8345,11.6664,11.6661,11.7336,12.3355,12.3347,12.5006,11.6724,11.6721,11.7405,11.3012,11.3008,11.4961,11.9479,11.9475,11.9751,11.3217,11.3212,11.3223,10.9533,10.9532,10.9541,10.785,10.7849,10.7916
model.layers.11.self_attn.o_proj.weight,linear,attn,11,4096x4096,16777216,31,2.6009,10.6373,12.753,12.7979,12.8339,12.9689,12.9975,13.0233,12.7573,12.8014,12.8364,12.4357,12.4868,12.5372,11.6291,11.6428,11.648,11.3931,11.3972,11.3991,10.9999,11.0009,11.0012,10.8368,10.8398,10.843,12.0887,12.1112,12.1238,12.3633,12.4136,12.4438,12.0916,12.114,12.1267,11.7129,11.7614,11.8053,11.7351,11.7603,11.7685,11.2971,11.3004,11.3012,10.8969,10.8979,10.8981,10.757,10.7598,10.7625,11.6546,11.6692,11.6761,12.2953,12.3549,12.3837,11.6602,11.6738,11.6804,11.2847,11.3323,11.3749,11.9046,11.9341,11.9468,11.2545,11.2572,11.2581,10.8453,10.846,10.8462,10.718,10.7204,10.7223
model.layers.11.self_attn.q_proj.weight,linear,attn,11,4096x4096,16777216,28,2.6648,10.7001,12.7574,12.7571,12.9054,12.9822,12.9818,13.1201,12.7618,12.7616,12.9073,12.4538,12.4535,12.6868,11.6537,11.6532,11.6677,11.4132,11.4133,11.4186,11.1059,11.1059,11.109,10.9044,10.9042,10.9155,12.0951,12.0954,12.1633,12.3934,12.3944,12.5667,12.0984,12.0987,12.1688,11.732,11.7321,11.9351,11.7663,11.7655,11.7903,11.3246,11.3246,11.3267,11.0042,11.0042,11.0055,10.8236,10.8234,10.8305,11.6641,11.6642,11.7114,12.3269,12.3286,12.4642,11.6701,11.6703,11.7172,11.301,11.3011,11.4915,11.9314,11.931,11.9601,11.2869,11.2868,11.2891,10.9527,10.9527,10.954,10.7835,10.7835,10.7875
model.layers.11.self_attn.v_proj.weight,linear,attn,11,1024x4096,4194304,26,2.5822,10.6225,12.7737,12.7734,12.788,13.0038,13.0049,13.0175,12.777,12.7766,12.7906,12.4898,12.4905,12.5141,11.5826,11.5828,11.584,11.3684,11.3682,11.3687,10.9836,10.9836,10.984,10.8323,10.8322,10.8337,12.1,12.0997,12.1056,12.4009,12.4007,12.4121,12.104,12.104,12.1103,11.7558,11.7557,11.7744,11.6864,11.6865,11.688,11.2767,11.2765,11.2764,10.8806,10.8806,10.8807,10.7512,10.7511,10.7519,11.6635,11.664,11.6654,12.3151,12.3187,12.3214,11.6709,11.6714,11.6729,11.319,11.3193,11.3353,11.8762,11.8765,11.8785,11.2391,11.2392,11.2393,10.8293,10.8293,10.8294,10.7118,10.7118,10.7123
model.layers.12.mlp.down_proj.weight,linear,mlp,12,4096x14336,58720256,33,2.575,10.6102,12.7682,12.7681,12.794,12.9779,12.9777,12.9887,12.7739,12.774,12.799,12.4514,12.4514,12.4784,11.666,11.6664,11.6705,11.4066,11.4065,11.4103,10.9603,10.9604,10.9605,10.8258,10.8258,10.8295,12.1053,12.1054,12.1151,12.4201,12.4204,12.4343,12.1078,12.1078,12.1176,11.7421,11.7421,11.767,11.7931,11.7939,11.8005,11.3191,11.3194,11.3213,10.8565,10.8566,10.8567,10.7451,10.7451,10.7487,11.6756,11.6758,11.6798,12.3808,12.3824,12.3993,11.6799,11.68,11.6838,11.3166,11.3166,11.341,11.9612,11.962,11.9688,11.2792,11.2793,11.2806,10.8043,10.8043,10.8044,10.7065,10.7065,10.7097
model.layers.12.mlp.gate_proj.weight,linear,mlp,12,14336x4096,58720256,31,2.6049,10.6367,12.7523,12.7521,12.8227,12.9834,12.9837,13.0499,12.7573,12.7573,12.827,12.4512,12.4512,12.5561,11.6401,11.6398,11.6458,11.4054,11.4054,11.4077,11.0198,11.0198,11.0236,10.8722,10.8723,10.8809,12.0977,12.0975,12.1394,12.4121,12.4118,12.521,12.1009,12.1007,12.1443,11.7344,11.7343,11.8322,11.7598,11.7593,11.7697,11.3254,11.3253,11.3255,10.9168,10.9168,10.9189,10.7899,10.7898,10.7964,11.6708,11.6707,11.7058,12.3515,12.3506,12.4443,11.6766,11.6766,11.7128,11.3036,11.3034,11.3906,11.9346,11.9335,11.9473,11.2925,11.2923,11.2928,10.8665,10.8665,10.8672,10.7528,10.7528,10.7573
model.layers.12.mlp.up_proj.weight,linear,mlp,12,14336x4096,58720256,32,2.5669,10.6004,12.7662,12.7662,12.7797,12.9736,12.9735,12.9814,12.7719,12.7719,12.7853,12.4473,12.4472,12.4622,11.6589,11.6585,11.66,11.4045,11.4044,11.4066,10.9476,10.9475,10.948,10.8224,10.8223,10.8235,12.1027,12.1026,12.1102,12.4098,12.4099,12.4274,12.1052,12.1052,12.1127,11.7375,11.7375,11.7529,11.7862,11.7857,11.7883,11.3188,11.3188,11.3205,10.8437,10.8437,10.8441,10.7419,10.7419,10.743,11.6722,11.6722,11.6783,12.3696,12.3689,12.3943,11.6766,11.6766,11.6825,11.3121,11.3121,11.3272,11.9556,11.9559,11.9593,11.2807,11.2807,11.2818,10.7916,10.7916,10.7918,10.7036,10.7036,10.7045
model.layers.12.self_attn.k_proj.weight,linear,attn,12,1024x4096,4194304,25,2.6161,10.6479,12.745,12.744,12.8465,12.9822,12.9808,13.0586,12.7497,12.749,12.8509,12.4456,12.4446,12.5796,11.6497,11.651,11.659,11.4171,11.4171,11.4194,11.0284,11.0283,11.0318,10.8703,10.8702,10.8797,12.0926,12.0924,12.1485,12.4006,12.4025,12.5343,12.096,12.0958,12.1534,11.7263,11.7257,11.8547,11.7679,11.7707,11.7861,11.338,11.3384,11.338,10.925,10.925,10.9271,10.787,10.787,10.7951,11.6665,11.6666,11.7119,12.3349,12.3385,12.4638,11.6729,11.673,11.7183,11.2942,11.2942,11.4128,11.9364,11.9392,11.9584,11.3053,11.3054,11.3065,10.8745,10.8745,10.8751,10.7489,10.7491,10.7545
model.layers.12.self_attn.o_proj.weight,linear,attn,12,4096x4096,16777216,31,2.5863,10.6308,12.7508,12.7792,12.8175,12.9561,12.9754,12.9997,12.7559,12.7838,12.8209,12.4218,12.4549,12.5025,11.6349,11.6456,11.653,11.3939,11.3975,11.4001,10.9854,10.9861,10.9865,10.8273,10.8295,10.8322,12.0873,12.1022,12.1164,12.3545,12.389,12.4182,12.0898,12.1046,12.1188,11.7049,11.7364,11.7789,11.7466,11.7647,11.7768,11.2969,11.2999,11.301,10.8824,10.8831,10.8834,10.747,10.7489,10.7513,11.6529,11.6635,11.6708,12.2951,12.336,12.3682,11.6578,11.6677,11.6747,11.2798,11.3107,11.3521,11.9161,11.9371,11.9536,11.2525,11.2553,11.2563,10.8307,10.8312,10.8315,10.7078,10.7095,10.7113
model.layers.12.self_attn.q_proj.weight,linear,attn,12,4096x4096,16777216,28,2.6244,10.6624,12.7543,12.755,12.849,12.9807,12.9813,13.0665,12.7585,12.7592,12.8511,12.4499,12.4508,12.5995,11.619,11.6191,11.628,11.3907,11.3907,11.3944,11.0447,11.0448,11.047,10.8671,10.8671,10.875,12.0929,12.0932,12.1347,12.3875,12.3875,12.4873,12.0962,12.0965,12.1395,11.7263,11.7266,11.8537,11.7268,11.727,11.742,11.3003,11.3003,11.3013,10.9428,10.9428,10.9436,10.7872,10.7871,10.7922,11.661,11.6609,11.6873,12.3158,12.314,12.3972,11.6671,11.667,11.6937,11.2952,11.295,11.414,11.9036,11.9022,11.9234,11.2622,11.2622,11.2634,10.8914,10.8913,10.8922,10.7477,10.7476,10.7509
model.layers.12.self_attn.v_proj.weight,linear,attn,12,1024x4096,4194304,26,2.5878,10.6252,12.7893,12.7884,12.8176,12.9938,12.9925,13.0078,12.7924,12.7919,12.8203,12.4837,12.4824,12.5119,11.6124,11.6128,11.6155,11.3826,11.3826,11.3851,10.9784,10.9784,10.9787,10.8294,10.8293,10.8303,12.1033,12.103,12.1137,12.3907,12.3915,12.4082,12.1065,12.1063,12.1168,11.7538,11.7532,11.779,11.7201,11.7208,11.7271,11.2853,11.2858,11.2865,10.8753,10.8752,10.8758,10.7496,10.7495,10.7509,11.6614,11.6611,11.6659,12.3168,12.3169,12.3436,11.6673,11.6667,11.6708,11.3221,11.3217,11.3491,11.8994,11.8996,11.911,11.2434,11.2438,11.2448,10.8236,10.8236,10.8241,10.7105,10.7107,10.7118
model.layers.13.mlp.down_proj.weight,linear,mlp,13,4096x14336,58720256,32,2.5735,10.6082,12.7626,12.7627,12.7917,12.9734,12.9735,12.9872,12.7684,12.7685,12.7968,12.4448,12.4449,12.4755,11.663,11.6629,11.6672,11.4051,11.4052,11.4094,10.9582,10.9582,10.9584,10.8248,10.8248,10.8285,12.1024,12.1022,12.1139,12.4127,12.4132,12.4317,12.1049,12.1047,12.1164,11.7359,11.7359,11.7644,11.7886,11.7887,11.7954,11.3181,11.3182,11.3205,10.8544,10.8544,10.8546,10.7442,10.7441,10.7478,11.6736,11.6736,11.679,12.3747,12.3753,12.3963,11.6779,11.678,11.683,11.3105,11.3107,11.3385,11.9544,11.9549,11.9632,11.2784,11.2785,11.28,10.8022,10.8022,10.8023,10.7057,10.7057,10.7088
model.layers.13.mlp.gate_proj.weight,linear,mlp,13,14336x4096,58720256,31,2.5966,10.6283,12.7523,12.7517,12.8085,12.9834,12.983,13.0402,12.7573,12.7569,12.8131,12.451,12.4504,12.5379,11.6371,11.6366,11.6421,11.4024,11.4019,11.4041,11.0054,11.0053,11.0088,10.8648,10.8648,10.8718,12.0977,12.0976,12.1335,12.4126,12.4126,12.5093,12.101,12.1009,12.1381,11.7343,11.7342,11.8164,11.7569,11.7567,11.7657,11.3221,11.322,11.3224,10.9022,10.9021,10.9041,10.7826,10.7825,10.7878,11.6709,11.6711,11.7024,12.3537,12.3537,12.4372,11.6768,11.6769,11.7093,11.3035,11.3036,11.3759,11.9332,11.9336,11.9451,11.2892,11.2892,11.2896,10.8517,10.8517,10.8523,10.7455,10.7455,10.7492
model.layers.13.mlp.up_proj.weight,linear,mlp,13,14336x4096,58720256,30,2.5657,10.5987,12.7647,12.7649,12.7773,12.973,12.9736,12.9809,12.7703,12.7705,12.783,12.4461,12.4463,12.4602,11.6563,11.6568,11.6576,11.4041,11.4042,11.4061,10.9462,10.9462,10.9466,10.822,10.822,10.8231,12.1028,12.1026,12.1098,12.4118,12.4117,12.428,12.1052,12.1051,12.1123,11.737,11.737,11.7516,11.7832,11.7843,11.7857,11.3195,11.3196,11.3211,10.8423,10.8423,10.8427,10.7415,10.7416,10.7427,11.6728,11.6728,11.6786,12.3729,12.3723,12.3945,11.6772,11.6772,11.6828,11.3117,11.3116,11.3257,11.954,11.9545,11.9572,11.2821,11.2821,11.2832,10.7902,10.7902,10.7904,10.7034,10.7034,10.7042
model.layers.13.self_attn.k_proj.weight,linear,attn,13,1024x4096,4194304,26,2.6802,10.7222,12.7538,12.7536,12.9414,12.9848,12.9856,13.146,12.7581,12.758,12.9442,12.4536,12.4541,12.723,11.6778,11.678,11.691,11.4425,11.4419,11.4467,11.1331,11.1331,11.1393,10.9194,10.9195,10.9363,12.0954,12.0954,12.1902,12.4,12.4002,12.6365,12.0988,12.0988,12.1969,11.7314,11.7306,11.9791,11.7933,11.7949,11.8204,11.3639,11.3637,11.3638,11.0311,11.0311,11.0348,10.8348,10.8348,10.8472,11.6656,11.6658,11.7434,12.3312,12.3332,12.5166,11.6718,11.6719,11.75,11.2994,11.2996,11.5275,11.9479,11.9512,11.9814,11.3301,11.3304,11.3315,10.9821,10.9822,10.9832,10.7965,10.7964,10.8038
model.layers.13.self_attn.o_proj.weight,linear,attn,13,4096x4096,16777216,32,2.5945,10.6345,12.7513,12.7923,12.8283,12.9618,12.9885,13.0112,12.756,12.7964,12.8313,12.4278,12.4738,12.5217,11.6348,11.6464,11.6516,11.3948,11.3984,11.4004,10.9942,10.9951,10.9954,10.8327,10.8354,10.8384,12.0879,12.1086,12.1206,12.3591,12.4057,12.4297,12.0906,12.1112,12.1232,11.7083,11.7522,11.7943,11.744,11.7665,11.7744,11.2983,11.3011,11.3015,10.8912,10.892,10.8922,10.7525,10.7551,10.7575,11.6537,11.6679,11.6733,12.2947,12.3527,12.3778,11.659,11.6721,11.6773,11.2818,11.3252,11.3661,11.9113,11.9383,11.9466,11.2546,11.2571,11.2576,10.8394,10.8402,10.8403,10.7132,10.7155,10.7172
model.layers.13.self_attn.q_proj.weight,linear,attn,13,4096x4096,16777216,27,2.6745,10.7111,12.7588,12.7586,12.92,12.9792,12.9801,13.1305,12.7634,12.7633,12.9218,12.4517,12.4521,12.7068,11.6636,11.6638,11.6791,11.4192,11.419,11.4254,11.1226,11.1227,11.1262,10.914,10.9141,10.9256,12.0957,12.0959,12.1692,12.3929,12.3945,12.5813,12.0989,12.099,12.1746,11.7314,11.7316,11.9541,11.7777,11.777,11.8033,11.3303,11.33,11.3329,11.0212,11.0213,11.0228,10.8336,10.8336,10.8407,11.6642,11.6642,11.7159,12.3317,12.3303,12.4781,11.6699,11.67,11.7213,11.3015,11.3014,11.5106,11.94,11.9396,11.9681,11.2922,11.292,11.2944,10.9697,10.9697,10.9712,10.7934,10.7934,10.7971
model.layers.13.self_attn.v_proj.weight,linear,attn,13,1024x4096,4194304,26,2.5858,10.6238,12.7794,12.7809,12.8071,12.9914,12.992,13.0108,12.7826,12.784,12.8092,12.4784,12.48,12.5144,11.5884,11.5888,11.5902,11.3708,11.3711,11.3728,10.9816,10.9817,10.9818,10.8336,10.8338,10.8345,12.0987,12.0986,12.1068,12.3854,12.3837,12.3969,12.1022,12.1021,12.1105,11.7481,11.7487,11.7741,11.6932,11.6932,11.6947,11.2752,11.2754,11.2763,10.8789,10.8789,10.8789,10.7548,10.7547,10.7555,11.6584,11.6587,11.6609,12.3073,12.3071,12.3175,11.6647,11.6648,11.6669,11.3161,11.3163,11.3412,11.8809,11.8826,11.8848,11.2356,11.2358,11.2362,10.8274,10.8275,10.8276,10.7163,10.7162,10.7171
model.layers.14.mlp.down_proj.weight,linear,mlp,14,4096x14336,58720256,32,2.5708,10.6057,12.7645,12.7647,12.7874,12.9738,12.9738,12.9835,12.7702,12.7705,12.7927,12.4461,12.4462,12.4694,11.6626,11.6626,11.6663,11.4046,11.4046,11.408,10.9537,10.9537,10.9538,10.8228,10.8228,10.8257,12.1031,12.103,12.112,12.4142,12.4135,12.4263,12.1056,12.1055,12.1144,11.7373,11.7371,11.759,11.7889,11.7891,11.7947,11.3173,11.3171,11.3191,10.8499,10.8499,10.8501,10.7423,10.7423,10.7452,11.6735,11.6735,11.6776,12.3758,12.3752,12.3928,11.6778,11.6778,11.6816,11.312,11.3119,11.3335,11.9558,11.9554,11.9631,11.2772,11.2771,11.2784,10.7977,10.7977,10.7978,10.7038,10.7038,10.7063
model.layers.14.mlp.gate_proj.weight,linear,mlp,14,14336x4096,58720256,30,2.6001,10.6306,12.753,12.753,12.8109,12.9857,12.986,13.0468,12.7581,12.758,12.8153,12.454,12.4539,12.5466,11.6355,11.6351,11.6416,11.4009,11.4009,11.4031,11.0073,11.0073,11.0095,10.8653,10.8652,10.8702,12.0985,12.0986,12.135,12.416,12.4161,12.516,12.1018,12.1018,12.1398,11.7369,11.7369,11.8225,11.7545,11.7541,11.765,11.3202,11.3201,11.3209,10.9041,10.9041,10.9048,10.7825,10.7824,10.786,11.6719,11.672,11.7034,12.3558,12.3559,12.4381,11.6779,11.6779,11.7104,11.3055,11.3056,11.3809,11.9312,11.9313,11.9455,11.2869,11.2869,11.2877,10.8528,10.8528,10.8532,10.7444,10.7445,10.7473
model.layers.14.mlp.up_proj.weight,linear,mlp,14,14336x4096,58720256,31,2.5677,10.601,12.7665,12.7665,12.7813,12.9746,12.9747,12.9826,12.772,12.7721,12.7868,12.449,12.4492,12.4645,11.6571,11.6572,11.6583,11.4048,11.4048,11.4068,10.9494,10.9494,10.9498,10.8236,10.8236,10.8248,12.1031,12.1032,12.111,12.412,12.4125,12.4287,12.1057,12.1057,12.1135,11.7391,11.7392,11.7552,11.7837,11.7839,11.7854,11.3197,11.3197,11.3213,10.8455,10.8455,10.8459,10.743,10.743,10.7442,11.673,11.673,11.6789,12.374,12.3724,12.3949,11.6774,11.6775,11.6831,11.3136,11.3135,11.3291,11.9533,11.9535,11.9551,11.2822,11.2822,11.2832,10.7934,10.7934,10.7936,10.7047,10.7046,10.7056
model.layers.14.self_attn.k_proj.weight,linear,attn,14,1024x4096,4194304,27,2.6737,10.7176,12.767,12.7672,12.9326,12.9962,12.9974,13.1415,12.7712,12.7714,12.9353,12.4691,12.4689,12.7058,11.687,11.6889,11.6991,11.4463,11.4468,11.4496,11.1149,11.1149,11.1213,10.909,10.9091,10.924,12.1028,12.1036,12.1892,12.4173,12.4188,12.6384,12.1061,12.1069,12.1954,11.7456,11.7461,11.9646,11.8063,11.8113,11.8295,11.3675,11.3685,11.367,11.013,11.0131,11.0166,10.8249,10.8252,10.8359,11.6719,11.6718,11.7435,12.3474,12.3461,12.5215,11.6776,11.6777,11.7499,11.314,11.3142,11.5138,11.9645,11.967,11.99,11.3345,11.335,11.3352,10.9639,10.9637,10.9648,10.7863,10.7863,10.7926
model.layers.14.self_attn.o_proj.weight,linear,attn,14,4096x4096,16777216,29,2.5969,10.636,12.7554,12.8104,12.8301,12.968,13.0075,13.0177,12.76,12.814,12.833,12.4369,12.5008,12.5272,11.6365,11.6544,11.6595,11.3957,11.4024,11.4038,10.9951,10.9963,10.9965,10.8343,10.8375,10.8396,12.0899,12.1181,12.1237,12.3666,12.4297,12.443,12.0927,12.1207,12.1264,11.7153,11.7756,11.7989,11.7458,11.7774,11.7841,11.2992,11.3051,11.3055,10.892,10.8932,10.8933,10.7537,10.757,10.7587,11.6559,11.675,11.677,12.2991,12.3724,12.3882,11.6614,11.679,11.681,11.2877,11.3471,11.3696,11.9187,11.9524,11.9594,11.2559,11.2611,11.2616,10.8403,10.8413,10.8414,10.7143,10.7172,10.7183
model.layers.14.self_attn.q_proj.weight,linear,attn,14,4096x4096,16777216,32,2.665,10.7003,12.7664,12.7661,12.9056,12.9887,12.9883,13.1199,12.7709,12.7704,12.9076,12.4653,12.4643,12.6868,11.6533,11.6529,11.6664,11.4123,11.4122,11.4179,11.1071,11.1072,11.1097,10.9013,10.9013,10.9143,12.1003,12.1003,12.1635,12.406,12.4052,12.5652,12.1036,12.1036,12.169,11.743,11.7429,11.9345,11.7677,11.7675,11.7916,11.324,11.3238,11.3259,11.0052,11.0052,11.0063,10.8208,10.8209,10.8294,11.6679,11.6679,11.711,12.3403,12.3406,12.4616,11.6737,11.6737,11.717,11.3118,11.3118,11.4908,11.9372,11.9366,11.9657,11.2865,11.2862,11.2884,10.9536,10.9536,10.9548,10.7807,10.7808,10.7861
model.layers.14.self_attn.v_proj.weight,linear,attn,14,1024x4096,4194304,27,2.6064,10.6434,12.7898,12.7923,12.8307,13.0096,13.0109,13.0403,12.7934,12.7958,12.8329,12.5002,12.5015,12.5582,11.6139,11.6131,11.6147,11.3849,11.385,11.3875,11.0219,11.0219,11.0221,10.8575,10.8577,10.8586,12.109,12.1101,12.1229,12.4234,12.4251,12.4476,12.1127,12.1138,12.1269,11.7708,11.7711,11.8163,11.7229,11.7212,11.7248,11.291,11.2908,11.292,10.919,10.919,10.9192,10.7773,10.7774,10.7789,11.6713,11.672,11.6755,12.3468,12.3457,12.3618,11.6777,11.678,11.6814,11.3367,11.3365,11.3798,11.9044,11.9043,11.9094,11.2514,11.2516,11.2522,10.8674,10.8674,10.8678,10.7374,10.7374,10.7389
model.layers.15.mlp.down_proj.weight,linear,mlp,15,4096x14336,58720256,32,2.5682,10.6032,12.7627,12.7624,12.7842,12.9708,12.9706,12.9801,12.7685,12.7683,12.7895,12.4419,12.4419,12.4641,11.6629,11.6626,11.6665,11.4033,11.4033,11.4064,10.9496,10.9496,10.9498,10.8204,10.8204,10.8233,12.1015,12.1015,12.1098,12.4088,12.4084,12.4204,12.1039,12.1039,12.1122,11.7333,11.7331,11.7536,11.7894,11.7897,11.7948,11.315,11.3151,11.3166,10.8459,10.8459,10.846,10.74,10.74,10.7429,11.6721,11.672,11.6755,12.3714,12.3714,12.3859,11.6762,11.6762,11.6795,11.3089,11.3089,11.3288,11.9556,11.956,11.9631,11.2739,11.2739,11.2749,10.7936,10.7936,10.7937,10.7017,10.7017,10.7043
model.layers.15.mlp.gate_proj.weight,linear,mlp,15,14336x4096,58720256,31,2.5928,10.6225,12.7451,12.7448,12.7962,12.9809,12.9809,13.0391,12.7502,12.75,12.8006,12.4454,12.4452,12.5322,11.6253,11.6253,11.6324,11.3934,11.3935,11.3958,10.9902,10.9902,10.9926,10.852,10.852,10.8568,12.0945,12.0945,12.1275,12.4088,12.4084,12.5011,12.0978,12.0978,12.1323,11.729,11.7288,11.8082,11.7429,11.7422,11.754,11.3122,11.3122,11.3131,10.8871,10.887,10.8879,10.7694,10.7694,10.7731,11.6695,11.6694,11.6977,12.3479,12.3476,12.4222,11.6755,11.6755,11.7049,11.2979,11.2977,11.3669,11.9228,11.9221,11.9355,11.2786,11.2785,11.2794,10.8359,10.8358,10.8362,10.7316,10.7316,10.7345
model.layers.15.mlp.up_proj.weight,linear,mlp,15,14336x4096,58720256,32,2.5637,10.5972,12.762,12.7619,12.7756,12.969,12.9693,12.9769,12.7678,12.7676,12.7812,12.4411,12.4408,12.4554,11.6564,11.6566,11.6581,11.4021,11.4022,11.4045,10.9426,10.9427,10.943,10.8193,10.8193,10.8204,12.1002,12.1002,12.1076,12.4031,12.4038,12.4194,12.1026,12.1026,12.1099,11.7317,11.7317,11.7466,11.7827,11.783,11.7854,11.3157,11.3158,11.3176,10.8388,10.8388,10.8392,10.739,10.739,10.7401,11.6703,11.6703,11.6758,12.3649,12.3641,12.3859,11.6747,11.6747,11.6799,11.3071,11.307,11.3215,11.9514,11.9515,11.9545,11.2769,11.2769,11.278,10.7867,10.7867,10.7869,10.7009,10.7009,10.7018
model.layers.15.self_attn.k_proj.weight,linear,attn,15,1024x4096,4194304,26,2.6324,10.6677,12.7515,12.7509,12.8724,12.9903,12.9893,13.0838,12.7559,12.7556,12.8756,12.4575,12.4566,12.6147,11.6667,11.6672,11.6749,11.4282,11.4273,11.4307,11.0495,11.0495,11.0534,10.8801,10.8799,10.8902,12.097,12.0968,12.1616,12.4147,12.4128,12.5696,12.1004,12.1004,12.1668,11.7354,11.7353,11.8846,11.7881,11.7879,11.8024,11.3496,11.3491,11.3487,10.9465,10.9465,10.9487,10.7966,10.7965,10.8043,11.6698,11.6692,11.7224,12.3471,12.3458,12.4818,11.6759,11.6754,11.7286,11.3027,11.3023,11.4401,11.9536,11.9525,11.9693,11.3169,11.3167,11.3168,10.8963,10.8962,10.8968,10.7581,10.7578,10.763
model.layers.15.self_attn.o_proj.weight,linear,attn,15,4096x4096,16777216,32,2.5947,10.6388,12.7505,12.817,12.8277,12.9647,13.0137,13.0184,12.755,12.8208,12.8312,12.4311,12.5087,12.5226,11.654,11.6889,11.6945,11.4093,11.4188,11.4198,10.9948,10.9971,10.9973,10.8327,10.8385,10.8399,12.0869,12.1239,12.1276,12.3574,12.4491,12.4584,12.0898,12.1267,12.1302,11.7088,11.7855,11.7982,11.7564,11.8168,11.8262,11.3121,11.3208,11.3218,10.8915,10.8938,10.8939,10.7513,10.757,10.7584,11.6527,11.6825,11.6841,12.2879,12.3978,12.4133,11.6584,11.6863,11.6878,11.2806,11.3565,11.3691,11.9187,11.9785,11.9877,11.2677,11.2752,11.276,10.84,10.8417,10.8418,10.7116,10.7163,10.7172
model.layers.15.self_attn.q_proj.weight,linear,attn,15,4096x4096,16777216,27,2.7146,10.7463,12.7539,12.7542,12.9762,12.979,12.9786,13.191,12.7585,12.7588,12.9777,12.4481,12.448,12.7948,11.6987,11.6991,11.7481,11.4492,11.4496,11.4638,11.1957,11.1957,11.2012,10.9458,10.9458,10.9664,12.0939,12.0941,12.2007,12.3922,12.3925,12.6743,12.0971,12.0973,12.2059,11.7278,11.728,12.0381,11.8052,11.8059,11.8799,11.361,11.361,11.371,11.0944,11.0944,11.0976,10.8654,10.8654,10.8795,11.6639,11.6638,11.7461,12.3293,12.3295,12.5476,11.6698,11.6696,11.7501,11.2979,11.2977,11.5907,11.9561,11.9575,12.0217,11.3223,11.3224,11.3296,11.0435,11.0434,11.0455,10.825,10.8249,10.8335
model.layers.15.self_attn.v_proj.weight,linear,attn,15,1024x4096,4194304,27,2.6235,10.6556,12.8002,12.7989,12.8623,13.0186,13.0163,13.0581,12.8035,12.8027,12.8643,12.5122,12.5102,12.588,11.6627,11.663,11.6729,11.4099,11.4097,11.4141,11.0379,11.0379,11.0388,10.8647,10.8647,10.8666,12.1171,12.1164,12.1401,12.4497,12.4479,12.4953,12.1205,12.1199,12.1433,11.7847,11.7838,11.8517,11.7779,11.7785,11.7971,11.315,11.3146,11.3172,10.9347,10.9347,10.9356,10.7826,10.7828,10.7848,11.6792,11.6791,11.6915,12.3793,12.3773,12.428,11.6846,11.6847,11.6957,11.35,11.3504,11.4173,11.9414,11.9423,11.9635,11.2726,11.2723,11.2746,10.8829,10.8829,10.8837,10.7412,10.7411,10.7429
model.layers.16.mlp.down_proj.weight,linear,mlp,16,4096x14336,58720256,34,2.5644,10.601,12.7618,12.7616,12.78,12.9657,12.9659,12.9734,12.7678,12.7674,12.7854,12.4365,12.4363,12.4551,11.6643,11.6644,11.6669,11.4013,11.4013,11.4037,10.9436,10.9436,10.9437,10.8161,10.8161,10.8186,12.0994,12.0992,12.1062,12.398,12.3978,12.4072,12.1016,12.1014,12.1085,11.7278,11.7274,11.7449,11.7916,11.7917,11.7957,11.3105,11.3105,11.3116,10.84,10.84,10.8401,10.7361,10.736,10.7386,11.6685,11.6685,11.6712,12.3611,12.3608,12.373,11.6725,11.6725,11.675,11.3044,11.3043,11.3212,11.9576,11.9576,11.9626,11.2674,11.2673,11.2681,10.7878,10.7878,10.7879,10.6978,10.6979,10.7001
model.layers.16.mlp.gate_proj.weight,linear,mlp,16,14336x4096,58720256,31,2.5913,10.6215,12.7427,12.7427,12.7918,12.9804,12.9806,13.0388,12.7478,12.7478,12.796,12.4442,12.4442,12.531,11.619,11.6189,11.6255,11.3889,11.389,11.3914,10.9847,10.9846,10.9873,10.8455,10.8454,10.8505,12.0935,12.0933,12.1242,12.4064,12.4064,12.4936,12.0968,12.0967,12.1291,11.7273,11.7273,11.8043,11.7346,11.7343,11.7451,11.3069,11.3069,11.3079,10.8817,10.8817,10.8827,10.763,10.763,10.7669,11.6687,11.6686,11.6943,12.3444,12.3441,12.412,11.6749,11.6749,11.7016,11.2958,11.2958,11.3627,11.9155,11.9155,11.9278,11.273,11.2731,11.2739,10.8306,10.8306,10.8311,10.7252,10.7252,10.7282
model.layers.16.mlp.up_proj.weight,linear,mlp,16,14336x4096,58720256,31,2.56,10.5948,12.7614,12.7615,12.7719,12.9648,12.9651,12.9702,12.7672,12.7673,12.7775,12.436,12.4363,12.4468,11.6587,11.6588,11.6594,11.4002,11.4002,11.4018,10.9364,10.9364,10.9367,10.8148,10.8148,10.8156,12.0986,12.0986,12.104,12.3952,12.3952,12.4067,12.1009,12.1009,12.1063,11.7272,11.7273,11.7381,11.7854,11.7857,11.7868,11.3112,11.3111,11.3123,10.8328,10.8328,10.833,10.7348,10.7349,10.7356,11.6678,11.6678,11.6716,12.3577,12.3578,12.3738,11.672,11.672,11.6755,11.3037,11.3036,11.3144,11.9531,11.9537,11.955,11.2697,11.2697,11.2704,10.7806,10.7806,10.7807,10.6968,10.6969,10.6975
model.layers.16.self_attn.k_proj.weight,linear,attn,16,1024x4096,4194304,27,2.6435,10.6816,12.753,12.7531,12.8892,12.9837,12.983,13.0996,12.7574,12.7578,12.8925,12.4495,12.4492,12.6396,11.672,11.6699,11.6781,11.431,11.4302,11.4336,11.0652,11.0652,11.0707,10.8863,10.8861,10.8991,12.0961,12.0958,12.1696,12.405,12.4011,12.5886,12.0993,12.099,12.175,11.7301,11.729,11.9058,11.7934,11.7911,11.8063,11.3519,11.3512,11.351,10.963,10.963,10.966,10.8033,10.803,10.8128,11.6671,11.6669,11.7273,12.3427,12.3406,12.4924,11.6727,11.6726,11.7337,11.2995,11.2989,11.4586,11.9578,11.9556,11.9732,11.3189,11.3187,11.3191,10.9134,10.9133,10.9142,10.7655,10.765,10.7711
model.layers.16.self_attn.o_proj.weight,linear,attn,16,4096x4096,16777216,30,2.5793,10.6238,12.7516,12.8017,12.8069,12.9597,12.9925,12.9953,12.7563,12.8054,12.8104,12.4256,12.4825,12.4888,11.6253,11.6429,11.649,11.3894,11.3958,11.3969,10.9689,10.9701,10.9703,10.8191,10.8222,10.8231,12.087,12.1108,12.1133,12.3534,12.4043,12.413,12.0896,12.1133,12.1157,11.7056,11.7585,11.7651,11.7338,11.7637,11.7729,11.2922,11.2976,11.2983,10.8659,10.8671,10.8672,10.739,10.7422,10.743,11.6518,11.6672,11.6693,12.2889,12.3495,12.365,11.657,11.6712,11.6731,11.2795,11.3317,11.3383,11.9112,11.9417,11.9526,11.2485,11.2532,11.254,10.8143,10.8152,10.8153,10.7002,10.7029,10.7037
model.layers.16.self_attn.q_proj.weight,linear,attn,16,4096x4096,16777216,29,2.6779,10.7104,12.7527,12.7522,12.9263,12.9807,12.9794,13.1353,12.7573,12.7568,12.928,12.4493,12.4484,12.713,11.6614,11.6615,11.6891,11.4201,11.4203,11.4293,11.1358,11.1357,11.1393,10.9097,10.9095,10.9282,12.0934,12.0932,12.1722,12.3919,12.3908,12.5894,12.0966,12.0965,12.1774,11.7274,11.727,11.9597,11.7697,11.7698,11.816,11.3302,11.3305,11.3362,11.0342,11.0342,11.036,10.8302,10.8302,10.8432,11.6632,11.663,11.7179,12.3253,12.3255,12.4847,11.6692,11.669,11.723,11.2965,11.2962,11.516,11.9323,11.9338,11.9818,11.2913,11.2914,11.2973,10.9827,10.9827,10.9843,10.7906,10.7906,10.799
model.layers.16.self_attn.v_proj.weight,linear,attn,16,1024x4096,4194304,28,2.6021,10.6379,12.7891,12.7905,12.8277,13.0078,13.0086,13.0331,12.7924,12.7936,12.8301,12.4952,12.4959,12.5467,11.6192,11.6194,11.6231,11.3861,11.3862,11.3881,11.0081,11.008,11.0082,10.8486,10.8485,10.8499,12.1087,12.1087,12.1215,12.4202,12.4182,12.4394,12.112,12.1122,12.1251,11.7656,11.7653,11.8069,11.7306,11.7307,11.737,11.2914,11.2911,11.2919,10.9052,10.9051,10.9054,10.7685,10.7685,10.7702,11.67,11.6699,11.674,12.3441,12.3436,12.3668,11.6756,11.6756,11.6794,11.3328,11.3325,11.3729,11.9118,11.912,11.9227,11.2509,11.2507,11.2516,10.8535,10.8535,10.8538,10.729,10.7289,10.7303
model.layers.17.mlp.down_proj.weight,linear,mlp,17,4096x14336,58720256,30,2.5632,10.5999,12.7613,12.7616,12.7782,12.9647,12.9647,12.9714,12.7672,12.7674,12.7838,12.4351,12.4353,12.4522,11.6643,11.6641,11.6665,11.4006,11.4007,11.4026,10.9415,10.9415,10.9415,10.815,10.815,10.8172,12.0989,12.099,12.1051,12.3965,12.3966,12.4041,12.1011,12.1013,12.1073,11.7267,11.7268,11.742,11.7918,11.7915,11.7959,11.3094,11.3094,11.3105,10.8379,10.8379,10.838,10.7351,10.7351,10.7373,11.668,11.6679,11.6702,12.36,12.3593,12.3705,11.6719,11.6719,11.674,11.3037,11.3037,11.3188,11.9588,11.9585,11.9641,11.2659,11.2658,11.2666,10.7857,10.7857,10.7858,10.6969,10.6969,10.699
model.layers.17.mlp.gate_proj.weight,linear,mlp,17,14336x4096,58720256,31,2.5914,10.622,12.7418,12.7418,12.7917,12.9782,12.9785,13.0397,12.7471,12.747,12.7958,12.4414,12.4415,12.5316,11.6173,11.6178,11.6242,11.3878,11.3881,11.3903,10.9838,10.9838,10.9866,10.8436,10.8436,10.8491,12.0929,12.0929,12.1237,12.4039,12.4048,12.4922,12.0961,12.0962,12.1286,11.7249,11.7251,11.8038,11.7324,11.7334,11.743,11.3055,11.3057,11.3065,10.8811,10.8811,10.8821,10.7614,10.7613,10.7655,11.668,11.6681,11.6933,12.3422,12.3428,12.4089,11.6741,11.6742,11.7007,11.2939,11.294,11.362,11.9141,11.9148,11.927,11.2715,11.2716,11.2723,10.8301,10.8301,10.8306,10.7236,10.7236,10.7268
model.layers.17.mlp.up_proj.weight,linear,mlp,17,14336x4096,58720256,30,2.5585,10.5937,12.7607,12.7601,12.7698,12.9632,12.9631,12.9675,12.7665,12.766,12.7755,12.434,12.4336,12.443,11.6595,11.6596,11.66,11.3996,11.3995,11.4008,10.934,10.934,10.9341,10.8133,10.8133,10.8139,12.0978,12.0979,12.1025,12.3925,12.3927,12.4024,12.1001,12.1001,12.1047,11.725,11.725,11.7346,11.7867,11.7871,11.7877,11.3097,11.3098,11.3107,10.8304,10.8304,10.8305,10.7334,10.7334,10.7341,11.667,11.667,11.67,12.3564,12.3563,12.3684,11.6711,11.6711,11.6739,11.3018,11.3018,11.3113,11.9541,11.9547,11.9556,11.2675,11.2676,11.268,10.7782,10.7782,10.7783,10.6955,10.6955,10.6961
model.layers.17.self_attn.k_proj.weight,linear,attn,17,1024x4096,4194304,26,2.6454,10.6822,12.7515,12.7504,12.892,12.9862,12.9853,13.1017,12.7561,12.755,12.8953,12.4529,12.4511,12.644,11.6698,11.6682,11.6777,11.4309,11.4304,11.4347,11.0712,11.0712,11.0761,10.8896,10.8896,10.9026,12.0959,12.0953,12.1703,12.4088,12.4071,12.5885,12.0995,12.0986,12.1758,11.7313,11.7312,11.9102,11.7896,11.7892,11.8037,11.3527,11.3524,11.3521,10.9686,10.9686,10.9713,10.8062,10.8062,10.8159,11.6679,11.668,11.7279,12.3406,12.3427,12.4872,11.6739,11.6738,11.7345,11.2994,11.2995,11.4628,11.9506,11.9536,11.9688,11.3197,11.3199,11.3201,10.9187,10.9187,10.9194,10.7678,10.7679,10.7738
model.layers.17.self_attn.o_proj.weight,linear,attn,17,4096x4096,16777216,29,2.5902,10.6374,12.7528,12.8172,12.8222,12.9629,13.0126,13.0155,12.7573,12.821,12.8258,12.4288,12.5076,12.5138,11.6512,11.6978,11.7011,11.4087,11.4218,11.4225,10.987,10.9897,10.9897,10.8287,10.8349,10.8363,12.0877,12.1247,12.1263,12.3556,12.4521,12.457,12.0904,12.1273,12.1291,11.7077,11.785,11.7909,11.7503,11.8267,11.8322,11.3134,11.324,11.3244,10.8834,10.8862,10.8862,10.7473,10.7533,10.7547,11.6517,11.6829,11.6837,12.2864,12.4033,12.4113,11.657,11.6868,11.6875,11.2802,11.3554,11.361,11.9126,11.9819,11.9895,11.2703,11.2777,11.2782,10.832,10.8339,10.8339,10.7081,10.7125,10.7136
model.layers.17.self_attn.q_proj.weight,linear,attn,17,4096x4096,16777216,26,2.6834,10.7164,12.7523,12.7533,12.9343,12.9767,12.9767,13.1383,12.7568,12.7578,12.9359,12.4441,12.445,12.7246,11.6704,11.6709,11.6937,11.4254,11.4251,11.4323,11.1451,11.1452,11.1493,10.9212,10.9213,10.9361,12.0923,12.0928,12.1738,12.3854,12.3863,12.593,12.0954,12.0959,12.1788,11.7232,11.7237,11.9714,11.7797,11.7805,11.8194,11.3349,11.3348,11.3386,11.0439,11.0439,11.0459,10.8416,10.8416,10.8512,11.6613,11.6613,11.7192,12.3194,12.3191,12.4893,11.6672,11.6672,11.724,11.293,11.2933,11.5287,11.9387,11.9386,11.98,11.2956,11.2955,11.2989,10.9923,10.9923,10.9942,10.8014,10.8014,10.8069
model.layers.17.self_attn.v_proj.weight,linear,attn,17,1024x4096,4194304,25,2.5973,10.6354,12.7909,12.7907,12.8323,12.9951,12.9953,13.0173,12.7943,12.7944,12.835,12.4873,12.487,12.529,11.6401,11.6398,11.6444,11.3953,11.3959,11.399,10.9966,10.9965,10.9972,10.8386,10.8385,10.8397,12.1055,12.1055,12.1225,12.4008,12.4043,12.4349,12.1086,12.1087,12.1254,11.7602,11.7601,11.7992,11.7522,11.7526,11.764,11.2976,11.2978,11.3003,10.8935,10.8935,10.8941,10.758,10.7579,10.7593,11.6659,11.6663,11.6741,12.3374,12.3387,12.3766,11.6716,11.6719,11.6783,11.3292,11.3299,11.3697,11.9221,11.9221,11.9375,11.2547,11.2548,11.2567,10.8417,10.8417,10.8422,10.7177,10.7176,10.7188
model.layers.18.mlp.down_proj.weight,linear,mlp,18,4096x14336,58720256,32,2.559,10.5957,12.7554,12.7554,12.772,12.9587,12.9589,12.9657,12.7615,12.7614,12.7777,12.4261,12.4262,12.4431,11.6623,11.6622,11.6645,11.3983,11.3984,11.4004,10.9349,10.9349,10.935,10.8114,10.8113,10.8134,12.0953,12.0956,12.1018,12.3861,12.3872,12.3953,12.0975,12.0978,12.1039,11.7183,11.7185,11.7339,11.7893,11.789,11.7927,11.3068,11.3069,11.308,10.8314,10.8314,10.8315,10.7316,10.7316,10.7337,11.6651,11.6652,11.6675,12.3505,12.3521,12.3611,11.669,11.6691,11.6713,11.2962,11.2963,11.3112,11.9547,11.955,11.9599,11.2627,11.2628,11.2635,10.7792,10.7792,10.7793,10.6937,10.6937,10.6956
model.layers.18.mlp.gate_proj.weight,linear,mlp,18,14336x4096,58720256,34,2.5825,10.6136,12.7359,12.7363,12.7764,12.9769,12.9771,13.0291,12.7413,12.7416,12.7807,12.4376,12.4377,12.5133,11.6112,11.6114,11.6161,11.3828,11.3828,11.385,10.9695,10.9695,10.9721,10.8337,10.8338,10.8388,12.0912,12.0913,12.1162,12.4053,12.4063,12.4772,12.0945,12.0946,12.1209,11.7227,11.7227,11.7874,11.7258,11.7256,11.7332,11.3006,11.3006,11.3013,10.8667,10.8667,10.8676,10.7516,10.7516,10.7555,11.6689,11.6689,11.6885,12.3461,12.3458,12.3955,11.6751,11.6752,11.6959,11.2915,11.2914,11.3464,11.9093,11.9086,11.9188,11.2666,11.2665,11.2672,10.8156,10.8156,10.816,10.714,10.714,10.7171
model.layers.18.mlp.up_proj.weight,linear,mlp,18,14336x4096,58720256,31,2.5538,10.5894,12.7566,12.7571,12.7635,12.9583,12.9587,12.9612,12.7625,12.763,12.7693,12.4264,12.4269,12.4327,11.6589,11.659,11.6594,11.3973,11.3974,11.3982,10.9267,10.9267,10.9268,10.8087,10.8088,10.8093,12.0955,12.0958,12.0987,12.3852,12.3866,12.3912,12.0977,12.098,12.1008,11.7186,11.719,11.7249,11.7864,11.7867,11.787,11.3065,11.3066,11.3071,10.8232,10.8232,10.8233,10.7292,10.7292,10.7297,11.6647,11.6649,11.6664,12.3506,12.3515,12.3571,11.6687,11.6689,11.6702,11.2964,11.2968,11.3027,11.9537,11.9547,11.955,11.263,11.2631,11.2633,10.771,10.771,10.771,10.6915,10.6915,10.692
model.layers.18.self_attn.k_proj.weight,linear,attn,18,1024x4096,4194304,26,2.6419,10.6773,12.7526,12.7533,12.8831,12.9931,12.993,13.0945,12.7569,12.7575,12.8866,12.4605,12.4609,12.6366,11.6585,11.6597,11.6682,11.4235,11.4235,11.4261,11.0726,11.0726,11.0769,10.8952,10.8955,10.9067,12.097,12.0967,12.1654,12.414,12.413,12.575,12.1005,12.1002,12.1715,11.7372,11.7368,11.9035,11.7756,11.7782,11.7938,11.3446,11.3439,11.3429,10.9696,10.9696,10.9722,10.8112,10.8114,10.8199,11.6689,11.669,11.7231,12.3376,12.3442,12.4797,11.6752,11.675,11.7303,11.3037,11.3036,11.4565,11.9431,11.9452,11.9628,11.3113,11.3112,11.311,10.9198,10.9199,10.9205,10.7733,10.7733,10.7785
model.layers.18.self_attn.o_proj.weight,linear,attn,18,4096x4096,16777216,31,2.5734,10.6211,12.7564,12.7926,12.7989,12.9565,12.9842,12.9887,12.761,12.7966,12.8028,12.4243,12.4676,12.4761,11.6206,11.6449,11.6501,11.3888,11.3958,11.397,10.9619,10.9634,10.9636,10.8143,10.818,10.8188,12.0874,12.1077,12.1105,12.3488,12.3983,12.4061,12.0898,12.11,12.1128,11.7044,11.7467,11.7543,11.7279,11.7669,11.7755,11.291,11.2973,11.2985,10.859,10.8603,10.8605,10.7343,10.738,10.7387,11.65,11.6657,11.6675,12.2842,12.3486,12.3586,11.6549,11.6696,11.6713,11.2795,11.3207,11.3281,11.9079,11.9443,11.953,11.2473,11.2526,11.2536,10.8075,10.8084,10.8085,10.696,10.6986,10.6993
model.layers.18.self_attn.q_proj.weight,linear,attn,18,4096x4096,16777216,27,2.6404,10.6771,12.7519,12.7523,12.8738,12.9781,12.9783,13.0825,12.7564,12.7567,12.8757,12.4459,12.4462,12.6307,11.637,11.6374,11.6493,11.4007,11.401,11.4055,11.0744,11.0745,11.0774,10.884,10.8843,10.8932,12.0925,12.0926,12.1451,12.3878,12.3874,12.513,12.0956,12.0958,12.1495,11.7243,11.7244,11.8841,11.7458,11.7474,11.7685,11.3092,11.3094,11.3114,10.9731,10.973,10.9743,10.8047,10.8048,10.8106,11.662,11.6621,11.6945,12.3198,12.3215,12.4254,11.668,11.668,11.7001,11.2938,11.2939,11.4447,11.9176,11.9188,11.9437,11.2705,11.2706,11.2723,10.9216,10.9216,10.9227,10.7652,10.7653,10.7684
model.layers.18.self_attn.v_proj.weight,linear,attn,18,1024x4096,4194304,26,2.602,10.6384,12.7939,12.7953,12.8267,13.0177,13.0172,13.0356,12.7971,12.7984,12.829,12.5087,12.5091,12.5465,11.6237,11.6246,11.6264,11.3882,11.3885,11.3906,11.0064,11.0064,11.0067,10.8487,10.8487,10.8496,12.1119,12.1119,12.1223,12.4331,12.4323,12.4451,12.1153,12.1154,12.1259,11.7762,11.7766,11.8069,11.7364,11.7376,11.7401,11.2938,11.2938,11.2945,10.9034,10.9036,10.9038,10.7685,10.7688,10.7696,11.6729,11.6727,11.6757,12.3555,12.357,12.3723,11.6785,11.6783,11.6809,11.3424,11.342,11.3733,11.9143,11.9167,11.9238,11.2532,11.2534,11.254,10.8518,10.8518,10.8522,10.7288,10.729,10.7298
model.layers.19.mlp.down_proj.weight,linear,mlp,19,4096x14336,58720256,34,2.558,10.5947,12.7545,12.7545,12.7706,12.957,12.9573,12.965,12.7605,12.7605,12.7763,12.424,12.4243,12.4411,11.6632,11.6631,11.665,11.398,11.398,11.4001,10.9334,10.9335,10.9335,10.8106,10.8106,10.8124,12.0945,12.0947,12.1009,12.3843,12.385,12.3932,12.0966,12.0968,12.103,11.7166,11.7167,11.7318,11.7903,11.7904,11.7933,11.3062,11.3061,11.3072,10.8299,10.83,10.83,10.7308,10.7309,10.7328,11.6644,11.6643,11.6668,12.3492,12.3489,12.3588,11.6682,11.6682,11.6705,11.2948,11.2947,11.3094,11.9565,11.9561,11.9607,11.2616,11.2616,11.2623,10.7778,10.7778,10.7778,10.693,10.693,10.6948
model.layers.19.mlp.gate_proj.weight,linear,mlp,19,14336x4096,58720256,31,2.5776,10.6092,12.7328,12.7328,12.7679,12.9775,12.9774,13.0242,12.7382,12.7383,12.7723,12.4367,12.4367,12.5037,11.6076,11.6073,11.6126,11.3799,11.3796,11.3821,10.9617,10.9617,10.9641,10.8279,10.828,10.8327,12.0904,12.0904,12.1119,12.407,12.4074,12.4691,12.0938,12.0938,12.1165,11.7219,11.722,11.7783,11.7214,11.7212,11.7291,11.2977,11.2977,11.2986,10.8587,10.8587,10.8596,10.7457,10.7457,10.7495,11.6695,11.6695,11.6858,12.3457,12.3463,12.388,11.6759,11.676,11.6933,11.2902,11.2901,11.3376,11.9052,11.9054,11.9146,11.2636,11.2636,11.2643,10.8076,10.8076,10.808,10.7081,10.7081,10.7112
model.layers.19.mlp.up_proj.weight,linear,mlp,19,14336x4096,58720256,32,2.5517,10.5878,12.7553,12.7554,12.7607,12.9561,12.9557,12.958,12.7613,12.7614,12.7666,12.4236,12.4231,12.428,11.6587,11.6587,11.6589,11.3962,11.396,11.3967,10.9234,10.9234,10.9235,10.8067,10.8067,10.807,12.0944,12.0944,12.0967,12.3814,12.381,12.3851,12.0964,12.0965,12.0988,11.7156,11.7155,11.7204,11.786,11.7863,11.7867,11.3046,11.3044,11.305,10.8199,10.8199,10.82,10.7273,10.7273,10.7277,11.6634,11.6633,11.6645,12.3455,12.3451,12.3504,11.6672,11.6672,11.6683,11.2939,11.2937,11.2987,11.9538,11.9532,11.9545,11.2603,11.2602,11.2604,10.7677,10.7677,10.7678,10.6896,10.6896,10.69
model.layers.19.self_attn.k_proj.weight,linear,attn,19,1024x4096,4194304,25,2.631,10.6666,12.7522,12.7511,12.8707,12.9891,12.9891,13.0807,12.7569,12.756,12.8743,12.4553,12.4552,12.6108,11.6642,11.6649,11.6725,11.4272,11.427,11.4303,11.0466,11.0466,11.0505,10.8765,10.8765,10.8872,12.098,12.0977,12.1603,12.4142,12.4142,12.5637,12.1013,12.101,12.1655,11.7349,11.7351,11.8818,11.7841,11.7856,11.8002,11.3486,11.3491,11.3484,10.9435,10.9436,10.9457,10.7933,10.7934,10.8015,11.6703,11.6701,11.7207,12.3475,12.3464,12.4812,11.6762,11.6761,11.7271,11.3028,11.3028,11.438,11.9491,11.9496,11.966,11.3165,11.3164,11.3165,10.8932,10.8932,10.8937,10.7548,10.7548,10.7601
model.layers.19.self_attn.o_proj.weight,linear,attn,19,4096x4096,16777216,29,2.5698,10.6207,12.7545,12.7904,12.7943,12.9581,12.9783,12.9814,12.7594,12.7946,12.7985,12.4257,12.4627,12.4674,11.6324,11.6437,11.6495,11.3896,11.3946,11.3957,10.955,10.9557,10.9559,10.8123,10.815,10.8162,12.0886,12.1056,12.108,12.3577,12.391,12.3983,12.0911,12.1078,12.1101,11.708,11.7434,11.7484,11.7434,11.7639,11.7736,11.2931,11.2967,11.2976,10.8518,10.8526,10.8527,10.7323,10.7351,10.7363,11.6535,11.6636,11.6658,12.2977,12.3424,12.3526,11.6584,11.6675,11.6697,11.2829,11.3185,11.3238,11.9134,11.9373,11.9496,11.2487,11.2515,11.2524,10.8,10.8006,10.8007,10.6938,10.6963,10.6973
model.layers.19.self_attn.q_proj.weight,linear,attn,19,4096x4096,16777216,28,2.6441,10.6811,12.7524,12.7512,12.8784,12.9773,12.9767,13.0896,12.7566,12.7557,12.8802,12.4439,12.4439,12.6393,11.6379,11.6374,11.6547,11.4034,11.4031,11.4091,11.0798,11.0798,11.0829,10.8854,10.8853,10.8961,12.0911,12.0907,12.1485,12.3822,12.3818,12.5232,12.0943,12.0938,12.1531,11.7212,11.7212,11.8917,11.7445,11.7439,11.7744,11.3124,11.3122,11.3151,10.9781,10.9781,10.9797,10.8056,10.8057,10.813,11.6596,11.6595,11.6979,12.3102,12.3128,12.4351,11.6656,11.6654,11.7034,11.2909,11.291,11.4516,11.9145,11.9144,11.95,11.2734,11.2734,11.2761,10.9267,10.9267,10.9281,10.7663,10.7662,10.7706
model.layers.19.self_attn.v_proj.weight,linear,attn,19,1024x4096,4194304,25,2.6039,10.6391,12.783,12.7843,12.8366,13.0052,13.0052,13.0312,12.7867,12.7878,12.8389,12.4902,12.491,12.5462,11.6408,11.6414,11.6437,11.3953,11.3956,11.3987,11.0051,11.0051,11.0057,10.8458,10.8458,10.8463,12.1077,12.1081,12.1258,12.4249,12.4253,12.4504,12.1112,12.1115,12.129,11.7628,11.7633,11.8112,11.7592,11.7586,11.7621,11.3001,11.3001,11.3015,10.902,10.902,10.9025,10.7653,10.7652,10.7656,11.6717,11.6721,11.6784,12.3612,12.3608,12.3894,11.6773,11.6776,11.6829,11.3306,11.3307,11.3797,11.9334,11.93,11.9386,11.2584,11.2582,11.2593,10.8501,10.8501,10.8506,10.7249,10.7246,10.7256
model.layers.20.mlp.gate_proj.weight,linear,mlp,20,14336x4096,58720256,31,2.5739,10.6056,12.73,12.7301,12.7615,12.978,12.9779,13.0195,12.7357,12.7358,12.766,12.4362,12.4361,12.4959,11.6054,11.6057,11.6098,11.378,11.3781,11.3802,10.9561,10.9561,10.9583,10.8243,10.8243,10.8287,12.0901,12.09,12.1089,12.4107,12.4099,12.4633,12.0936,12.0935,12.1135,11.722,11.7217,11.7715,11.7191,11.7195,11.725,11.2962,11.2961,11.2968,10.853,10.853,10.8538,10.7421,10.7422,10.7456,11.6705,11.6704,11.6842,12.3489,12.349,12.3835,11.677,11.677,11.6918,11.2897,11.2896,11.3314,11.9045,11.9043,11.9118,11.2622,11.2622,11.2626,10.8019,10.8019,10.8022,10.7046,10.7046,10.7075
model.layers.20.self_attn.k_proj.weight,linear,attn,20,1024x4096,4194304,24,2.6375,10.6758,12.7604,12.7605,12.8819,12.9986,12.9999,13.0907,12.765,12.7649,12.8853,12.4675,12.4666,12.6239,11.6757,11.6758,11.6851,11.4357,11.4368,11.4392,11.0556,11.0556,11.0591,10.8787,10.8786,10.8892,12.1028,12.1038,12.1662,12.4294,12.4294,12.5806,12.1063,12.1071,12.1712,11.7455,11.7459,11.8942,11.7955,11.7966,11.8129,11.3585,11.3582,11.3582,10.9523,10.9524,10.9543,10.7951,10.795,10.8035,11.6755,11.6755,11.7253,12.3629,12.3608,12.4951,11.6815,11.6815,11.7312,11.3123,11.3123,11.4499,11.9556,11.9554,11.977,11.3261,11.326,11.3267,10.9016,10.9017,10.9022,10.7558,10.7558,10.7614
model.layers.20.self_attn.o_proj.weight,linear,attn,20,4096x4096,16777216,30,2.5692,10.6186,12.7532,12.7896,12.7929,12.9576,12.9788,12.9821,12.7581,12.7936,12.7969,12.4234,12.4615,12.466,11.622,11.6377,11.6448,11.3854,11.3926,11.3938,10.9555,10.9563,10.9566,10.8106,10.8138,10.815,12.0876,12.1045,12.1075,12.3519,12.3859,12.3979,12.0901,12.1068,12.1097,11.7046,11.7402,11.7461,11.7337,11.7567,11.7691,11.2883,11.294,11.2954,10.8524,10.8532,10.8535,10.7308,10.7339,10.7351,11.6516,11.6621,11.6651,12.2903,12.3318,12.3518,11.6567,11.6661,11.6689,11.2796,11.3149,11.3211,11.9127,11.9342,11.9486,11.2439,11.2489,11.2506,10.8008,10.8014,10.8015,10.6924,10.6951,10.6961
model.layers.20.self_attn.q_proj.weight,linear,attn,20,4096x4096,16777216,27,2.6569,10.6945,12.7504,12.75,12.8962,12.9765,12.9761,13.1043,12.755,12.7548,12.898,12.4431,12.443,12.6672,11.6468,11.6465,11.6613,11.4087,11.4084,11.4139,11.0983,11.0983,11.1016,10.8959,10.8958,10.9082,12.0924,12.092,12.1559,12.3876,12.3878,12.544,12.0955,12.0951,12.1609,11.7228,11.7226,11.9172,11.7575,11.7575,11.7829,11.3185,11.3186,11.3205,10.9969,10.9969,10.9983,10.8165,10.8164,10.8244,11.6623,11.662,11.7038,12.3235,12.3217,12.4489,11.6681,11.6679,11.7093,11.2927,11.2926,11.476,11.926,11.9237,11.9545,11.2799,11.2796,11.2819,10.9455,10.9454,10.9467,10.7771,10.777,10.7814
model.layers.20.self_attn.v_proj.weight,linear,attn,20,1024x4096,4194304,26,2.6001,10.6389,12.7953,12.7948,12.8364,13.0041,13.0029,13.0234,12.799,12.7979,12.839,12.4943,12.4939,12.5363,11.6547,11.656,11.6661,11.4051,11.4054,11.4087,11.0006,11.0006,11.0015,10.8408,10.8408,10.8431,12.11,12.1092,12.1274,12.4168,12.4157,12.4535,12.113,12.1122,12.1302,11.7661,11.7657,11.8065,11.7659,11.7687,11.7914,11.3073,11.3073,11.3099,10.8973,10.8973,10.8983,10.7594,10.7594,10.7617,11.6692,11.669,11.6805,12.3487,12.3502,12.4016,11.6745,11.6741,11.6846,11.3345,11.3343,11.3763,11.929,11.9317,11.9597,11.2633,11.2638,11.2662,10.8455,10.8454,10.8463,10.7188,10.7188,10.7211
model.layers.9.mlp.down_proj.weight,linear,mlp,9,4096x14336,58720256,33,2.578,10.619,12.7658,12.7659,12.8025,12.9694,12.9696,12.9881,12.7715,12.7715,12.8071,12.4414,12.4413,12.4835,11.6763,11.6758,11.6826,11.406,11.4059,11.4106,10.9661,10.9662,10.9663,10.8243,10.8243,10.8298,12.1009,12.1009,12.1141,12.3998,12.4002,12.4211,12.1032,12.1032,12.1164,11.7307,11.7307,11.7687,11.8023,11.8021,11.8125,11.3125,11.3125,11.3147,10.8627,10.8627,10.8628,10.7441,10.7441,10.7493,11.6686,11.6687,11.6743,12.3594,12.3584,12.3822,11.6726,11.6727,11.6781,11.3068,11.3068,11.3436,11.9634,11.9626,11.9743,11.2675,11.2675,11.2688,10.8105,10.8105,10.8106,10.7056,10.7055,10.7098
model.layers.9.mlp.gate_proj.weight,linear,mlp,9,14336x4096,58720256,31,2.5977,10.627,12.7452,12.7453,12.8057,12.9836,12.9835,13.0445,12.7503,12.7503,12.8099,12.4482,12.4482,12.5449,11.6229,11.6231,11.6279,11.393,11.393,11.395,10.9983,10.9983,11.0008,10.8553,10.8553,10.8607,12.0947,12.0946,12.1299,12.41,12.4093,12.5002,12.098,12.098,12.1351,11.7302,11.7301,11.8174,11.7389,11.7391,11.7472,11.3114,11.3114,11.3113,10.8954,10.8953,10.8961,10.7727,10.7727,10.7765,11.6694,11.6694,11.6975,12.3452,12.3445,12.4171,11.6756,11.6756,11.7051,11.2981,11.298,11.3749,11.9181,11.918,11.9291,11.2776,11.2776,11.2778,10.8442,10.8442,10.8445,10.7347,10.7347,10.7376
model.layers.9.mlp.up_proj.weight,linear,mlp,9,14336x4096,58720256,31,2.5611,10.6005,12.7675,12.7672,12.7768,12.9655,12.9649,12.9696,12.7729,12.7728,12.7821,12.4388,12.4387,12.448,11.6686,11.6686,11.6693,11.4014,11.4011,11.4024,10.9374,10.9374,10.9376,10.8129,10.8129,10.8137,12.0993,12.0991,12.1037,12.39,12.3889,12.3993,12.1014,12.1013,12.1059,11.7277,11.7276,11.7371,11.7971,11.7975,11.7989,11.308,11.308,11.3087,10.8339,10.8339,10.8341,10.7331,10.7331,10.7339,11.6655,11.6654,11.6682,12.3498,12.3488,12.3636,11.6694,11.6693,11.6719,11.3045,11.3043,11.3138,11.9633,11.9635,11.9657,11.2631,11.2632,11.2635,10.7818,10.7818,10.7819,10.6949,10.695,10.6957
model.layers.9.self_attn.k_proj.weight,linear,attn,9,1024x4096,4194304,26,2.6705,10.7124,12.7559,12.7566,12.9272,12.9848,12.9842,13.1352,12.7603,12.7608,12.9301,12.4539,12.454,12.7012,11.6755,11.6749,11.6865,11.4395,11.4395,11.4422,11.1136,11.1135,11.12,10.9101,10.91,10.9257,12.0952,12.0947,12.1854,12.3961,12.3962,12.6244,12.0985,12.0981,12.192,11.7302,11.7299,11.9596,11.7931,11.7908,11.8154,11.3606,11.3601,11.3594,11.0118,11.0117,11.0155,10.8261,10.8258,10.8373,11.6638,11.6641,11.7392,12.329,12.3275,12.5073,11.6698,11.67,11.7462,11.2993,11.2988,11.5086,11.9519,11.9516,11.9776,11.3271,11.3271,11.3274,10.9629,10.9629,10.9638,10.7878,10.7879,10.7943
model.layers.9.self_attn.o_proj.weight,linear,attn,9,4096x4096,16777216,28,2.6164,10.6544,12.7483,12.8217,12.8574,12.9684,13.0247,13.0459,12.7528,12.8253,12.8602,12.4334,12.5222,12.5699,11.6657,11.7026,11.7092,11.4191,11.4278,11.4299,11.0274,11.0299,11.0301,10.8502,10.8564,10.8601,12.0878,12.1289,12.1406,12.3672,12.4696,12.4946,12.0907,12.1319,12.1436,11.7114,11.7976,11.8403,11.7655,11.8311,11.8399,11.323,11.331,11.3316,10.924,10.9264,10.9266,10.7685,10.7747,10.7774,11.6552,11.688,11.6942,12.2964,12.415,12.4406,11.661,11.6921,11.6979,11.2824,11.3663,11.4078,11.9199,11.9832,11.9946,11.2793,11.2854,11.2861,10.8725,10.8742,10.8744,10.7285,10.7334,10.7351
model.layers.9.self_attn.q_proj.weight,linear,attn,9,4096x4096,16777216,28,2.6641,10.7012,12.7576,12.758,12.9043,12.9803,12.9806,13.122,12.7622,12.7626,12.9061,12.4508,12.451,12.6839,11.6547,11.6555,11.6818,11.4155,11.4158,11.4247,11.1044,11.1044,11.1083,10.9015,10.9016,10.914,12.0953,12.0954,12.1651,12.392,12.3929,12.5757,12.0984,12.0985,12.1699,11.7299,11.7298,11.9336,11.7651,11.7668,11.8073,11.3267,11.3268,11.3323,11.0027,11.0027,11.0048,10.8212,10.8212,10.8296,11.6639,11.6639,11.714,12.3275,12.3309,12.4764,11.6698,11.6698,11.7191,11.2998,11.3,11.4912,11.9314,11.9334,11.9714,11.2888,11.2889,11.2931,10.9514,10.9514,10.9531,10.7815,10.7816,10.7862
model.layers.9.self_attn.v_proj.weight,linear,attn,9,1024x4096,4194304,27,2.6451,10.676,12.7901,12.7903,12.8879,13.0099,13.0108,13.1024,12.7934,12.7935,12.8898,12.5053,12.5064,12.6401,11.664,11.6646,11.7217,11.4273,11.4272,11.4402,11.0721,11.0721,11.076,10.8822,10.8821,10.8903,12.1073,12.1069,12.1609,12.4132,12.4133,12.5652,12.1115,12.111,12.1647,11.7717,11.7716,11.8981,11.7561,11.7577,11.8508,11.3327,11.3328,11.3442,10.9685,10.9686,10.9724,10.7991,10.799,10.8068,11.668,11.6677,11.713,12.3359,12.331,12.485,11.6749,11.6747,11.7171,11.3362,11.3354,11.4579,11.9186,11.917,11.9984,11.2929,11.2927,11.3009,10.9176,10.9175,10.9203,10.758,10.7578,10.7634
model.layers.20.mlp.down_proj.weight,linear,mlp,20,4096x14336,58720256,31,2.5562,10.5923,12.7535,12.7534,12.7677,12.9565,12.9561,12.9627,12.7596,12.7594,12.7734,12.423,12.4227,12.4375,11.6604,11.6604,11.6619,11.3972,11.3971,11.3989,10.9308,10.9309,10.931,10.8097,10.8097,10.8114,12.0945,12.0941,12.0997,12.3845,12.3836,12.3913,12.0965,12.0962,12.1018,11.7155,11.7155,11.7289,11.7876,11.7873,11.7898,11.306,11.3059,11.3068,10.8273,10.8273,10.8274,10.73,10.73,10.7318,11.6643,11.6643,11.6664,12.3497,12.35,12.3575,11.6682,11.6681,11.6702,11.2936,11.2936,11.3068,11.9544,11.9543,11.9574,11.262,11.262,11.2624,10.7752,10.7752,10.7752,10.6922,10.6922,10.6938
model.layers.20.mlp.up_proj.weight,linear,mlp,20,14336x4096,58720256,29,2.5507,10.586,12.7541,12.7541,12.7586,12.9551,12.9547,12.9566,12.7602,12.7602,12.7646,12.4219,12.4217,12.426,11.6569,11.6567,11.657,11.3955,11.3955,11.396,10.9222,10.9222,10.9223,10.8064,10.8064,10.8067,12.094,12.0938,12.096,12.3805,12.3806,12.3834,12.0961,12.0958,12.098,11.7148,11.7146,11.719,11.7838,11.7836,11.7844,11.3044,11.3045,11.3048,10.8187,10.8187,10.8188,10.727,10.727,10.7273,11.6634,11.6632,11.6645,12.3463,12.3447,12.3509,11.6673,11.6671,11.6683,11.2932,11.293,11.2975,11.9516,11.9517,11.9527,11.2605,11.2605,11.2608,10.7665,10.7665,10.7666,10.6894,10.6894,10.6897
model.layers.21.mlp.down_proj.weight,linear,mlp,21,4096x14336,58720256,32,2.5573,10.5928,12.7537,12.7536,12.7691,12.9573,12.9573,12.9645,12.7598,12.7597,12.7748,12.424,12.424,12.44,11.6601,11.6598,11.6612,11.3975,11.3976,11.3994,10.9327,10.9327,10.9328,10.8108,10.8109,10.8127,12.095,12.0949,12.1008,12.3869,12.3867,12.3942,12.0971,12.097,12.1029,11.7172,11.7171,11.7314,11.7876,11.7872,11.7894,11.3069,11.3069,11.3077,10.8292,10.8291,10.8292,10.7312,10.7312,10.7331,11.6653,11.6652,11.6674,12.3529,12.3527,12.3602,11.6692,11.6691,11.6713,11.2954,11.2952,11.3089,11.9545,11.9543,11.9572,11.2633,11.2632,11.2637,10.777,10.777,10.777,10.6933,10.6933,10.6951
model.layers.21.mlp.gate_proj.weight,linear,mlp,21,14336x4096,58720256,33,2.5731,10.6054,12.7293,12.7294,12.7597,12.9798,12.9798,13.0192,12.7349,12.735,12.7641,12.438,12.4379,12.4946,11.6042,11.6042,11.6093,11.3768,11.377,11.3793,10.9551,10.9551,10.9572,10.8226,10.8228,10.8272,12.0901,12.0903,12.1076,12.4132,12.4132,12.4619,12.0937,12.0938,12.1122,11.7233,11.7233,11.7697,11.7181,11.7174,11.7252,11.2948,11.2948,11.2958,10.852,10.852,10.8528,10.7404,10.7404,10.7442,11.6711,11.671,11.6832,12.35,12.3496,12.3816,11.6778,11.6778,11.6906,11.2904,11.2902,11.3296,11.9033,11.9029,11.9119,11.2607,11.2607,11.2614,10.8008,10.8008,10.8012,10.7028,10.7028,10.706
model.layers.21.mlp.up_proj.weight,linear,mlp,21,14336x4096,58720256,31,2.5513,10.5862,12.7536,12.7535,12.7591,12.9558,12.9557,12.9578,12.7597,12.7596,12.7652,12.4225,12.4221,12.4274,11.6565,11.6561,11.6566,11.3959,11.3958,11.3964,10.9232,10.9232,10.9233,10.8072,10.8072,10.8076,12.0944,12.0943,12.0967,12.3838,12.3835,12.3869,12.0965,12.0964,12.0987,11.7157,11.7155,11.7203,11.7838,11.7836,11.7839,11.3054,11.3055,11.3057,10.8197,10.8197,10.8197,10.7278,10.7278,10.7282,11.6643,11.6643,11.6655,12.349,12.349,12.3543,11.6682,11.6682,11.6692,11.2938,11.2937,11.2986,11.9521,11.9521,11.9531,11.2621,11.2621,11.2623,10.7675,10.7675,10.7675,10.6901,10.6901,10.6905
model.layers.21.self_attn.k_proj.weight,linear,attn,21,1024x4096,4194304,25,2.6174,10.6518,12.7543,12.7545,12.8508,12.9891,12.9887,13.0635,12.7589,12.759,12.8544,12.4567,12.4564,12.5802,11.6633,11.664,11.6703,11.4238,11.4244,11.4274,11.0248,11.0249,11.0281,10.8663,10.8664,10.8747,12.0981,12.0977,12.152,12.4133,12.4114,12.5472,12.1014,12.1011,12.1566,11.7358,11.7354,11.8563,11.7856,11.7853,11.7987,11.3458,11.3461,11.3457,10.9215,10.9216,10.9233,10.7836,10.7835,10.7901,11.6697,11.6693,11.7147,12.3509,12.3469,12.4735,11.6754,11.6751,11.7206,11.3043,11.3037,11.4143,11.952,11.9495,11.9692,11.3135,11.3135,11.3144,10.8708,10.8708,10.8712,10.7451,10.7452,10.7494
model.layers.21.self_attn.o_proj.weight,linear,attn,21,4096x4096,16777216,29,2.5788,10.629,12.7511,12.8018,12.8055,12.9579,12.989,12.9914,12.7562,12.8061,12.8095,12.4236,12.4806,12.4849,11.6478,11.6606,11.6675,11.3948,11.4024,11.4041,10.9689,10.9695,10.9698,10.8191,10.8242,10.8253,12.089,12.1118,12.114,12.3639,12.4085,12.4166,12.0915,12.1141,12.1162,11.7084,11.7609,11.7651,11.7641,11.7845,11.7952,11.2991,11.3044,11.3061,10.8656,10.8663,10.8665,10.7387,10.7438,10.7448,11.6562,11.6699,11.6714,12.3098,12.3603,12.3744,11.661,11.6737,11.6751,11.2838,11.3355,11.3401,11.9345,11.9579,11.9672,11.2545,11.259,11.2604,10.8137,10.8143,10.8144,10.7,10.7045,10.7053
model.layers.21.self_attn.q_proj.weight,linear,attn,21,4096x4096,16777216,27,2.6264,10.6654,12.7513,12.7513,12.8519,12.9771,12.9766,13.0683,12.7557,12.7557,12.8539,12.4443,12.4442,12.6025,11.6224,11.6222,11.633,11.3921,11.392,11.3966,11.0483,11.0483,11.0508,10.8688,10.8688,10.8773,12.0915,12.0915,12.136,12.3836,12.3829,12.4897,12.0945,12.0947,12.1406,11.7223,11.7219,11.8569,11.7304,11.7307,11.7487,11.3014,11.3016,11.3031,10.9466,10.9466,10.9476,10.7891,10.7891,10.7948,11.6604,11.6603,11.6882,12.3145,12.3151,12.4019,11.6663,11.6663,11.6943,11.2917,11.2917,11.4175,11.9074,11.9086,11.9283,11.2632,11.2633,11.2646,10.8951,10.8951,10.8961,10.7498,10.7499,10.7534
model.layers.21.self_attn.v_proj.weight,linear,attn,21,1024x4096,4194304,25,2.5971,10.6401,12.7941,12.7953,12.8322,13.0001,12.9997,13.019,12.7979,12.7992,12.8353,12.4903,12.4902,12.5267,11.6721,11.672,11.6817,11.4113,11.4115,11.4148,11.0007,11.0008,11.0015,10.84,10.8403,10.8424,12.111,12.1107,12.128,12.4208,12.4181,12.4559,12.114,12.1138,12.1307,11.7653,11.7654,11.8023,11.789,11.7892,11.8106,11.3136,11.3135,11.3164,10.8974,10.8974,10.8982,10.7585,10.7586,10.7607,11.6718,11.6719,11.6823,12.3535,12.3586,12.4056,11.6771,11.6771,11.6862,11.3341,11.3345,11.3724,11.9487,11.9507,11.9747,11.2684,11.2684,11.2712,10.8454,10.8455,10.8461,10.7176,10.7178,10.7197
model.layers.22.mlp.down_proj.weight,linear,mlp,22,4096x14336,58720256,32,2.5572,10.5919,12.75,12.75,12.7679,12.9556,12.9555,12.9644,12.7563,12.7563,12.7737,12.4203,12.4204,12.4395,11.6586,11.6585,11.6605,11.3973,11.3973,11.3996,10.9327,10.9327,10.9328,10.811,10.8111,10.8133,12.0936,12.0937,12.1007,12.3853,12.3856,12.3962,12.0957,12.0958,12.1028,11.714,11.7142,11.7316,11.785,11.7851,11.7875,11.3075,11.3075,11.3085,10.8292,10.8292,10.8293,10.7313,10.7314,10.7336,11.6651,11.6651,11.668,12.3526,12.3517,12.3625,11.6691,11.669,11.6718,11.2922,11.2923,11.3091,11.9519,11.9522,11.9547,11.2645,11.2645,11.265,10.777,10.777,10.777,10.6936,10.6936,10.6956
model.layers.22.mlp.gate_proj.weight,linear,mlp,22,14336x4096,58720256,31,2.5674,10.6001,12.7251,12.7251,12.7506,12.9794,12.9794,13.0124,12.7307,12.7307,12.7551,12.4357,12.4356,12.4832,11.5998,11.5996,11.6028,11.3736,11.3736,11.3755,10.9468,10.9468,10.9486,10.8172,10.8172,10.8212,12.0885,12.0885,12.1029,12.4132,12.4131,12.4501,12.0922,12.0921,12.1074,11.7211,11.7209,11.7591,11.7125,11.7123,11.7167,11.2917,11.2917,11.2922,10.8435,10.8435,10.8441,10.735,10.7349,10.7382,11.6708,11.6708,11.68,12.3472,12.3485,12.3707,11.6777,11.6777,11.6876,11.2875,11.2875,11.3195,11.8984,11.8992,11.904,11.2575,11.2577,11.2579,10.7923,10.7923,10.7926,10.6975,10.6975,10.7002
model.layers.22.mlp.up_proj.weight,linear,mlp,22,14336x4096,58720256,32,2.549,10.5832,12.7514,12.7515,12.755,12.954,12.9538,12.9553,12.7576,12.7577,12.7611,12.4196,12.4195,12.4227,11.6542,11.654,11.6544,11.3948,11.3949,11.3955,10.9201,10.9201,10.9202,10.8059,10.8058,10.8061,12.0934,12.0933,12.095,12.3816,12.3815,12.3846,12.0955,12.0954,12.097,11.7133,11.7132,11.7166,11.7815,11.7805,11.7814,11.3049,11.3049,11.3053,10.8165,10.8165,10.8166,10.7265,10.7264,10.7267,11.6639,11.6638,11.6649,12.3483,12.3465,12.3519,11.6677,11.6676,11.6686,11.2918,11.2916,11.2951,11.9505,11.9493,11.9502,11.2618,11.2617,11.262,10.7643,10.7643,10.7644,10.689,10.6889,10.6892
model.layers.22.self_attn.k_proj.weight,linear,attn,22,1024x4096,4194304,27,2.629,10.6673,12.7562,12.7551,12.8709,12.9981,12.9972,13.0751,12.7605,12.7595,12.8746,12.4644,12.4637,12.6032,11.6738,11.6737,11.6825,11.4341,11.4344,11.4376,11.0429,11.0429,11.0454,10.8713,10.8711,10.8802,12.1004,12.1004,12.1594,12.4285,12.4274,12.5605,12.1039,12.1038,12.1641,11.7426,11.7425,11.8765,11.7946,11.7948,11.8115,11.3565,11.357,11.3568,10.9392,10.9392,10.9408,10.7877,10.7875,10.795,11.6738,11.6745,11.7198,12.3611,12.3575,12.4868,11.68,11.6805,11.7254,11.3089,11.3091,11.4353,11.9574,11.9557,11.9761,11.3246,11.3244,11.3253,10.8882,10.8882,10.8886,10.7484,10.7482,10.7533
model.layers.22.self_attn.o_proj.weight,linear,attn,22,4096x4096,16777216,30,2.5615,10.6062,12.753,12.7736,12.7804,12.9521,12.966,12.9687,12.7584,12.7789,12.7854,12.4189,12.4417,12.4485,11.6457,11.6549,11.6581,11.3924,11.3959,11.397,10.938,10.9385,10.9387,10.8079,10.8095,10.811,12.0889,12.1,12.1028,12.3589,12.3845,12.3886,12.0911,12.1021,12.1049,11.7058,11.7282,11.7348,11.7638,11.7795,11.7849,11.2974,11.3001,11.3008,10.8347,10.8353,10.8354,10.7284,10.7299,10.7314,11.6549,11.6632,11.6641,12.3109,12.3424,12.3489,11.6592,11.667,11.6679,11.2831,11.3055,11.3118,11.931,11.9489,11.9562,11.2523,11.2543,11.255,10.7828,10.7833,10.7833,10.6905,10.692,10.6932
model.layers.22.self_attn.q_proj.weight,linear,attn,22,4096x4096,16777216,27,2.6257,10.6621,12.7562,12.7566,12.8502,12.9783,12.9782,13.0656,12.7603,12.7606,12.8523,12.448,12.4478,12.6021,11.616,11.6166,11.6232,11.3896,11.3898,11.3922,11.0458,11.0457,11.0477,10.8687,10.8686,10.8757,12.0923,12.0922,12.1344,12.3799,12.3784,12.4841,12.0955,12.0953,12.1394,11.7237,11.7234,11.8563,11.7254,11.7254,11.7359,11.2993,11.2994,11.2994,10.9439,10.9439,10.9444,10.7885,10.7885,10.7928,11.6592,11.6588,11.6863,12.3107,12.3081,12.3925,11.665,11.6648,11.6931,11.2938,11.2934,11.416,11.9048,11.9038,11.9205,11.2617,11.2616,11.2621,10.8926,10.8926,10.8931,10.7493,10.7492,10.7515
model.layers.22.self_attn.v_proj.weight,linear,attn,22,1024x4096,4194304,24,2.5884,10.6332,12.8013,12.7996,12.8174,12.9988,12.9979,13.0068,12.8055,12.8041,12.8217,12.4908,12.4894,12.5076,11.6937,11.6931,11.6927,11.4173,11.4168,11.4186,10.98,10.9799,10.9803,10.8368,10.8366,10.8374,12.1154,12.1156,12.124,12.4319,12.4312,12.4514,12.1181,12.1184,12.1267,11.7709,11.7712,11.7892,11.8237,11.8234,11.8235,11.3226,11.3226,11.3237,10.8764,10.8763,10.8766,10.7558,10.7556,10.7566,11.6771,11.6771,11.6831,12.3849,12.3833,12.4118,11.6815,11.6815,11.6869,11.3421,11.3424,11.3606,11.9844,11.982,11.9844,11.2786,11.2785,11.2793,10.8242,10.8243,10.8244,10.7159,10.716,10.7166
model.layers.23.mlp.down_proj.weight,linear,mlp,23,4096x14336,58720256,32,2.5572,10.5911,12.7472,12.7472,12.7673,12.9544,12.9545,12.9646,12.7535,12.7536,12.7732,12.4182,12.4183,12.4399,11.657,11.6571,11.6591,11.3969,11.3969,11.3994,10.9331,10.9331,10.9332,10.8115,10.8115,10.8139,12.0928,12.0928,12.1007,12.3852,12.3855,12.3968,12.0949,12.0949,12.1028,11.7127,11.7127,11.732,11.7832,11.7836,11.7867,11.3079,11.3078,11.3092,10.8295,10.8295,10.8296,10.7317,10.7317,10.7341,11.6652,11.6651,11.6685,12.3522,12.3523,12.364,11.6692,11.6691,11.6723,11.2907,11.2907,11.3096,11.9498,11.9514,11.9545,11.2654,11.2655,11.2661,10.7773,10.7773,10.7774,10.694,10.694,10.6962
model.layers.23.mlp.gate_proj.weight,linear,mlp,23,14336x4096,58720256,30,2.5661,10.599,12.7247,12.7246,12.7486,12.9806,12.9804,13.0111,12.7303,12.7302,12.7531,12.4366,12.4367,12.481,11.5995,11.599,11.6018,11.373,11.3729,11.3748,10.9451,10.9451,10.9468,10.816,10.8159,10.8198,12.0888,12.0888,12.1019,12.4158,12.4147,12.449,12.0926,12.0925,12.1064,11.7223,11.7223,11.7571,11.7119,11.7118,11.7158,11.2911,11.2911,11.2917,10.8418,10.8418,10.8424,10.7337,10.7337,10.7368,11.6716,11.6714,11.6794,12.3496,12.3485,12.3694,11.6786,11.6785,11.687,11.2882,11.288,11.3175,11.898,11.8982,11.9034,11.2571,11.2571,11.2577,10.7906,10.7906,10.7909,10.6961,10.6961,10.6988
model.layers.23.mlp.up_proj.weight,linear,mlp,23,14336x4096,58720256,29,2.5487,10.5824,12.7509,12.7511,12.7539,12.9538,12.9543,12.9553,12.7571,12.7574,12.7601,12.4192,12.4195,12.4221,11.6532,11.653,11.6533,11.3948,11.3949,11.3952,10.92,10.92,10.92,10.8061,10.8062,10.8064,12.0936,12.0937,12.0948,12.383,12.3836,12.385,12.0956,12.0958,12.0968,11.7136,11.7136,11.7161,11.7804,11.7799,11.7805,11.3055,11.3056,11.3058,10.8164,10.8164,10.8164,10.7267,10.7268,10.727,11.6644,11.6644,11.6651,12.3505,12.3503,12.3532,11.6683,11.6683,11.6689,11.2921,11.2921,11.2948,11.9493,11.9497,11.9507,11.2627,11.2628,11.2629,10.7641,10.7641,10.7642,10.6893,10.6893,10.6896
model.layers.23.self_attn.k_proj.weight,linear,attn,23,1024x4096,4194304,27,2.6196,10.6574,12.7599,12.7596,12.8554,13.0011,13.0001,13.0626,12.7644,12.7643,12.8592,12.4688,12.468,12.5811,11.673,11.6733,11.6795,11.4319,11.4316,11.4351,11.0278,11.0277,11.0298,10.8633,10.8635,10.871,12.1046,12.1043,12.1524,12.4391,12.4368,12.5417,12.1078,12.1077,12.1567,11.749,11.7483,11.8576,11.7957,11.7967,11.808,11.3548,11.3544,11.3542,10.924,10.9239,10.9252,10.7805,10.7805,10.7866,11.6775,11.6779,11.7143,12.3732,12.3728,12.4741,11.6832,11.6838,11.7198,11.3154,11.3155,11.4178,11.9596,11.9582,11.9743,11.3229,11.3223,11.3227,10.8727,10.8726,10.8729,10.7409,10.7411,10.7455
model.layers.23.self_attn.o_proj.weight,linear,attn,23,4096x4096,16777216,30,2.5563,10.5965,12.7501,12.7628,12.7706,12.9505,12.9576,12.9618,12.7559,12.7686,12.7762,12.4153,12.4288,12.4373,11.6575,11.6617,11.6659,11.3954,11.3969,11.3984,10.9302,10.9304,10.9305,10.8067,10.8076,10.809,12.0894,12.0963,12.0996,12.365,12.3783,12.3851,12.0915,12.0983,12.1016,11.7055,11.7192,11.7271,11.7801,11.7886,11.7952,11.3015,11.3024,11.3036,10.8268,10.8271,10.8272,10.7272,10.7282,10.7297,11.6575,11.6621,11.6636,12.3218,12.3421,12.3474,11.6617,11.6658,11.6672,11.2835,11.2973,11.3049,11.9431,11.9552,11.9626,11.2554,11.2565,11.2572,10.7747,10.775,10.775,10.6895,10.6904,10.6917
model.layers.23.self_attn.q_proj.weight,linear,attn,23,4096x4096,16777216,30,2.6325,10.6688,12.7557,12.755,12.8609,12.9833,12.9817,13.0747,12.7597,12.7589,12.863,12.4512,12.4503,12.618,11.618,11.6181,11.6262,11.3924,11.3921,11.395,11.0589,11.0589,11.0608,10.8726,10.8727,10.8823,12.0933,12.0927,12.1391,12.3862,12.3846,12.4944,12.0965,12.096,12.1442,11.7258,11.7252,11.8697,11.726,11.726,11.7407,11.3024,11.3024,11.3024,10.957,10.9569,10.9574,10.7929,10.7928,10.7987,11.6605,11.6602,11.6894,12.312,12.3113,12.3993,11.6666,11.6664,11.6962,11.2944,11.294,11.4283,11.9044,11.9032,11.9243,11.2644,11.2644,11.2652,10.9056,10.9056,10.906,10.7538,10.7537,10.757
model.layers.23.self_attn.v_proj.weight,linear,attn,23,1024x4096,4194304,26,2.581,10.6156,12.791,12.7913,12.8016,12.9946,12.9961,13.0029,12.7957,12.7964,12.8063,12.4812,12.4819,12.4936,11.6717,11.6736,11.6734,11.4141,11.4143,11.4165,10.969,10.969,10.9694,10.8367,10.8366,10.8374,12.1139,12.1143,12.1215,12.4376,12.4388,12.4558,12.1168,12.1171,12.1242,11.7671,11.7673,11.7802,11.8008,11.8044,11.8007,11.328,11.3284,11.3294,10.8649,10.865,10.8654,10.7555,10.7558,10.7563,11.6798,11.6804,11.6869,12.3932,12.3961,12.4188,11.6844,11.6847,11.691,11.3386,11.3386,11.3518,11.9675,11.9701,11.9681,11.2902,11.2908,11.291,10.8128,10.8129,10.813,10.7166,10.7166,10.7169
model.layers.24.mlp.down_proj.weight,linear,mlp,24,4096x14336,58720256,33,2.5567,10.59,12.7459,12.7458,12.7657,12.9546,12.9544,12.9645,12.7523,12.7522,12.7716,12.4174,12.4175,12.439,11.6556,11.6552,11.6579,11.3969,11.3967,11.3993,10.9326,10.9326,10.9327,10.8117,10.8116,10.814,12.0926,12.0924,12.1005,12.3861,12.3857,12.3986,12.0948,12.0946,12.1027,11.7121,11.7121,11.7317,11.7819,11.7812,11.7855,11.3085,11.3083,11.3098,10.8289,10.8289,10.829,10.7319,10.7319,10.7342,11.6656,11.6655,11.6691,12.3531,12.3531,12.3671,11.6697,11.6695,11.6729,11.2901,11.2901,11.309,11.9499,11.9492,11.9538,11.2667,11.2666,11.2675,10.7767,10.7767,10.7768,10.6941,10.6941,10.6963
model.layers.24.mlp.gate_proj.weight,linear,mlp,24,14336x4096,58720256,31,2.5657,10.5991,12.7247,12.7248,12.7473,12.9823,12.9818,13.0109,12.7301,12.7303,12.7518,12.4384,12.4382,12.48,11.5988,11.5988,11.601,11.3727,11.3726,11.3742,10.9445,10.9445,10.9461,10.8151,10.815,10.8187,12.0892,12.089,12.101,12.4169,12.4169,12.4479,12.0929,12.0928,12.1055,11.7233,11.7231,11.7557,11.7117,11.7119,11.7143,11.2904,11.2905,11.291,10.8412,10.8412,10.8417,10.7329,10.7328,10.7358,11.6718,11.6718,11.6787,12.3507,12.3506,12.3675,11.679,11.6789,11.6864,11.2888,11.2887,11.3161,11.8982,11.8987,11.902,11.2562,11.2562,11.2566,10.7899,10.7899,10.7902,10.6953,10.6952,10.6978
model.layers.24.mlp.up_proj.weight,linear,mlp,24,14336x4096,58720256,34,2.5485,10.5818,12.75,12.7501,12.753,12.9544,12.9542,12.9554,12.7563,12.7564,12.7593,12.4192,12.4192,12.4219,11.6517,11.6516,11.6521,11.3948,11.3948,11.395,10.9198,10.9198,10.9199,10.8064,10.8064,10.8066,12.0935,12.0935,12.0949,12.3843,12.3846,12.3863,12.0956,12.0957,12.097,11.7135,11.7136,11.7163,11.7784,11.7779,11.7793,11.306,11.306,11.3063,10.8162,10.8162,10.8163,10.7269,10.7269,10.7272,11.6649,11.665,11.6656,12.3507,12.3514,12.3553,11.6689,11.6689,11.6695,11.2919,11.292,11.2947,11.948,11.9473,11.9496,11.2638,11.2638,11.2641,10.764,10.764,10.764,10.6894,10.6894,10.6898
model.layers.24.self_attn.k_proj.weight,linear,attn,24,1024x4096,4194304,28,2.6568,10.6986,12.7682,12.7674,12.9119,13.0103,13.0073,13.11,12.7725,12.772,12.9145,12.4805,12.4778,12.662,11.7039,11.7042,11.717,11.4401,11.4402,11.4639,11.0954,11.0951,11.0987,10.888,10.8879,10.8999,12.1086,12.1093,12.1766,12.4495,12.4484,12.6022,12.1119,12.1127,12.1811,11.7574,11.757,11.9289,11.8259,11.8256,11.8504,11.3624,11.3624,11.3836,10.9912,10.9911,10.9942,10.8036,10.8036,10.813,11.6807,11.6804,11.7321,12.3811,12.3808,12.5191,11.686,11.6859,11.7368,11.3239,11.3235,11.4858,11.9755,11.9763,12.0014,11.3385,11.3379,11.3521,10.9404,10.9403,10.9419,10.7625,10.7625,10.7683
model.layers.24.self_attn.o_proj.weight,linear,attn,24,4096x4096,16777216,31,2.5619,10.596,12.7451,12.7674,12.7728,12.9568,12.9731,12.9762,12.751,12.7733,12.7784,12.4198,12.4465,12.4524,11.6555,11.6566,11.6583,11.3995,11.4035,11.4042,10.9386,10.9394,10.9395,10.816,10.8173,10.8182,12.0905,12.1045,12.1066,12.3787,12.4147,12.4178,12.0929,12.1069,12.109,11.7106,11.7382,11.7432,11.7813,11.7829,11.7857,11.3136,11.3171,11.3176,10.8348,10.8356,10.8356,10.7359,10.737,10.7379,11.6622,11.6744,11.6757,12.3352,12.3794,12.3864,11.6669,11.6787,11.6798,11.2864,11.3132,11.3182,11.9488,11.9519,11.9566,11.2755,11.2778,11.2784,10.7829,10.7833,10.7833,10.6981,10.6988,10.6997
model.layers.24.self_attn.q_proj.weight,linear,attn,24,4096x4096,16777216,30,2.6377,10.6722,12.7573,12.7569,12.8676,12.9839,12.9836,13.0826,12.7613,12.761,12.8698,12.453,12.4527,12.6295,11.6229,11.6233,11.6313,11.3952,11.3953,11.3983,11.0644,11.0643,11.0662,10.8773,10.8773,10.8872,12.0944,12.0944,12.143,12.3891,12.391,12.5064,12.0975,12.0976,12.1485,11.7283,11.7284,11.8805,11.7322,11.7333,11.7473,11.3061,11.306,11.3061,10.9624,10.9624,10.9627,10.7971,10.7971,10.803,11.6618,11.6619,11.6934,12.3169,12.3199,12.4092,11.6677,11.6678,11.7005,11.2973,11.2975,11.4381,11.9089,11.9106,11.9293,11.2687,11.2686,11.269,10.911,10.911,10.9114,10.7579,10.7579,10.761
model.layers.24.self_attn.v_proj.weight,linear,attn,24,1024x4096,4194304,24,2.6015,10.6323,12.7923,12.7914,12.8223,13.0135,13.014,13.0444,12.7966,12.7957,12.8267,12.5016,12.5013,12.547,11.6562,11.6555,11.6562,11.4163,11.4159,11.4167,11.0081,11.0081,11.0096,10.8661,10.866,10.8688,12.119,12.118,12.1397,12.4603,12.4618,12.5183,12.1225,12.1217,12.1441,11.7808,11.7804,11.8264,11.7818,11.7801,11.7801,11.3366,11.3365,11.336,10.9042,10.904,10.905,10.7835,10.7831,10.785,11.6858,11.6858,11.7068,12.4022,12.3982,12.4553,11.6914,11.6913,11.7129,11.3474,11.3471,11.3875,11.9536,11.9521,11.9546,11.3045,11.3044,11.3043,10.8527,10.8527,10.8529,10.745,10.7445,10.7457
model.layers.25.mlp.down_proj.weight,linear,mlp,25,4096x14336,58720256,33,2.5568,10.5893,12.7457,12.7451,12.7651,12.9562,12.9558,12.9655,12.752,12.7515,12.7711,12.4188,12.4186,12.4397,11.6528,11.6528,11.6548,11.3968,11.3968,11.3992,10.9333,10.9333,10.9334,10.813,10.8129,10.8151,12.0931,12.093,12.101,12.389,12.3897,12.4022,12.0953,12.0953,12.1033,11.7136,11.7138,11.7327,11.7779,11.779,11.7817,11.3097,11.3098,11.3111,10.8296,10.8296,10.8297,10.7331,10.7331,10.7353,11.6666,11.6667,11.6704,12.3568,12.3576,12.3699,11.6708,11.6708,11.6743,11.2912,11.2914,11.3099,11.947,11.9476,11.9507,11.2691,11.2692,11.2699,10.7774,10.7774,10.7775,10.6953,10.6953,10.6973
model.layers.25.mlp.gate_proj.weight,linear,mlp,25,14336x4096,58720256,32,2.5671,10.6011,12.7246,12.7244,12.7494,12.9828,12.9826,13.0126,12.73,12.7299,12.7538,12.4392,12.439,12.4829,11.5984,11.5982,11.6013,11.3725,11.3724,11.3744,10.947,10.9469,10.9487,10.8157,10.8157,10.8198,12.0889,12.089,12.1018,12.4169,12.4167,12.4481,12.0927,12.0928,12.1062,11.7236,11.7236,11.7578,11.7103,11.7103,11.7148,11.29,11.2901,11.2907,10.8437,10.8437,10.8444,10.7334,10.7334,10.7369,11.6716,11.6717,11.6787,12.3482,12.3485,12.3673,11.6788,11.6788,11.6862,11.2888,11.2888,11.3181,11.8973,11.8972,11.9033,11.2558,11.2558,11.2564,10.7925,10.7925,10.7928,10.6958,10.6959,10.6988
model.layers.25.mlp.up_proj.weight,linear,mlp,25,14336x4096,58720256,31,2.5487,10.581,12.7488,12.7487,12.7516,12.9555,12.9556,12.9565,12.7551,12.7551,12.758,12.4198,12.4199,12.4226,11.6506,11.6501,11.6502,11.3953,11.395,11.3953,10.9207,10.9207,10.9207,10.8076,10.8075,10.8078,12.094,12.094,12.0951,12.3882,12.3894,12.3903,12.0961,12.0961,12.0973,11.7148,11.7149,11.7175,11.7768,11.7771,11.7772,11.3078,11.3079,11.308,10.817,10.817,10.817,10.728,10.7279,10.7282,11.6664,11.6666,11.6672,12.3566,12.357,12.3601,11.6704,11.6705,11.6711,11.293,11.293,11.2957,11.9474,11.9478,11.9482,11.2667,11.2668,11.267,10.7648,10.7648,10.7648,10.6905,10.6905,10.6907
model.layers.25.self_attn.k_proj.weight,linear,attn,25,1024x4096,4194304,26,2.6745,10.7139,12.7658,12.7652,12.9361,13.004,13.0057,13.1267,12.7703,12.7697,12.9385,12.4744,12.4742,12.7003,11.7081,11.7077,11.7292,11.4447,11.4435,11.4698,11.1303,11.1302,11.133,10.9041,10.9037,10.9199,12.1073,12.1072,12.1834,12.4446,12.4454,12.6197,12.1105,12.1105,12.1882,11.754,11.7543,11.9652,11.8264,11.8251,11.8602,11.3666,11.3659,11.3868,11.026,11.026,11.0285,10.8203,10.8202,10.8321,11.6798,11.68,11.7373,12.3775,12.3731,12.5253,11.6852,11.6856,11.7417,11.3217,11.3219,11.5217,11.9754,11.971,12.0064,11.3403,11.3394,11.3526,10.9749,10.9748,10.9762,10.7799,10.7797,10.7866
model.layers.25.self_attn.o_proj.weight,linear,attn,25,4096x4096,16777216,31,2.5667,10.6006,12.7426,12.7758,12.7791,12.9584,12.9796,12.9814,12.7487,12.7813,12.7847,12.42,12.4576,12.4614,11.6581,11.661,11.662,11.4008,11.4062,11.4069,10.9461,10.947,10.947,10.8192,10.8221,10.8228,12.0905,12.1084,12.1104,12.3838,12.4236,12.4282,12.0931,12.1108,12.1129,11.7112,11.7486,11.7521,11.7848,11.7885,11.7912,11.3153,11.3202,11.3208,10.8423,10.8431,10.8431,10.7391,10.7416,10.7423,11.6634,11.6773,11.6784,12.3385,12.3889,12.3939,11.6683,11.6814,11.6825,11.2861,11.3231,11.3264,11.9553,11.9604,11.9614,11.2773,11.2813,11.2817,10.7904,10.7908,10.7908,10.7011,10.7032,10.7038
model.layers.25.self_attn.q_proj.weight,linear,attn,25,4096x4096,16777216,28,2.6216,10.656,12.7603,12.7601,12.8416,12.9895,12.9891,13.0665,12.7642,12.7639,12.8441,12.4598,12.4594,12.5957,11.6154,11.6161,11.6235,11.3902,11.3899,11.3923,11.0364,11.0364,11.038,10.8642,10.8643,10.8706,12.0965,12.0966,12.1344,12.3983,12.3981,12.4908,12.0997,12.0998,12.1395,11.7339,11.7339,11.851,11.7246,11.7255,11.738,11.3012,11.3011,11.3014,10.934,10.9341,10.9345,10.7832,10.7833,10.7872,11.6642,11.6639,11.6888,12.3252,12.3231,12.3967,11.6701,11.6699,11.696,11.302,11.3019,11.409,11.9047,11.9052,11.922,11.2642,11.2642,11.2645,10.8827,10.8827,10.883,10.7439,10.744,10.7459
model.layers.25.self_attn.v_proj.weight,linear,attn,25,1024x4096,4194304,26,2.5854,10.6142,12.7798,12.78,12.7939,13.0042,13.0061,13.0212,12.7849,12.7849,12.799,12.4877,12.4888,12.51,11.6471,11.6475,11.6474,11.4083,11.4091,11.4087,10.9879,10.988,10.9889,10.8567,10.8567,10.8583,12.115,12.115,12.1261,12.4573,12.4596,12.4887,12.1185,12.1185,12.1298,11.7728,11.7731,11.795,11.7727,11.7724,11.7717,11.3301,11.3301,11.3295,10.8838,10.8838,10.8842,10.7746,10.7746,10.7755,11.6865,11.6867,11.6981,12.4002,12.4002,12.4381,11.692,11.6925,11.704,11.3397,11.3404,11.3598,11.9454,11.9451,11.949,11.2981,11.2979,11.2982,10.832,10.8319,10.8321,10.7363,10.7363,10.7369
model.layers.26.mlp.down_proj.weight,linear,mlp,26,4096x14336,58720256,30,2.5585,10.5901,12.7445,12.7444,12.7666,12.9573,12.9576,12.9688,12.7509,12.7509,12.7725,12.42,12.4202,12.444,11.652,11.6515,11.6543,11.3979,11.3977,11.4008,10.9368,10.9368,10.9369,10.8154,10.8153,10.8179,12.0935,12.0934,12.1027,12.3943,12.394,12.4089,12.0958,12.0957,12.105,11.7153,11.7154,11.7373,11.7769,11.7768,11.7811,11.3123,11.3123,11.314,10.833,10.833,10.8332,10.7353,10.7353,10.7379,11.6682,11.6682,11.6725,12.3623,12.3614,12.3766,11.6725,11.6725,11.6766,11.2925,11.2925,11.3136,11.9458,11.9457,11.95,11.2731,11.2731,11.2739,10.7808,10.7808,10.7808,10.6975,10.6976,10.6998
model.layers.26.mlp.gate_proj.weight,linear,mlp,26,14336x4096,58720256,31,2.5735,10.6079,12.7264,12.7261,12.7592,12.9826,12.9826,13.021,12.732,12.7317,12.7634,12.4392,12.4393,12.4958,11.6044,11.604,11.6082,11.3758,11.3757,11.3786,10.9561,10.956,10.9581,10.8206,10.8205,10.826,12.0903,12.09,12.1072,12.4195,12.4195,12.4608,12.0941,12.0938,12.1117,11.7248,11.7248,11.7693,11.718,11.7175,11.723,11.2935,11.2934,11.2946,10.8531,10.8531,10.8539,10.7384,10.7383,10.7429,11.6729,11.6728,11.6822,12.3535,12.3539,12.3782,11.6799,11.6799,11.6896,11.2905,11.2904,11.3289,11.903,11.9028,11.909,11.2592,11.2591,11.2598,10.8019,10.8019,10.8024,10.7008,10.7007,10.7045
model.layers.26.mlp.up_proj.weight,linear,mlp,26,14336x4096,58720256,32,2.5489,10.5806,12.7474,12.7475,12.7511,12.9564,12.9565,12.9576,12.7538,12.7538,12.7574,12.4204,12.4204,12.4235,11.6479,11.6477,11.6477,11.3953,11.3953,11.3956,10.9219,10.9219,10.922,10.8089,10.8091,10.8093,12.0942,12.094,12.0957,12.3917,12.391,12.3936,12.0964,12.0962,12.0979,11.7156,11.7155,11.7188,11.7747,11.7736,11.7742,11.3095,11.3093,11.3097,10.8182,10.8182,10.8183,10.7293,10.7293,10.7297,11.6676,11.6675,11.6684,12.3607,12.3595,12.3642,11.6717,11.6716,11.6725,11.2934,11.2935,11.2965,11.9454,11.9454,11.9459,11.2696,11.2695,11.2697,10.7659,10.7659,10.7659,10.6918,10.6918,10.6921
model.layers.26.self_attn.k_proj.weight,linear,attn,26,1024x4096,4194304,26,2.6654,10.7082,12.7684,12.7687,12.9242,13.0124,13.012,13.1227,12.7729,12.7729,12.9268,12.4827,12.4826,12.6831,11.6986,11.6994,11.7167,11.4595,11.4597,11.4648,11.1076,11.1076,11.1107,10.8954,10.8956,10.9092,12.1099,12.1098,12.1832,12.4522,12.453,12.6257,12.1132,12.1131,12.1883,11.7597,11.7599,11.948,11.817,11.8169,11.8473,11.3841,11.3844,11.3855,11.0043,11.0043,11.0061,10.811,10.8113,10.8217,11.6817,11.6817,11.7393,12.38,12.3808,12.5289,11.6872,11.6873,11.7441,11.3258,11.3259,11.502,11.968,11.9685,11.998,11.3524,11.3527,11.3545,10.9535,10.9535,10.9539,10.7707,10.7709,10.7771
model.layers.26.self_attn.o_proj.weight,linear,attn,26,4096x4096,16777216,31,2.5679,10.6003,12.7387,12.772,12.7786,12.9616,12.9808,12.9859,12.7447,12.7775,12.7842,12.4222,12.4576,12.4657,11.6499,11.6527,11.6551,11.4015,11.4071,11.4083,10.9502,10.9512,10.9513,10.8235,10.8259,10.8268,12.0895,12.1086,12.1119,12.3879,12.4305,12.4389,12.0922,12.1113,12.1145,11.7128,11.7494,11.7572,11.7729,11.7784,11.7831,11.3202,11.325,11.3261,10.8462,10.8471,10.8473,10.7428,10.7451,10.746,11.6653,11.6794,11.6818,12.3412,12.3943,12.4024,11.6705,11.684,11.6863,11.2865,11.3226,11.3298,11.9422,11.9484,11.9568,11.2868,11.2901,11.2909,10.7944,10.7948,10.7949,10.705,10.7067,10.7075
model.layers.26.self_attn.q_proj.weight,linear,attn,26,4096x4096,16777216,28,2.6282,10.6624,12.7579,12.7579,12.8516,12.9875,12.9872,13.0742,12.7621,12.7621,12.854,12.4562,12.4564,12.6096,11.6232,11.6227,11.6284,11.3932,11.3927,11.3956,11.0469,11.0469,11.0486,10.8701,10.87,10.8775,12.0962,12.0965,12.1382,12.3995,12.4001,12.4999,12.0994,12.0996,12.1434,11.7321,11.7324,11.8632,11.7347,11.7345,11.7446,11.3046,11.3043,11.3044,10.9447,10.9447,10.9451,10.7894,10.7893,10.7937,11.6651,11.665,11.6916,12.3302,12.3322,12.4047,11.6709,11.6708,11.6985,11.3012,11.3011,11.4212,11.9134,11.9141,11.9272,11.2673,11.2673,11.2674,10.8934,10.8934,10.8937,10.7501,10.7501,10.7524
model.layers.26.self_attn.v_proj.weight,linear,attn,26,1024x4096,4194304,27,2.5939,10.6241,12.791,12.7896,12.8025,13.0263,13.0263,13.0387,12.7957,12.7945,12.8068,12.516,12.5156,12.5351,11.6392,11.6405,11.6409,11.4029,11.4034,11.4036,10.9979,10.9978,10.9986,10.8609,10.8608,10.8621,12.1236,12.123,12.1313,12.4867,12.486,12.5083,12.1278,12.1275,12.1359,11.7952,11.7945,11.8132,11.7616,11.7627,11.7644,11.323,11.3233,11.3231,10.8935,10.8934,10.8938,10.7771,10.7769,10.778,11.6942,11.695,11.7028,12.4176,12.4183,12.4384,11.7007,11.7014,11.7096,11.3566,11.3566,11.3729,11.9396,11.942,11.9429,11.2909,11.2914,11.2913,10.8419,10.8418,10.8419,10.7386,10.7386,10.7393
model.layers.27.mlp.down_proj.weight,linear,mlp,27,4096x14336,58720256,34,2.5575,10.5885,12.7442,12.7439,12.7635,12.9592,12.9591,12.969,12.7507,12.7503,12.7696,12.422,12.4219,12.4427,11.6478,11.6484,11.6504,11.3978,11.3979,11.4005,10.9361,10.9362,10.9363,10.8162,10.8162,10.8182,12.0941,12.094,12.1024,12.3978,12.3979,12.4113,12.0964,12.0964,12.1048,11.7172,11.7172,11.7362,11.7731,11.7733,11.7765,11.3141,11.3142,11.3157,10.8323,10.8323,10.8324,10.7361,10.7361,10.738,11.6696,11.6695,11.6736,12.3645,12.3656,12.3793,11.6739,11.6739,11.6778,11.2938,11.2938,11.3122,11.9431,11.9434,11.9466,11.2764,11.2764,11.2772,10.78,10.78,10.7801,10.6983,10.6983,10.7001
model.layers.27.mlp.gate_proj.weight,linear,mlp,27,14336x4096,58720256,31,2.5786,10.6136,12.7259,12.7259,12.767,12.981,12.9808,13.0271,12.7317,12.7316,12.7709,12.4374,12.4373,12.5058,11.6081,11.6082,11.6133,11.3779,11.3779,11.3816,10.9635,10.9635,10.966,10.8239,10.8239,10.8305,12.0901,12.0901,12.1109,12.4186,12.4188,12.4689,12.0938,12.0937,12.1154,11.7241,11.7239,11.7779,11.7221,11.7222,11.729,11.2956,11.2956,11.2969,10.8609,10.8608,10.8618,10.7419,10.7419,10.7474,11.6731,11.6729,11.6843,12.3555,12.3556,12.3861,11.6801,11.6798,11.6916,11.2904,11.2903,11.3377,11.9057,11.9056,11.914,11.2611,11.261,11.262,10.8097,10.8097,10.8104,10.7042,10.7042,10.7089
model.layers.27.mlp.up_proj.weight,linear,mlp,27,14336x4096,58720256,29,2.5496,10.5802,12.7457,12.7458,12.7501,12.9582,12.9584,12.9602,12.7522,12.7523,12.7565,12.4216,12.4216,12.4257,11.6445,11.6445,11.6449,11.3956,11.3958,11.3965,10.9243,10.9243,10.9244,10.8115,10.8115,10.8118,12.0945,12.0945,12.0967,12.397,12.3973,12.4006,12.0968,12.0968,12.099,11.7173,11.7172,11.7214,11.7702,11.7706,11.7711,11.3122,11.3122,11.3126,10.8205,10.8205,10.8206,10.7316,10.7316,10.732,11.6693,11.6692,11.6707,12.3655,12.3647,12.371,11.6735,11.6734,11.6748,11.2944,11.2942,11.2984,11.9431,11.9433,11.9441,11.2744,11.2744,11.2747,10.7682,10.7682,10.7683,10.6941,10.6941,10.6944
model.layers.27.self_attn.k_proj.weight,linear,attn,27,1024x4096,4194304,29,2.6806,10.7201,12.769,12.7696,12.9433,13.0106,13.0101,13.1372,12.7735,12.7741,12.9456,12.4806,12.4807,12.7127,11.7094,11.7106,11.7309,11.4481,11.4483,11.4766,11.1396,11.1396,11.1432,10.9085,10.9081,10.924,12.1101,12.1099,12.1898,12.4517,12.4526,12.6425,12.1132,12.113,12.1949,11.7594,11.7589,11.9768,11.8263,11.8277,11.8631,11.3738,11.3735,11.3979,11.0354,11.0354,11.0386,10.824,10.8237,10.8356,11.682,11.6823,11.7438,12.3812,12.3847,12.5393,11.6874,11.6875,11.7483,11.3268,11.3266,11.5316,11.9743,11.9751,12.011,11.3521,11.3511,11.3674,10.9848,10.9847,10.9865,10.7833,10.7832,10.7901
model.layers.27.self_attn.o_proj.weight,linear,attn,27,4096x4096,16777216,30,2.5665,10.5975,12.7376,12.7678,12.7722,12.9637,12.9855,12.9878,12.7438,12.7737,12.7779,12.4244,12.4597,12.4647,11.6446,11.6469,11.649,11.4069,11.4082,11.4086,10.952,10.9528,10.953,10.8272,10.8296,10.8304,12.0905,12.1092,12.1112,12.3944,12.4397,12.444,12.0933,12.1121,12.1141,11.7149,11.7515,11.7563,11.7695,11.7726,11.7758,11.3305,11.3309,11.331,10.848,10.8485,10.8486,10.7464,10.7483,10.7492,11.6669,11.6831,11.6846,12.3459,12.4011,12.408,11.6722,11.6879,11.6895,11.2878,11.3231,11.3282,11.9426,11.9478,11.9528,11.2991,11.2996,11.2998,10.7961,10.7963,10.7963,10.7086,10.71,10.7109
model.layers.27.self_attn.q_proj.weight,linear,attn,27,4096x4096,16777216,28,2.6348,10.6683,12.7613,12.7602,12.8615,12.9904,12.99,13.0821,12.7651,12.7642,12.8638,12.4609,12.4605,12.6243,11.6244,11.6232,11.6315,11.3962,11.3957,11.3981,11.0584,11.0583,11.0599,10.8758,10.8757,10.8846,12.0971,12.0969,12.1437,12.3998,12.3994,12.5121,12.1003,12.1001,12.1493,11.7353,11.7351,11.8772,11.735,11.7332,11.7481,11.308,11.3078,11.3073,10.956,10.956,10.9564,10.7948,10.7947,10.8001,11.6647,11.6645,11.6957,12.3271,12.3267,12.415,11.6705,11.6704,11.7029,11.3035,11.3034,11.4336,11.9123,11.9109,11.9306,11.271,11.2708,11.2712,10.9047,10.9047,10.905,10.7555,10.7555,10.7583
model.layers.27.self_attn.v_proj.weight,linear,attn,27,1024x4096,4194304,28,2.603,10.6331,12.7872,12.7862,12.8102,13.0217,13.0216,13.0595,12.7915,12.7908,12.8138,12.5083,12.5091,12.5568,11.6411,11.6411,11.6419,11.4023,11.4012,11.4028,11.0035,11.0035,11.005,10.859,10.8587,10.861,12.1184,12.1183,12.1361,12.4714,12.4712,12.5257,12.1222,12.1223,12.1411,11.7854,11.7852,11.8275,11.765,11.7656,11.7633,11.3194,11.3193,11.319,10.9,10.8999,10.9003,10.7755,10.7751,10.7765,11.6882,11.6878,11.7046,12.4067,12.4071,12.4391,11.6942,11.6938,11.7116,11.3499,11.3495,11.3842,11.9423,11.9425,11.942,11.2854,11.2858,11.2857,10.8485,10.8485,10.8487,10.7361,10.7362,10.7374
model.layers.28.mlp.down_proj.weight,linear,mlp,28,4096x14336,58720256,32,2.5606,10.5908,12.7471,12.7467,12.766,12.9657,12.9653,12.9751,12.7534,12.7532,12.772,12.4302,12.4299,12.4504,11.6457,11.6458,11.648,11.4004,11.4004,11.4033,10.9429,10.9429,10.9431,10.8215,10.8215,10.8235,12.097,12.097,12.1056,12.4095,12.4094,12.423,12.0996,12.0995,12.1082,11.7249,11.7249,11.7438,11.7699,11.7707,11.7736,11.3196,11.3198,11.3215,10.8389,10.8389,10.8391,10.741,10.7411,10.7431,11.6731,11.6731,11.6776,12.3747,12.3752,12.39,11.6778,11.6778,11.682,11.2998,11.2998,11.3184,11.9409,11.9418,11.9454,11.2848,11.2849,11.2859,10.7866,10.7866,10.7867,10.7031,10.7031,10.705
model.layers.28.mlp.gate_proj.weight,linear,mlp,28,14336x4096,58720256,31,2.584,10.6178,12.7292,12.7292,12.7758,12.9795,12.9797,13.0336,12.7351,12.735,12.7798,12.4373,12.4374,12.5164,11.6136,11.6135,11.6192,11.3814,11.3815,11.3854,10.9708,10.9708,10.9736,10.8294,10.8294,10.8367,12.0917,12.0917,12.1159,12.4197,12.4194,12.4807,12.0953,12.0953,12.1205,11.7252,11.7252,11.7883,11.729,11.7286,11.7362,11.2993,11.2992,11.301,10.8683,10.8683,10.8694,10.7474,10.7474,10.7535,11.6739,11.6738,11.6882,12.3596,12.3599,12.3968,11.6805,11.6805,11.6953,11.2925,11.2925,11.3475,11.9108,11.9109,11.9198,11.2649,11.2649,11.266,10.8171,10.8171,10.8179,10.7098,10.7098,10.7148
model.layers.28.mlp.up_proj.weight,linear,mlp,28,14336x4096,58720256,32,2.5516,10.5814,12.7429,12.7431,12.7495,12.9618,12.9621,12.9654,12.7495,12.7495,12.756,12.4244,12.4244,12.4314,11.6398,11.6397,11.6402,11.3973,11.3973,11.3983,10.9305,10.9305,10.9307,10.8165,10.8166,10.8172,12.0948,12.0946,12.0985,12.4037,12.4036,12.412,12.0973,12.0971,12.101,11.7198,11.7198,11.7273,11.7644,11.7644,11.7656,11.3177,11.3176,11.3186,10.8264,10.8264,10.8266,10.7363,10.7363,10.7368,11.6716,11.6714,11.6744,12.3703,12.3689,12.3807,11.6762,11.6761,11.679,11.2955,11.2953,11.3027,11.9391,11.9385,11.9399,11.2837,11.2837,11.2843,10.7742,10.7742,10.7743,10.6987,10.6987,10.6992
model.layers.28.self_attn.k_proj.weight,linear,attn,28,1024x4096,4194304,26,2.6148,10.6611,12.7678,12.7688,12.8539,12.9985,12.9984,13.0458,12.7728,12.7733,12.8573,12.4681,12.468,12.5646,11.698,11.6985,11.7074,11.4256,11.4252,11.4368,11.0247,11.0248,11.0257,10.8528,10.8527,10.8601,12.1081,12.1081,12.1453,12.4394,12.4398,12.514,12.1112,12.111,12.1484,11.7509,11.7506,11.8419,11.8245,11.8256,11.8395,11.3376,11.3378,11.3455,10.9208,10.9208,10.9219,10.7703,10.7701,10.7768,11.6796,11.6796,11.7024,12.3861,12.3843,12.4636,11.6846,11.6846,11.7062,11.3201,11.3203,11.4084,11.9812,11.9808,11.9946,11.2999,11.2999,11.3044,10.869,10.8689,10.8695,10.73,10.7298,10.7346
model.layers.28.self_attn.o_proj.weight,linear,attn,28,4096x4096,16777216,29,2.5779,10.607,12.737,12.7819,12.788,12.9688,13.0023,13.0069,12.7427,12.7874,12.7932,12.4299,12.4861,12.4932,11.6412,11.6434,11.646,11.405,11.4065,11.4074,10.9711,10.9727,10.9729,10.8403,10.844,10.8451,12.0905,12.1177,12.121,12.3971,12.4636,12.4707,12.0936,12.1212,12.1246,11.7181,11.7743,11.7808,11.763,11.7683,11.7707,11.3278,11.3279,11.3281,10.8672,10.8682,10.8683,10.7587,10.7619,10.7628,11.667,11.6903,11.6924,12.344,12.4173,12.4233,11.6728,11.696,11.698,11.2896,11.3418,11.3478,11.9365,11.9441,11.9475,11.296,11.2962,11.2963,10.8157,10.816,10.816,10.7209,10.7233,10.7241
model.layers.28.self_attn.q_proj.weight,linear,attn,28,4096x4096,16777216,28,2.6286,10.6623,12.749,12.7489,12.8523,12.9842,12.9842,13.0774,12.7532,12.7531,12.8546,12.4497,12.4498,12.6124,11.6185,11.6184,11.6278,11.3923,11.3923,11.3956,11.0492,11.0492,11.0506,10.8664,10.8665,10.8776,12.0917,12.0918,12.1399,12.3917,12.3929,12.5045,12.0952,12.095,12.1455,11.725,11.7253,11.8655,11.7269,11.7274,11.7432,11.3046,11.305,11.3049,10.9467,10.9468,10.947,10.7857,10.786,10.7931,11.6622,11.6624,11.6933,12.3192,12.3195,12.4061,11.6685,11.6686,11.7005,11.2931,11.2933,11.422,11.9055,11.9057,11.9265,11.2677,11.2678,11.2687,10.8954,10.8954,10.8957,10.7469,10.7469,10.7515
model.layers.28.self_attn.v_proj.weight,linear,attn,28,1024x4096,4194304,27,2.6001,10.6342,12.7932,12.7915,12.8057,13.0314,13.0309,13.0526,12.797,12.7956,12.8092,12.5245,12.5238,12.554,11.6221,11.6202,11.6213,11.3907,11.3901,11.3907,11.0001,10.9999,11.0009,10.8503,10.8498,10.8517,12.1199,12.1197,12.1279,12.4713,12.4715,12.4945,12.1248,12.1243,12.1335,11.7957,11.7947,11.8183,11.7401,11.7371,11.7366,11.3059,11.306,11.3053,10.8965,10.8965,10.8967,10.7662,10.7661,10.7674,11.6873,11.6872,11.6941,12.3919,12.3939,12.4041,11.6944,11.6941,11.7021,11.3555,11.3554,11.3744,11.9228,11.9218,11.9205,11.2718,11.2717,11.2715,10.8452,10.8452,10.8452,10.7266,10.7265,10.7276
model.layers.29.mlp.down_proj.weight,linear,mlp,29,4096x14336,58720256,33,2.5646,10.5947,12.7547,12.7545,12.77,12.9748,12.9745,12.9827,12.7607,12.7607,12.7759,12.4435,12.4436,12.4605,11.6444,11.6443,11.646,11.4044,11.4043,11.4066,10.9513,10.9512,10.9514,10.828,10.8279,10.8295,12.1021,12.1018,12.109,12.4239,12.4236,12.436,12.1049,12.1046,12.1118,11.7371,11.7372,11.753,11.769,11.7685,11.7712,11.3266,11.3266,11.3281,10.847,10.847,10.8472,10.747,10.7469,10.7485,11.6777,11.6778,11.6818,12.3872,12.3869,12.4005,11.6826,11.6827,11.6866,11.3103,11.3104,11.3257,11.9407,11.941,11.9449,11.2949,11.295,11.2959,10.7947,10.7948,10.7949,10.7088,10.7088,10.7102
model.layers.29.mlp.gate_proj.weight,linear,mlp,29,14336x4096,58720256,32,2.5912,10.6244,12.7323,12.732,12.7876,12.9769,12.9764,13.0429,12.7381,12.7379,12.7914,12.4356,12.4353,12.5311,11.62,11.6199,11.627,11.3863,11.386,11.3905,10.9812,10.9812,10.9845,10.8364,10.8364,10.8448,12.0926,12.0925,12.1225,12.4176,12.4172,12.4949,12.0959,12.0958,12.1271,11.7248,11.7247,11.802,11.7364,11.7362,11.7455,11.3042,11.3042,11.306,10.8789,10.8789,10.8802,10.7544,10.7544,10.7614,11.6738,11.6738,11.6927,12.3634,12.3622,12.4107,11.6801,11.6801,11.6998,11.2936,11.2934,11.3606,11.9171,11.9167,11.9274,11.2698,11.2699,11.271,10.8278,10.8278,10.8287,10.7168,10.7168,10.7225
model.layers.29.mlp.up_proj.weight,linear,mlp,29,14336x4096,58720256,31,2.5537,10.5825,12.7383,12.7384,12.7491,12.9657,12.9658,12.9722,12.7448,12.745,12.7554,12.4266,12.4268,12.4385,11.6339,11.634,11.6351,11.398,11.398,11.3985,10.9382,10.9382,10.9384,10.8232,10.8232,10.8242,12.0943,12.0946,12.1008,12.4119,12.4112,12.425,12.097,12.0973,12.1035,11.7217,11.7218,11.7338,11.7577,11.7575,11.7596,11.3217,11.3217,11.3218,10.834,10.834,10.8341,10.7425,10.7425,10.7434,11.6735,11.6737,11.6786,12.3737,12.3737,12.3907,11.6786,11.6788,11.6836,11.2954,11.2955,11.3071,11.9336,11.9333,11.9357,11.2903,11.2903,11.2903,10.7818,10.7818,10.7818,10.7049,10.705,10.7056
model.layers.29.self_attn.k_proj.weight,linear,attn,29,1024x4096,4194304,26,2.625,10.67,12.7638,12.7643,12.8684,12.9954,12.9965,13.0682,12.7682,12.7687,12.8716,12.4671,12.4677,12.5927,11.6865,11.688,11.6944,11.4266,11.4275,11.446,11.0372,11.0374,11.0403,10.8637,10.8641,10.8719,12.1027,12.1036,12.1562,12.4256,12.4275,12.5473,12.1059,12.1068,12.16,11.7466,11.7473,11.867,11.8104,11.8112,11.8244,11.3475,11.3481,11.3645,10.933,10.9331,10.9357,10.7806,10.7807,10.7873,11.6739,11.6742,11.7146,12.3624,12.3645,12.4826,11.6796,11.6799,11.7194,11.3147,11.3154,11.4283,11.9675,11.9697,11.986,11.3204,11.321,11.3325,10.8819,10.882,10.8834,10.7404,10.7405,10.7452
model.layers.29.self_attn.o_proj.weight,linear,attn,29,4096x4096,16777216,28,2.5704,10.5977,12.7323,12.7632,12.7695,12.9718,12.9961,13.0005,12.7383,12.769,12.7752,12.431,12.4712,12.4789,11.6295,11.6311,11.6328,11.3956,11.3967,11.3972,10.9669,10.9681,10.9683,10.8422,10.8451,10.8461,12.091,12.11,12.1136,12.4074,12.4551,12.4627,12.0943,12.1136,12.1173,11.7205,11.7604,11.7678,11.7498,11.7535,11.7564,11.3176,11.3182,11.3183,10.8628,10.8635,10.8636,10.7605,10.7627,10.7637,11.6706,11.6868,11.6897,12.3573,12.4046,12.4118,11.6766,11.6929,11.6959,11.2906,11.3276,11.3344,11.9283,11.9335,11.937,11.2857,11.2863,11.2863,10.8113,10.8114,10.8115,10.7231,10.7247,10.7256
model.layers.29.self_attn.q_proj.weight,linear,attn,29,4096x4096,16777216,29,2.6142,10.6486,12.7545,12.7546,12.8286,12.9902,12.9905,13.0616,12.7586,12.7586,12.8313,12.4568,12.4569,12.5808,11.6174,11.6174,11.6229,11.3885,11.3886,11.3904,11.0237,11.0236,11.0249,10.8577,10.8575,10.8635,12.0957,12.0956,12.1312,12.406,12.4061,12.4895,12.0991,12.099,12.1362,11.7328,11.7327,11.8382,11.7287,11.7291,11.7389,11.3004,11.3006,11.3006,10.921,10.921,10.9213,10.7762,10.7761,10.78,11.6658,11.6658,11.6884,12.3329,12.3328,12.3971,11.6718,11.6718,11.6955,11.3003,11.3004,11.3965,11.9101,11.9107,11.9227,11.2636,11.2637,11.264,10.8697,10.8697,10.87,10.737,10.737,10.7393
model.layers.29.self_attn.v_proj.weight,linear,attn,29,1024x4096,4194304,27,2.5944,10.6309,12.7818,12.7824,12.7947,13.0275,13.0287,13.0463,12.7855,12.7864,12.7979,12.5143,12.5152,12.5411,11.6156,11.6141,11.6166,11.3851,11.3857,11.3859,10.9949,10.9948,10.9956,10.8425,10.8422,10.8442,12.1138,12.1141,12.1211,12.4591,12.4589,12.48,12.1184,12.1186,12.1263,11.7829,11.7833,11.8046,11.7309,11.7282,11.732,11.2997,11.2998,11.2996,10.8916,10.8916,10.8918,10.7589,10.7589,10.7601,11.6817,11.6818,11.688,12.3811,12.3744,12.3921,11.6889,11.6886,11.6954,11.3434,11.343,11.3623,11.9161,11.9137,11.9183,11.2646,11.2648,11.2647,10.8404,10.8404,10.8405,10.719,10.7189,10.7202
model.layers.30.mlp.down_proj.weight,linear,mlp,30,4096x14336,58720256,32,2.5728,10.6039,12.779,12.7791,12.7832,12.9922,12.9924,12.9953,12.7845,12.7846,12.7887,12.4738,12.4738,12.4785,11.6504,11.6506,11.651,11.4112,11.4115,11.4116,10.9624,10.9624,10.9625,10.8352,10.8352,10.8356,12.1138,12.1137,12.1163,12.4477,12.4475,12.4534,12.1168,12.1167,12.1193,11.7641,11.7639,11.7687,11.7771,11.7766,11.7778,11.3335,11.3334,11.3335,10.8581,10.8581,10.8582,10.7537,10.7537,10.7541,11.685,11.685,11.6871,12.4073,12.4068,12.4139,11.69,11.69,11.692,11.335,11.3349,11.3392,11.9501,11.9498,11.9521,11.3019,11.3019,11.3021,10.8059,10.8058,10.8059,10.7151,10.715,10.7154
model.layers.30.mlp.gate_proj.weight,linear,mlp,30,14336x4096,58720256,31,2.6018,10.6388,12.7347,12.7347,12.8048,12.9769,12.9767,13.0563,12.7405,12.7405,12.808,12.4367,12.4365,12.5542,11.6246,11.6247,11.6328,11.3887,11.3887,11.3942,10.9991,10.999,11.0031,10.8428,10.8427,10.853,12.0929,12.093,12.1286,12.4154,12.4156,12.5062,12.0962,12.0964,12.1333,11.7249,11.7251,11.8197,11.7405,11.74,11.7516,11.3056,11.3054,11.3079,10.8976,10.8976,10.8993,10.7611,10.7611,10.7695,11.673,11.673,11.6947,12.3606,12.3598,12.4173,11.6792,11.6793,11.7014,11.294,11.2939,11.3779,11.9184,11.9179,11.9323,11.2704,11.2704,11.2721,10.8468,10.8468,10.8479,10.7231,10.7231,10.7298
model.layers.30.mlp.up_proj.weight,linear,mlp,30,14336x4096,58720256,32,2.5595,10.5872,12.7365,12.7365,12.7551,12.9711,12.9717,12.9837,12.7427,12.7428,12.7612,12.4311,12.4316,12.4531,11.6317,11.6317,11.6332,11.3962,11.396,11.3969,10.9491,10.9492,10.9496,10.8316,10.8317,10.8332,12.0943,12.0942,12.1056,12.4163,12.4162,12.4417,12.0972,12.0972,12.1088,11.724,11.724,11.7464,11.7544,11.7551,11.7573,11.3191,11.3191,11.3193,10.8449,10.8449,10.8452,10.7504,10.7504,10.7518,11.6743,11.6742,11.6834,12.3706,12.3706,12.401,11.68,11.6799,11.689,11.2954,11.2954,11.3167,11.9332,11.9335,11.937,11.2875,11.2874,11.2876,10.7928,10.7928,10.7929,10.7129,10.7129,10.714
model.layers.30.self_attn.k_proj.weight,linear,attn,30,1024x4096,4194304,28,2.6512,10.682,12.7873,12.7877,12.8953,13.022,13.0227,13.1037,12.7913,12.7915,12.8971,12.4987,12.4988,12.6457,11.7267,11.7259,11.7452,11.4444,11.4442,11.4515,11.0826,11.0826,11.084,10.8875,10.8877,10.8936,12.1194,12.1199,12.1654,12.4723,12.4714,12.578,12.1226,12.123,12.1689,11.7756,11.7762,11.9073,11.845,11.8449,11.8767,11.3507,11.3507,11.355,10.9788,10.9789,10.9804,10.8041,10.8043,10.8095,11.6882,11.6882,11.7184,12.405,12.4063,12.505,11.6932,11.6931,11.722,11.3426,11.3428,11.4699,11.9865,11.9865,12.0188,11.3066,11.3068,11.3097,10.927,10.927,10.9281,10.7619,10.7619,10.7656
model.layers.30.self_attn.o_proj.weight,linear,attn,30,4096x4096,16777216,29,2.5736,10.603,12.733,12.7633,12.768,12.9749,13.009,13.0154,12.7384,12.7685,12.773,12.4346,12.4858,12.4937,11.6139,11.6162,11.618,11.3852,11.3858,11.3866,10.962,10.9633,10.9635,10.8363,10.8381,10.8388,12.0889,12.1101,12.1132,12.3989,12.4605,12.4691,12.0923,12.1146,12.1177,11.7185,11.7681,11.7747,11.73,11.7342,11.7368,11.3049,11.3047,11.3053,10.8583,10.8587,10.8588,10.7537,10.7549,10.7555,11.6664,11.6866,11.689,12.3343,12.3915,12.3982,11.673,11.694,11.6964,11.2867,11.3298,11.3356,11.9113,11.9175,11.9207,11.2716,11.2719,11.2721,10.8069,10.807,10.807,10.7162,10.7171,10.7177
model.layers.30.self_attn.q_proj.weight,linear,attn,30,4096x4096,16777216,29,2.6821,10.7203,12.7573,12.7565,12.9322,12.9924,12.9924,13.1492,12.7616,12.7608,12.9346,12.4599,12.46,12.7286,11.6585,11.6577,11.6768,11.4244,11.4243,11.43,11.1393,11.1392,11.1442,10.9145,10.9144,10.9365,12.099,12.0987,12.1821,12.4149,12.4147,12.6164,12.1022,12.1019,12.1892,11.7375,11.7374,11.9754,11.7714,11.7704,11.8025,11.3414,11.3414,11.3426,11.0386,11.0386,11.0403,10.8332,10.8333,10.8484,11.6695,11.6695,11.7307,12.3479,12.3466,12.4926,11.6753,11.6752,11.7377,11.3055,11.3054,11.5254,11.9372,11.9364,11.9712,11.3058,11.3058,11.3082,10.9883,10.9883,10.9889,10.7939,10.7939,10.8046
model.layers.30.self_attn.v_proj.weight,linear,attn,30,1024x4096,4194304,25,2.6161,10.6509,12.8172,12.8152,12.8446,13.03,13.0287,13.0566,12.8198,12.8181,12.8465,12.5346,12.5335,12.5783,11.6363,11.6369,11.6404,11.3958,11.396,11.3982,11.0318,11.0318,11.032,10.8647,10.8645,10.8654,12.1207,12.1203,12.1325,12.4498,12.4489,12.4789,12.1246,12.1242,12.1364,11.7996,11.7991,11.8351,11.7529,11.7512,11.7585,11.3014,11.3013,11.3028,10.9287,10.9287,10.9291,10.7841,10.7839,10.7849,11.6786,11.6789,11.6848,12.3771,12.3777,12.3976,11.6845,11.6847,11.6901,11.3633,11.3632,11.3982,11.9314,11.9328,11.9389,11.2614,11.2617,11.2627,10.877,10.877,10.8774,10.7436,10.7434,10.7443
model.layers.31.mlp.gate_proj.weight,linear,mlp,31,14336x4096,58720256,32,2.6066,10.6484,12.7342,12.7341,12.8184,12.9884,12.9882,13.0572,12.7389,12.7389,12.8207,12.4488,12.449,12.5601,11.6258,11.6262,11.6479,11.3903,11.3903,11.3991,11.0154,11.0154,11.0182,10.8489,10.8489,10.8566,12.0897,12.0897,12.1286,12.4083,12.4085,12.4921,12.0936,12.0935,12.1324,11.7268,11.7266,11.8206,11.7327,11.7326,11.7687,11.3012,11.3014,11.307,10.9129,10.9129,10.9148,10.7683,10.7683,10.7749,11.6671,11.6672,11.6888,12.3327,12.3323,12.4145,11.6742,11.6743,11.6939,11.2915,11.2915,11.3833,11.9065,11.9062,11.9481,11.2631,11.2631,11.2677,10.8614,10.8614,10.8632,10.7294,10.7294,10.7342
model.layers.31.mlp.up_proj.weight,linear,mlp,31,14336x4096,58720256,32,2.5764,10.6068,12.7376,12.738,12.7665,12.9926,12.9924,13.0212,12.7425,12.7429,12.771,12.4552,12.4554,12.5007,11.6073,11.6074,11.6125,11.3803,11.3803,11.3821,10.962,10.962,10.9631,10.8302,10.8302,10.833,12.0942,12.0943,12.1115,12.4244,12.4235,12.4684,12.0981,12.0982,12.1162,11.7355,11.7353,11.7769,11.721,11.7211,11.7296,11.2983,11.2982,11.2992,10.8582,10.8581,10.8586,10.7474,10.7474,10.7496,11.6726,11.6727,11.6861,12.3525,12.3525,12.3884,11.6797,11.6797,11.6938,11.2996,11.2996,11.3365,11.9055,11.9056,11.9162,11.2644,11.2644,11.2653,10.8068,10.8067,10.8069,10.7096,10.7096,10.7113
model.layers.31.self_attn.k_proj.weight,linear,attn,31,1024x4096,4194304,27,2.619,10.6651,12.7663,12.7638,12.8594,12.994,12.993,13.0526,12.771,12.769,12.8627,12.4633,12.4621,12.5737,11.6979,11.6985,11.7086,11.427,11.4265,11.4391,11.0306,11.0306,11.032,10.8554,10.855,10.8638,12.1056,12.1054,12.1482,12.4354,12.436,12.5241,12.1085,12.1084,12.1515,11.7467,11.7468,11.8494,11.8248,11.8261,11.8403,11.3399,11.3401,11.3486,10.9268,10.9269,10.928,10.7729,10.7729,10.7803,11.6778,11.6775,11.7051,12.3802,12.3783,12.4673,11.6828,11.6825,11.7092,11.3165,11.3166,11.4156,11.9814,11.9834,11.9955,11.3031,11.3036,11.308,10.875,10.8751,10.8757,10.7325,10.7326,10.7379
model.layers.31.self_attn.o_proj.weight,linear,attn,31,4096x4096,16777216,31,2.5946,10.6257,12.7493,12.7941,12.8038,12.98,13.0223,13.0379,12.7544,12.799,12.8084,12.4481,12.5133,12.5333,11.6322,11.64,11.6428,11.3998,11.4022,11.403,11.0009,11.0033,11.0041,10.8608,10.8663,10.8681,12.0952,12.1243,12.1315,12.4061,12.483,12.5072,12.0984,12.1285,12.136,11.7316,11.795,11.8123,11.7504,11.7638,11.7672,11.3197,11.3211,11.3217,10.8975,10.899,10.8994,10.7783,10.7831,10.7841,11.669,11.695,11.7016,12.3467,12.4204,12.4365,11.6749,11.7015,11.7083,11.3008,11.3575,11.3727,11.9283,11.9432,11.9485,11.2869,11.2883,11.2888,10.8469,10.8474,10.8477,10.7412,10.7448,10.7456
model.layers.31.self_attn.q_proj.weight,linear,attn,31,4096x4096,16777216,29,2.6489,10.6835,12.7499,12.7503,12.8808,12.9874,12.9874,13.103,12.7544,12.7547,12.8829,12.4523,12.4525,12.6521,11.6424,11.6429,11.6571,11.4049,11.4051,11.4107,11.0801,11.0802,11.0824,10.8836,10.8838,10.897,12.0944,12.0946,12.1541,12.4035,12.4049,12.5451,12.0978,12.098,12.1594,11.7295,11.73,11.9031,11.7548,11.7555,11.7806,11.3172,11.3172,11.3194,10.9779,10.9779,10.9789,10.8031,10.8031,10.8123,11.6664,11.6662,11.7051,12.3366,12.338,12.4469,11.6725,11.6722,11.7111,11.2979,11.2981,11.46,11.9288,11.9302,11.9586,11.2795,11.2797,11.2821,10.9264,10.9265,10.9274,10.7635,10.7635,10.7698
model.layers.31.self_attn.v_proj.weight,linear,attn,31,1024x4096,4194304,28,2.6128,10.6479,12.7854,12.7861,12.8246,13.0171,13.0162,13.0621,12.7893,12.79,12.8273,12.5037,12.5042,12.5767,11.6272,11.627,11.6316,11.3917,11.3913,11.3933,11.0207,11.0207,11.0217,10.8575,10.8577,10.8611,12.1131,12.1128,12.1321,12.4492,12.4489,12.4956,12.117,12.1169,12.137,11.7771,11.7763,11.8363,11.7439,11.7419,11.7493,11.3043,11.3034,11.304,10.9177,10.9176,10.918,10.7753,10.775,10.7774,11.6801,11.6797,11.6911,12.3773,12.3735,12.4066,11.6867,11.6863,11.6979,11.3404,11.3393,11.3942,11.9239,11.9224,11.9331,11.267,11.2669,11.2678,10.8662,10.8661,10.8666,10.7351,10.7351,10.7369
lm_head.weight,embed,lm_head,,128256x4096,525336576,34,2.5878,10.6183,12.754,12.7537,12.7887,12.9994,12.9988,13.0322,12.759,12.7588,12.7935,12.4651,12.4646,12.5184,11.6371,11.6367,11.6392,11.3986,11.3985,11.3996,10.9869,10.9869,10.9879,10.8535,10.8534,10.8564,12.1048,12.1044,12.1262,12.4492,12.4471,12.5027,12.1082,12.1078,12.1305,11.7496,11.7487,11.7995,11.7592,11.7582,11.7628,11.3187,11.3186,11.3186,10.883,10.8829,10.8832,10.7707,10.7706,10.7728,11.6812,11.681,11.6994,12.3904,12.3885,12.4327,11.687,11.6868,11.7061,11.3164,11.316,11.3606,11.9374,11.9365,11.9424,11.2854,11.2853,11.2854,10.8314,10.8314,10.8315,10.733,10.7329,10.7347
model.layers.31.mlp.down_proj.weight,linear,mlp,31,4096x14336,58720256,31,2.6017,10.6325,12.8241,12.8239,12.827,13.0333,13.0331,13.036,12.8285,12.8284,12.8315,12.5403,12.5401,12.5442,11.6601,11.66,11.6603,11.42,11.4198,11.42,11.0074,11.0073,11.0075,10.8628,10.8628,10.8633,12.1363,12.1362,12.1384,12.5022,12.5024,12.5082,12.1402,12.1401,12.1424,11.822,11.822,11.8259,11.7864,11.7864,11.7872,11.3397,11.3398,11.34,10.9028,10.9028,10.9029,10.7794,10.7795,10.7798,11.7016,11.7015,11.7038,12.4441,12.4443,12.4498,11.7072,11.7072,11.7095,11.3858,11.3858,11.3891,11.9587,11.9587,11.9599,11.3082,11.3082,11.3084,10.8507,10.8507,10.8507,10.7394,10.7394,10.7396
