name,cls,sub,layer,shape,numel,distinct,entropy,huffman_tensor,T32_best_real,T32_best_shuf_row,T32_best_shuf_tensor,T32_bump_real,T32_bump_shuf_row,T32_bump_shuf_tensor,T32_escape_real,T32_escape_shuf_row,T32_escape_shuf_tensor,T32_unary_real,T32_unary_shuf_row,T32_unary_shuf_tensor,T32_rank_fixed_real,T32_rank_fixed_shuf_row,T32_rank_fixed_shuf_tensor,T32_rank_best_real,T32_rank_best_shuf_row,T32_rank_best_shuf_tensor,T32_rank_unary_real,T32_rank_unary_shuf_row,T32_rank_unary_shuf_tensor,T32_rank_rice_real,T32_rank_rice_shuf_row,T32_rank_rice_shuf_tensor,T64_best_real,T64_best_shuf_row,T64_best_shuf_tensor,T64_bump_real,T64_bump_shuf_row,T64_bump_shuf_tensor,T64_escape_real,T64_escape_shuf_row,T64_escape_shuf_tensor,T64_unary_real,T64_unary_shuf_row,T64_unary_shuf_tensor,T64_rank_fixed_real,T64_rank_fixed_shuf_row,T64_rank_fixed_shuf_tensor,T64_rank_best_real,T64_rank_best_shuf_row,T64_rank_best_shuf_tensor,T64_rank_unary_real,T64_rank_unary_shuf_row,T64_rank_unary_shuf_tensor,T64_rank_rice_real,T64_rank_rice_shuf_row,T64_rank_rice_shuf_tensor,T128_best_real,T128_best_shuf_row,T128_best_shuf_tensor,T128_bump_real,T128_bump_shuf_row,T128_bump_shuf_tensor,T128_escape_real,T128_escape_shuf_row,T128_escape_shuf_tensor,T128_unary_real,T128_unary_shuf_row,T128_unary_shuf_tensor,T128_rank_fixed_real,T128_rank_fixed_shuf_row,T128_rank_fixed_shuf_tensor,T128_rank_best_real,T128_rank_best_shuf_row,T128_rank_best_shuf_tensor,T128_rank_unary_real,T128_rank_unary_shuf_row,T128_rank_unary_shuf_tensor,T128_rank_rice_real,T128_rank_rice_shuf_row,T128_rank_rice_shuf_tensor
model.language_model.embed_tokens.weight,embed,embed_tokens,,262144x3840,1006632960,39,2.5663,10.6047,12.7403,12.7406,12.7539,13.0009,13.0016,13.0098,12.7438,12.744,12.7572,12.4647,12.465,12.4836,11.5844,11.5841,11.5859,11.3661,11.3661,11.3664,10.9533,10.9533,10.9534,10.8148,10.8148,10.8159,12.09,12.0903,12.0964,12.406,12.4054,12.4163,12.0942,12.0944,12.1008,11.7327,11.7327,11.7495,11.6891,11.6886,11.6927,11.2782,11.2782,11.2781,10.8496,10.8496,10.8496,10.7327,10.7327,10.7337,11.6637,11.6637,11.667,12.3146,12.3144,12.327,11.6711,11.6712,11.6746,11.2949,11.2948,11.3105,11.8795,11.8791,11.8856,11.2417,11.2417,11.2419,10.7983,10.7983,10.7983,10.6941,10.6941,10.6949
model.language_model.layers.0.mlp.down_proj.weight,linear,mlp,0,3840x15360,58982400,31,2.7422,10.782,12.9508,12.9507,13.0071,13.1925,13.1923,13.2758,12.9531,12.953,13.0088,12.7649,12.7643,12.8575,11.7571,11.7571,11.8363,11.4924,11.4924,11.5194,11.2296,11.2296,11.2324,10.9833,10.9834,10.991,12.2008,12.2008,12.2431,12.6763,12.6757,12.8121,12.2065,12.2066,12.2483,12.0106,12.0106,12.0999,11.8709,11.8707,11.9633,11.4039,11.4038,11.4297,11.1262,11.1262,11.1281,10.896,10.896,10.9013,11.753,11.7529,11.7954,12.5294,12.529,12.6268,11.7577,11.7577,11.7979,11.5599,11.5596,11.6451,12.0091,12.0088,12.0616,11.3648,11.3646,11.3844,11.0746,11.0746,11.0757,10.8519,10.8519,10.8543
model.language_model.layers.0.mlp.gate_proj.weight,linear,mlp,0,15360x3840,58982400,31,2.7912,10.8263,13.025,13.025,13.0841,13.2891,13.2887,13.3455,13.0276,13.0278,13.0864,12.8851,12.8853,12.977,11.7967,11.7965,11.8182,11.5216,11.5216,11.5265,11.3239,11.3239,11.3259,11.0229,11.0228,11.0287,12.2498,12.2496,12.2749,12.782,12.7807,12.8743,12.2562,12.2559,12.2822,12.1227,12.1223,12.2061,11.9161,11.9158,11.9493,11.4395,11.4394,11.4435,11.2204,11.2203,11.2215,10.9319,10.9319,10.9352,11.8032,11.8031,11.8222,12.5812,12.581,12.6408,11.8073,11.8073,11.8256,11.6628,11.6626,11.743,12.0371,12.037,12.0611,11.4017,11.4017,11.4047,11.1687,11.1687,11.1695,10.8865,10.8865,10.8879
model.language_model.layers.0.mlp.up_proj.weight,linear,mlp,0,15360x3840,58982400,31,2.7135,10.7573,12.9147,12.9148,12.9759,13.1449,13.1446,13.2181,12.9175,12.9177,12.978,12.6938,12.6933,12.7951,11.7297,11.7294,11.7525,11.466,11.4661,11.4735,11.1876,11.1876,11.1902,10.9618,10.9618,10.9682,12.183,12.1829,12.2181,12.6273,12.6266,12.7326,12.1884,12.1883,12.2243,11.9494,11.949,12.0411,11.8532,11.853,11.8866,11.3809,11.3809,11.3872,11.0844,11.0844,11.086,10.8745,10.8744,10.8792,11.7392,11.7391,11.7681,12.5068,12.5065,12.5769,11.7444,11.7444,11.7725,11.5005,11.5006,11.5876,12.0029,12.0029,12.0288,11.3447,11.3446,11.3495,11.033,11.033,11.0341,10.8316,10.8316,10.8344
model.language_model.layers.0.self_attn.k_proj.weight,linear,attn,0,2048x3840,7864320,29,2.7569,10.8055,12.943,12.9432,13.0327,13.1724,13.1728,13.2871,12.9457,12.946,13.0347,12.7472,12.7471,12.8925,11.7564,11.7569,11.7927,11.4921,11.4922,11.5029,11.2715,11.2715,11.2748,11.0053,11.0053,11.0144,12.1938,12.1942,12.2493,12.652,12.6529,12.8156,12.1998,12.2,12.2558,11.998,11.9978,12.1307,11.8735,11.8751,11.9261,11.409,11.4093,11.4181,11.1683,11.1683,11.1705,10.9167,10.9168,10.9229,11.7489,11.7492,11.7973,12.5174,12.5204,12.6163,11.7541,11.7543,11.8011,11.5486,11.5484,11.6738,12.013,12.0145,12.049,11.3728,11.373,11.3789,11.1169,11.1169,11.1185,10.8731,10.8731,10.8763
model.language_model.layers.0.self_attn.o_proj.weight,linear,attn,0,3840x4096,15728640,27,2.7681,10.8148,12.8474,12.9418,13.0503,13.0746,13.1854,13.2967,12.8507,12.9439,13.0526,12.5915,12.744,12.9185,11.7479,11.7767,11.7874,11.4912,11.4998,11.5037,11.2838,11.2862,11.2888,11.0009,11.0091,11.0157,12.1447,12.201,12.2534,12.5236,12.6859,12.8192,12.1492,12.2062,12.2607,11.8552,11.9949,12.1544,11.8625,11.9022,11.9221,11.4104,11.4179,11.4201,11.1821,11.1834,11.1846,10.9146,10.9199,10.9235,11.7052,11.7565,11.8006,12.429,12.5482,12.6166,11.7108,11.7606,11.8046,11.4145,11.545,11.6965,12.0032,12.0321,12.0488,11.3747,11.3804,11.3825,11.1312,11.1319,11.1327,10.8721,10.8752,10.8769
model.language_model.layers.0.self_attn.q_proj.weight,linear,attn,0,4096x3840,15728640,31,2.7679,10.8127,12.9213,12.9218,13.0505,13.1545,13.1551,13.3301,12.9243,12.9248,13.0526,12.71,12.7106,12.9157,11.7793,11.7799,11.8426,11.5196,11.5197,11.5411,11.2712,11.2712,11.2754,10.9981,10.9982,11.0105,12.1872,12.1869,12.2753,12.6395,12.6377,12.8923,12.1923,12.1921,12.281,11.9673,11.967,12.1599,11.8921,11.892,11.971,11.4412,11.4411,11.4592,11.1677,11.1676,11.1706,10.9096,10.9095,10.9181,11.7446,11.7445,11.8298,12.5157,12.5157,12.6602,11.7493,11.7492,11.8324,11.5204,11.5201,11.6993,12.0228,12.023,12.0689,11.4071,11.4069,11.4183,11.1164,11.1164,11.1183,10.8668,10.8668,10.8712
model.language_model.layers.0.self_attn.v_proj.weight,linear,attn,0,2048x3840,7864320,29,2.9127,10.9417,13.1532,13.1537,13.2346,13.4739,13.4743,13.5923,13.1562,13.1568,13.2381,13.1221,13.123,13.2727,11.891,11.8914,11.9332,11.6229,11.6234,11.6378,11.5798,11.5798,11.5818,11.141,11.1412,11.1499,12.3359,12.336,12.3837,12.9521,12.9529,13.1008,12.3424,12.3425,12.3912,12.3423,12.3426,12.4818,11.9895,11.9892,12.04,11.551,11.5512,11.5661,11.4758,11.4758,11.4773,11.0496,11.0497,11.0537,11.8894,11.8898,11.9368,12.6551,12.6546,12.7193,11.8925,11.8928,11.9384,11.8722,11.8723,12.005,12.0739,12.0734,12.0983,11.5144,11.5146,11.5247,11.424,11.4239,11.4251,11.0035,11.0035,11.0057
model.language_model.layers.1.mlp.down_proj.weight,linear,mlp,1,3840x15360,58982400,31,2.6755,10.7132,12.8731,12.873,12.9167,13.1017,13.102,13.1456,12.8753,12.8752,12.9184,12.6364,12.6368,12.7062,11.6913,11.6914,11.7169,11.4359,11.436,11.442,11.1234,11.1234,11.1248,10.9184,10.9184,10.9235,12.1552,12.1552,12.1778,12.5542,12.5543,12.6215,12.1599,12.1598,12.1825,11.8921,11.8923,11.9567,11.8087,11.8089,11.8485,11.3447,11.3447,11.3502,11.0201,11.0201,11.0212,10.8345,10.8346,10.8384,11.7098,11.7097,11.7282,12.4522,12.4522,12.515,11.7151,11.715,11.7325,11.4502,11.4503,11.513,11.9712,11.9713,12.0049,11.3053,11.3053,11.3097,10.9685,10.9685,10.9693,10.7923,10.7923,10.7944
model.language_model.layers.1.mlp.gate_proj.weight,linear,mlp,1,15360x3840,58982400,32,2.795,10.8328,13.0078,13.0081,13.0885,13.2678,13.2679,13.3521,13.0104,13.0108,13.0908,12.8573,12.8579,12.9848,11.788,11.7879,11.8184,11.5216,11.5217,11.53,11.3323,11.3322,11.3338,11.0267,11.0268,11.0367,12.2395,12.2393,12.2787,12.762,12.7623,12.8836,12.2456,12.2455,12.2864,12.1,12.1,12.2146,11.9043,11.9042,11.9495,11.441,11.441,11.4491,11.2284,11.2284,11.2294,10.9371,10.9371,10.9431,11.7937,11.7937,11.8276,12.5712,12.5698,12.6446,11.7982,11.7983,11.8311,11.6424,11.6423,11.7511,12.0305,12.0298,12.0623,11.4045,11.4044,11.4115,11.1766,11.1766,11.1774,10.8927,10.8926,10.8961
model.language_model.layers.1.mlp.up_proj.weight,linear,mlp,1,15360x3840,58982400,30,2.746,10.795,12.9802,12.9808,13.0216,13.2044,13.2053,13.2554,12.9828,12.9834,13.0237,12.804,12.8053,12.871,11.7367,11.7368,11.7555,11.4755,11.4757,11.4807,11.2545,11.2545,11.2562,10.9968,10.9968,11.0017,12.2097,12.2099,12.2328,12.6889,12.689,12.7607,12.2167,12.2169,12.2403,12.0487,12.0493,12.1074,11.8613,11.8616,11.8893,11.3912,11.3914,11.3954,11.151,11.151,11.1522,10.9074,10.9074,10.9106,11.7603,11.7603,11.779,12.5353,12.5349,12.5844,11.7661,11.7661,11.7839,11.5955,11.5959,11.6514,12.0096,12.0103,12.0316,11.3559,11.3561,11.3592,11.0995,11.0995,11.1004,10.863,10.8631,10.8647
model.language_model.layers.1.self_attn.k_proj.weight,linear,attn,1,2048x3840,7864320,26,2.685,10.7205,12.866,12.8654,12.9314,13.0838,13.0839,13.1613,12.8689,12.8686,12.9334,12.6176,12.617,12.7318,11.6928,11.6935,11.7036,11.4366,11.4367,11.4399,11.1397,11.1398,11.1411,10.9301,10.9301,10.9357,12.1518,12.1514,12.1859,12.5425,12.5406,12.6383,12.1565,12.1561,12.1917,11.8799,11.8796,11.9791,11.8153,11.8163,11.8338,11.3488,11.3489,11.3507,11.0365,11.0365,11.0375,10.8452,10.8452,10.8492,11.7088,11.7089,11.7345,12.4534,12.4521,12.5154,11.7145,11.7145,11.7397,11.4383,11.4384,11.531,11.9769,11.977,11.9959,11.3115,11.3114,11.3134,10.9849,10.9849,10.9858,10.8028,10.8028,10.8051
model.language_model.layers.1.self_attn.o_proj.weight,linear,attn,1,3840x4096,15728640,28,2.7473,10.7956,12.7927,12.869,13.0233,13.0096,13.0874,13.2569,12.7965,12.8722,13.0253,12.5021,12.6136,12.8743,11.7258,11.7476,11.7612,11.4711,11.4771,11.4823,11.2549,11.2563,11.2591,10.9873,10.9925,11.0017,12.1122,12.1567,12.2318,12.4342,12.5542,12.7603,12.1159,12.1612,12.2388,11.7763,11.8788,12.1095,11.8406,11.8712,11.8941,11.3875,11.392,11.3952,11.1526,11.1537,11.1555,10.9026,10.9061,10.9112,11.6759,11.7151,11.7767,12.3622,12.4634,12.5868,11.6819,11.7202,11.781,11.3428,11.4376,11.6542,11.9838,12.0067,12.0285,11.3516,11.3545,11.357,11.1012,11.1019,11.1037,10.8606,10.8624,10.8649
model.language_model.layers.1.self_attn.q_proj.weight,linear,attn,1,4096x3840,15728640,29,2.6753,10.7105,12.8588,12.8589,12.9158,13.0815,13.0818,13.1513,12.8617,12.8618,12.918,12.6101,12.61,12.7097,11.6852,11.6856,11.7031,11.432,11.4324,11.4379,11.1216,11.1217,11.123,10.9206,10.9207,10.9254,12.149,12.149,12.181,12.5383,12.5378,12.6311,12.1537,12.1536,12.1866,11.8723,11.8724,11.9598,11.8081,11.8083,11.8342,11.3444,11.3445,11.349,11.0184,11.0184,11.0194,10.8359,10.8358,10.8391,11.7073,11.7074,11.7321,12.45,12.4507,12.5129,11.713,11.713,11.7373,11.4313,11.4311,11.5127,11.9757,11.9751,11.9972,11.3079,11.308,11.3115,10.9669,10.9669,10.9677,10.7938,10.7937,10.7956
model.language_model.layers.1.self_attn.v_proj.weight,linear,attn,1,2048x3840,7864320,27,2.7977,10.8454,13.0543,13.0544,13.0865,13.3004,13.2998,13.3511,13.0568,13.0567,13.0888,12.9348,12.9347,12.9911,11.7911,11.7912,11.8138,11.5146,11.5148,11.5239,11.3491,11.3492,11.3507,11.0433,11.0434,11.0475,12.2519,12.2521,12.2744,12.7975,12.7975,12.8711,12.2597,12.2598,12.282,12.1656,12.1656,12.2177,11.9142,11.9147,11.9449,11.4313,11.4318,11.4411,11.2454,11.2454,11.2466,10.9512,10.9511,10.9541,11.7997,11.7998,11.8206,12.5933,12.5926,12.6388,11.8045,11.8045,11.824,11.7062,11.7059,11.7567,12.039,12.0388,12.0592,11.3943,11.3945,11.4025,11.1936,11.1936,11.1945,10.9048,10.9048,10.9068
model.language_model.layers.10.mlp.down_proj.weight,linear,mlp,10,3840x15360,58982400,32,2.6307,10.6711,12.8293,12.8291,12.8702,13.0245,13.0247,13.0774,12.8326,12.8325,12.8731,12.5341,12.5343,12.5949,11.7213,11.7213,11.7415,11.4373,11.4371,11.4538,11.0508,11.0507,11.0528,10.8635,10.8635,10.8719,12.1275,12.1274,12.1599,12.4587,12.4593,12.5655,12.1307,12.1306,12.1629,11.8071,11.8073,11.869,11.8543,11.8547,11.879,11.3405,11.3405,11.3612,10.9474,10.9474,10.9488,10.7809,10.781,10.7877,11.684,11.6841,11.7172,12.3996,12.4006,12.5041,11.6886,11.6888,11.7205,11.375,11.3752,11.435,12.0134,12.0145,12.0303,11.2957,11.2957,11.3187,10.8955,10.8955,10.8965,10.7392,10.7392,10.7444
model.language_model.layers.10.mlp.gate_proj.weight,linear,mlp,10,15360x3840,58982400,31,2.6667,10.7023,12.75,12.7501,12.9143,12.9788,12.9784,13.1225,12.7542,12.7543,12.9169,12.4444,12.4441,12.6973,11.6411,11.6415,11.6518,11.4141,11.4142,11.4162,11.1183,11.1182,11.1236,10.9161,10.916,10.9288,12.0903,12.0904,12.1691,12.3801,12.3801,12.5732,12.0935,12.0936,12.1763,11.7195,11.7197,11.946,11.7515,11.7522,11.7728,11.3297,11.3299,11.328,11.018,11.018,11.0197,10.8341,10.8341,10.8413,11.6588,11.6588,11.7178,12.3063,12.3063,12.458,11.6649,11.665,11.7258,11.2884,11.2885,11.4967,11.92,11.9208,11.9479,11.2944,11.2945,11.2944,10.968,10.968,10.9683,10.7947,10.7947,10.7983
model.language_model.layers.10.mlp.up_proj.weight,linear,mlp,10,15360x3840,58982400,32,2.6098,10.6393,12.7719,12.7723,12.8269,13.0088,13.0089,13.0582,12.7761,12.7765,12.8307,12.4888,12.4887,12.5732,11.625,11.6252,11.6289,11.3964,11.3966,11.3978,11.0199,11.0199,11.0217,10.8679,10.868,10.8727,12.1075,12.1075,12.1377,12.4381,12.4377,12.5116,12.1114,12.1115,12.1433,11.7634,11.7635,11.8405,11.7405,11.7404,11.7472,11.3135,11.3135,11.3131,10.9166,10.9166,10.9171,10.7848,10.7848,10.788,11.6774,11.6772,11.7005,12.3655,12.3642,12.4211,11.6839,11.6838,11.7084,11.3275,11.3275,11.3959,11.9191,11.9183,11.9285,11.2796,11.2796,11.2795,10.8655,10.8655,10.8655,10.746,10.746,10.7482
model.language_model.layers.10.self_attn.k_proj.weight,linear,attn,10,2048x3840,7864320,28,2.6425,10.6751,12.7597,12.7606,12.8758,12.99,12.9895,13.1058,12.7641,12.765,12.8789,12.4614,12.4621,12.6409,11.6515,11.6525,11.6656,11.4154,11.4147,11.4204,11.0726,11.0727,11.0765,10.8974,10.8976,10.908,12.0989,12.0988,12.1638,12.4084,12.409,12.5814,12.1023,12.1022,12.1698,11.7388,11.7392,11.9014,11.7691,11.7702,11.7917,11.3326,11.332,11.3357,10.9706,10.9706,10.972,10.8145,10.8145,10.8222,11.6682,11.6684,11.7215,12.3398,12.3465,12.4773,11.6742,11.6744,11.7283,11.3068,11.3069,11.4539,11.9394,11.9428,11.9638,11.2984,11.2983,11.3016,10.9196,10.9197,10.9204,10.7754,10.7754,10.7812
model.language_model.layers.10.self_attn.o_proj.weight,linear,attn,10,3840x4096,15728640,31,2.5999,10.6489,12.7586,12.7872,12.8318,12.9651,12.9845,13.0324,12.7634,12.7917,12.8356,12.4358,12.468,12.5328,11.6893,11.6914,11.6938,11.415,11.4205,11.4312,10.9928,10.9937,10.9964,10.836,10.8381,10.8447,12.092,12.1081,12.1378,12.3686,12.4086,12.4977,12.0946,12.1107,12.1407,11.7173,11.7498,11.8125,11.8172,11.8212,11.8247,11.3234,11.3289,11.3427,10.8899,10.8908,10.8923,10.7558,10.7577,10.7624,11.6571,11.6702,11.6986,12.3097,12.3624,12.4514,11.6623,11.6746,11.7026,11.2907,11.3229,11.3803,11.9774,11.9802,11.9847,11.2828,11.2872,11.3036,10.8388,10.8394,10.84,10.717,10.7185,10.7216
model.language_model.layers.10.self_attn.q_proj.weight,linear,attn,10,4096x3840,15728640,31,2.6314,10.6634,12.7595,12.7596,12.8553,12.9863,12.9871,13.0928,12.7641,12.7641,12.8588,12.4589,12.4594,12.6124,11.6444,11.645,11.6716,11.4093,11.4101,11.4198,11.0526,11.0527,11.0565,10.8865,10.8868,10.8971,12.0985,12.0983,12.1581,12.406,12.406,12.5766,12.1018,12.1016,12.1633,11.7379,11.7381,11.8799,11.7639,11.7647,11.8014,11.3274,11.3277,11.336,10.9502,10.9502,10.952,10.8039,10.8039,10.8119,11.6679,11.668,11.72,12.3421,12.3431,12.4811,11.6739,11.6739,11.7263,11.3063,11.3066,11.4347,11.9447,11.9454,11.9787,11.2938,11.294,11.3018,10.8994,10.8994,10.9003,10.7654,10.7655,10.7717
model.language_model.layers.10.self_attn.v_proj.weight,linear,attn,10,2048x3840,7864320,27,2.5888,10.619,12.7678,12.7689,12.7991,12.9945,12.9957,13.0253,12.7729,12.774,12.8041,12.4702,12.4714,12.5135,11.6461,11.6457,11.6598,11.4091,11.4091,11.414,10.9858,10.9859,10.9871,10.8493,10.8495,10.8545,12.1085,12.1094,12.1303,12.4411,12.4424,12.5023,12.1119,12.1128,12.1338,11.7559,11.7566,11.7992,11.7704,11.7692,11.7905,11.3304,11.3301,11.3345,10.8816,10.8817,10.8825,10.7674,10.7674,10.7721,11.6815,11.6815,11.7017,12.3905,12.3918,12.4492,11.6873,11.6872,11.7071,11.3242,11.3241,11.3644,11.9458,11.9468,11.9685,11.2985,11.2987,11.302,10.8297,10.8298,10.8303,10.729,10.7292,10.7332
model.language_model.layers.11.mlp.down_proj.weight,linear,mlp,11,3840x15360,58982400,31,2.7179,10.7577,12.8892,12.8894,12.9754,13.1339,13.1338,13.2361,12.8928,12.8929,12.9776,12.6758,12.6757,12.8026,11.7201,11.7201,11.7808,11.4722,11.4723,11.49,11.1946,11.1946,11.1978,10.9603,10.9604,10.9734,12.1729,12.1729,12.2282,12.6051,12.6056,12.7736,12.1786,12.1786,12.2338,11.9348,11.9349,12.0531,11.8289,11.8288,11.9155,11.3907,11.3908,11.4052,11.0906,11.0906,11.0934,10.8741,10.8741,10.8839,11.7352,11.7352,11.7824,12.4768,12.4765,12.6031,11.7415,11.7415,11.7861,11.486,11.486,11.5996,11.98,11.9797,12.0428,11.3558,11.3558,11.3658,11.0395,11.0394,11.0413,10.8332,10.8332,10.8385
model.language_model.layers.11.mlp.gate_proj.weight,linear,mlp,11,15360x3840,58982400,31,2.6281,10.6636,12.7612,12.7612,12.8662,12.9859,12.9862,13.0792,12.7657,12.7657,12.8698,12.4589,12.4591,12.6067,11.6603,11.6599,11.6664,11.4233,11.4233,11.4254,11.0423,11.0422,11.047,10.8765,10.8764,10.887,12.0984,12.0985,12.1585,12.4034,12.4044,12.5598,12.1017,12.1017,12.1638,11.7375,11.7378,11.8769,11.7808,11.7804,11.7925,11.3435,11.3435,11.3431,10.9397,10.9397,10.9422,10.7938,10.7938,10.8015,11.6671,11.6671,11.719,12.3396,12.3393,12.4751,11.6729,11.6731,11.7256,11.3063,11.3065,11.432,11.9479,11.9474,11.9627,11.3108,11.3109,11.3111,10.8897,10.8896,10.8903,10.7558,10.7558,10.7606
model.language_model.layers.11.mlp.up_proj.weight,linear,mlp,11,15360x3840,58982400,31,2.6004,10.6319,12.7667,12.7669,12.8231,12.9925,12.9923,13.0399,12.7715,12.7718,12.8276,12.4687,12.4688,12.5441,11.6496,11.6497,11.653,11.4132,11.4132,11.4145,11.0024,11.0024,11.0048,10.8583,10.8584,10.8636,12.1042,12.1043,12.1385,12.4241,12.4236,12.5123,12.1076,12.1076,12.1428,11.7501,11.75,11.8239,11.7722,11.7722,11.7785,11.3341,11.3339,11.3338,10.8988,10.8988,10.9002,10.7759,10.776,10.78,11.6745,11.6745,11.7049,12.3637,12.3637,12.4484,11.6805,11.6804,11.7112,11.318,11.3179,11.3849,11.9448,11.9449,11.9527,11.3019,11.3019,11.302,10.8477,10.8477,10.848,10.7377,10.7377,10.7404
model.language_model.layers.11.self_attn.k_proj.weight,linear,attn,11,512x3840,1966080,25,2.5882,10.6304,12.7837,12.7839,12.8186,12.9832,12.9825,13.0095,12.7877,12.7879,12.822,12.4638,12.4634,12.508,11.645,11.646,11.6626,11.3987,11.3994,11.4038,10.981,10.9811,10.982,10.8264,10.8263,10.8308,12.1036,12.1034,12.1209,12.3931,12.3912,12.4382,12.1062,12.1058,12.1236,11.7408,11.7403,11.7831,11.7627,11.7651,11.7882,11.3009,11.302,11.3057,10.878,10.8781,10.8789,10.7467,10.7473,10.7506,11.6624,11.6622,11.675,12.332,12.3324,12.3836,11.667,11.6666,11.679,11.3137,11.3134,11.3534,11.9355,11.9399,11.9633,11.2567,11.2572,11.2613,10.8263,10.8263,10.8268,10.7082,10.7083,10.7107
model.language_model.layers.11.self_attn.o_proj.weight,linear,attn,11,3840x8192,31457280,32,2.6746,10.7063,12.7809,12.8367,12.9192,13.0034,13.0509,13.1627,12.7847,12.8392,12.9209,12.4866,12.5686,12.6991,11.7727,11.7908,11.7998,11.4507,11.4686,11.4853,11.1161,11.1173,11.1213,10.8998,10.9071,10.9177,12.1076,12.1309,12.193,12.4221,12.476,12.6771,12.1112,12.135,12.1968,11.7627,11.8294,11.957,11.8989,11.9204,11.9335,11.3519,11.3711,11.3929,11.0137,11.0148,11.0173,10.8186,10.8256,10.832,11.6731,11.686,11.7499,12.3555,12.3946,12.5681,11.6791,11.6916,11.7528,11.3427,11.3921,11.5134,12.0285,12.0436,12.0553,11.305,11.321,11.3473,10.9631,10.9635,10.9649,10.7782,10.7833,10.7868
model.language_model.layers.11.self_attn.q_proj.weight,linear,attn,11,8192x3840,31457280,33,2.611,10.6579,12.7636,12.7635,12.8445,12.975,12.9747,13.0494,12.7682,12.768,12.8478,12.4476,12.4474,12.5528,11.7043,11.704,11.7221,11.4205,11.4205,11.441,11.0131,11.0131,11.0161,10.8421,10.8421,10.8535,12.096,12.0957,12.1463,12.3839,12.3835,12.5252,12.0989,12.0985,12.1491,11.7275,11.7272,11.8307,11.8359,11.8355,11.8599,11.3253,11.3253,11.3494,10.9099,10.9098,10.9122,10.761,10.761,10.7709,11.6613,11.6612,11.7054,12.324,12.3244,12.4745,11.6666,11.6665,11.7089,11.2994,11.2994,11.3987,11.9996,11.9998,12.0196,11.2821,11.2824,11.3073,10.8584,10.8585,10.8599,10.7211,10.7212,10.7292
model.language_model.layers.12.mlp.down_proj.weight,linear,mlp,12,3840x15360,58982400,30,2.5707,10.6122,12.7823,12.7821,12.7909,12.9812,12.9812,12.9894,12.7854,12.7853,12.7939,12.4633,12.4634,12.4745,11.5944,11.594,11.6061,11.3745,11.3744,11.3767,10.9488,10.9488,10.9493,10.8109,10.8108,10.8124,12.0969,12.0968,12.1032,12.3632,12.3644,12.3845,12.0997,12.0996,12.1059,11.7326,11.7328,11.7447,11.6981,11.6979,11.7185,11.2766,11.2767,11.2792,10.8459,10.8459,10.8464,10.7322,10.7322,10.7337,11.6529,11.653,11.6587,12.2878,12.2881,12.32,11.6582,11.6583,11.6635,11.304,11.3041,11.3168,11.8874,11.8877,11.9094,11.2346,11.2347,11.2369,10.7944,10.7944,10.7948,10.6947,10.6947,10.696
model.language_model.layers.12.mlp.gate_proj.weight,linear,mlp,12,15360x3840,58982400,31,2.5671,10.6092,12.755,12.755,12.7645,12.994,12.9938,13.0037,12.7581,12.7581,12.7673,12.4663,12.4662,12.4843,11.5732,11.5733,11.5741,11.3624,11.3625,11.3627,10.9597,10.9597,10.9599,10.8167,10.8167,10.8187,12.0907,12.0907,12.0948,12.3808,12.3809,12.3905,12.0946,12.0946,12.0989,11.7314,11.7314,11.7463,11.6727,11.6725,11.6747,11.2707,11.2708,11.2707,10.8565,10.8565,10.8565,10.7361,10.7361,10.7377,11.657,11.657,11.6591,12.291,12.2902,12.2995,11.6643,11.6642,11.6666,11.2957,11.2956,11.3092,11.8623,11.8623,11.8665,11.2329,11.233,11.2331,10.8052,10.8052,10.8052,10.6976,10.6976,10.6989
model.language_model.layers.12.mlp.up_proj.weight,linear,mlp,12,15360x3840,58982400,29,2.5745,10.6149,12.7651,12.7651,12.7744,13.0022,13.0023,13.0118,12.7682,12.7682,12.7772,12.482,12.4823,12.499,11.58,11.58,11.5812,11.3661,11.3661,11.3666,10.9701,10.9701,10.9703,10.8247,10.8247,10.8257,12.0965,12.0963,12.1001,12.3959,12.3963,12.4046,12.1006,12.1004,12.1044,11.7469,11.747,11.7602,11.6818,11.6815,11.6841,11.2746,11.2747,11.2749,10.8668,10.8668,10.8669,10.7436,10.7436,10.7443,11.6617,11.6616,11.6631,12.3073,12.3069,12.3139,11.669,11.6689,11.6706,11.3101,11.3101,11.3223,11.872,11.8715,11.8749,11.2372,11.2372,11.2373,10.8155,10.8155,10.8156,10.7047,10.7046,10.7051
model.language_model.layers.12.self_attn.k_proj.weight,linear,attn,12,2048x3840,7864320,26,2.595,10.6337,12.7661,12.7653,12.8021,13.0002,12.9991,13.0385,12.7696,12.7688,12.8047,12.4762,12.4762,12.5387,11.6051,11.6052,11.6101,11.3799,11.3798,11.3819,10.9979,10.9979,10.9989,10.8412,10.8413,10.8446,12.0987,12.0988,12.1162,12.4048,12.4037,12.451,12.1024,12.1026,12.1205,11.7455,11.7453,11.7984,11.7113,11.7118,11.7214,11.2892,11.2893,11.2902,10.895,10.895,10.8954,10.7601,10.7603,10.7625,11.6646,11.6649,11.6766,12.3226,12.3244,12.3649,11.6712,11.6715,11.6833,11.3105,11.3103,11.3599,11.896,11.8971,11.9109,11.2516,11.2518,11.2527,10.8436,10.8436,10.844,10.7208,10.7209,10.7225
model.language_model.layers.12.self_attn.o_proj.weight,linear,attn,12,3840x4096,15728640,30,2.603,10.6386,12.754,12.7897,12.8136,12.9841,13.0218,13.0459,12.7581,12.793,12.8162,12.4549,12.5145,12.5575,11.5989,11.6026,11.6095,11.3792,11.3806,11.3825,11.0074,11.0082,11.0088,10.8465,10.8492,10.8518,12.092,12.1109,12.1214,12.3851,12.4337,12.4602,12.0955,12.1153,12.1263,11.7281,11.7796,11.8151,11.705,11.71,11.7216,11.2898,11.2904,11.2916,10.9048,10.905,10.9052,10.7655,10.767,10.7688,11.6597,11.6741,11.6797,12.3068,12.3464,12.3682,11.6664,11.6812,11.6871,11.2953,11.3411,11.3745,11.8892,11.8954,11.9107,11.2529,11.2537,11.2548,10.8535,10.8536,10.8539,10.7265,10.7274,10.7286
model.language_model.layers.12.self_attn.q_proj.weight,linear,attn,12,4096x3840,15728640,28,2.5919,10.6309,12.7673,12.7676,12.7981,12.9963,12.996,13.0314,12.7706,12.771,12.8007,12.4749,12.4747,12.5325,11.5933,11.5934,11.6031,11.3752,11.3752,11.3777,10.9938,10.9938,10.9948,10.8385,10.8387,10.8417,12.0974,12.0972,12.1131,12.3948,12.394,12.4393,12.1011,12.1009,12.1175,11.7436,11.7431,11.7922,11.6983,11.6982,11.7124,11.2842,11.2841,11.2859,10.891,10.891,10.8914,10.7579,10.7579,10.76,11.6622,11.662,11.6731,12.3144,12.3136,12.3525,11.6689,11.6686,11.6801,11.3092,11.3092,11.354,11.8852,11.8845,11.902,11.2467,11.2466,11.2483,10.8397,10.8397,10.84,10.7189,10.7189,10.7201
model.language_model.layers.12.self_attn.v_proj.weight,linear,attn,12,2048x3840,7864320,28,2.5826,10.6225,12.7674,12.7668,12.7791,13.0102,13.0093,13.0279,12.7704,12.7698,12.7817,12.4918,12.4912,12.5122,11.5876,11.5866,11.6094,11.3702,11.3698,11.3779,10.9787,10.9788,10.9795,10.8278,10.8276,10.8314,12.099,12.0986,12.1086,12.4073,12.4063,12.444,12.1034,12.103,12.1126,11.7546,11.7544,11.7751,11.6923,11.6918,11.7218,11.2792,11.2792,11.2879,10.8753,10.8752,10.8759,10.7459,10.7459,10.7495,11.6641,11.6639,11.6741,12.3141,12.3157,12.3591,11.6717,11.6715,11.6806,11.3161,11.3161,11.3372,11.8866,11.888,11.9122,11.2417,11.2419,11.25,10.8239,10.824,10.8245,10.7067,10.7068,10.7099
model.language_model.layers.13.mlp.down_proj.weight,linear,mlp,13,3840x15360,58982400,31,2.5912,10.6317,12.7947,12.7946,12.8061,13.0131,13.013,13.0243,12.7972,12.7972,12.8084,12.508,12.5078,12.5244,11.6004,11.6005,11.6123,11.3786,11.3786,11.3815,10.9941,10.9942,10.9947,10.8409,10.8409,10.8431,12.1063,12.1063,12.1133,12.4056,12.4055,12.428,12.11,12.1101,12.1169,11.7696,11.7696,11.7857,11.7051,11.705,11.7246,11.2832,11.2833,11.286,10.8913,10.8914,10.8918,10.7617,10.7618,10.764,11.664,11.6639,11.6699,12.3198,12.3182,12.3518,11.6703,11.6703,11.6756,11.3349,11.3347,11.3515,11.8953,11.8949,11.9152,11.2436,11.2436,11.2463,10.84,10.84,10.8404,10.7231,10.7231,10.725
model.language_model.layers.13.mlp.gate_proj.weight,linear,mlp,13,15360x3840,58982400,31,2.5819,10.6213,12.7633,12.7637,12.7856,12.9984,12.9986,13.0193,12.7666,12.767,12.7883,12.4746,12.4749,12.5142,11.5827,11.5828,11.5852,11.3689,11.369,11.3696,10.9808,10.9808,10.9812,10.8307,10.8306,10.8326,12.0957,12.0957,12.1048,12.3932,12.3929,12.4139,12.0995,12.0996,12.1094,11.741,11.741,11.7739,11.6841,11.6841,11.689,11.2776,11.2777,11.2776,10.8777,10.8777,10.8777,10.7497,10.7497,10.751,11.6612,11.6612,11.6661,12.3051,12.3043,12.323,11.6682,11.6681,11.6736,11.3055,11.3055,11.3355,11.8725,11.8719,11.8789,11.2401,11.2401,11.2402,10.8264,10.8264,10.8265,10.7108,10.7108,10.7115
model.language_model.layers.13.mlp.up_proj.weight,linear,mlp,13,15360x3840,58982400,30,2.5892,10.6264,12.7749,12.7747,12.7946,13.0085,13.0081,13.029,12.7782,12.7781,12.7973,12.4931,12.493,12.5296,11.5917,11.5913,11.5938,11.3734,11.3731,11.3742,10.9888,10.9888,10.9893,10.837,10.837,10.8389,12.1029,12.1027,12.1109,12.4133,12.4122,12.4319,12.107,12.1069,12.1156,11.7599,11.7598,11.789,11.697,11.6963,11.7003,11.2829,11.2827,11.283,10.8857,10.8857,10.8858,10.7555,10.7554,10.7566,11.6677,11.6677,11.6715,12.3267,12.3261,12.3405,11.6749,11.6749,11.679,11.3228,11.3227,11.3491,11.8846,11.8844,11.8899,11.2458,11.2458,11.2461,10.8343,10.8343,10.8345,10.7162,10.7162,10.7169
model.language_model.layers.13.self_attn.k_proj.weight,linear,attn,13,2048x3840,7864320,26,2.6066,10.6447,12.7753,12.7748,12.8208,13.0,12.9991,13.0493,12.7787,12.7781,12.8231,12.4808,12.4803,12.5621,11.6101,11.6111,11.6176,11.3838,11.3842,11.3861,11.016,11.016,11.0172,10.8519,10.8519,10.8561,12.1013,12.1014,12.1241,12.4042,12.4026,12.4632,12.1048,12.105,12.1286,11.7505,11.7504,11.8192,11.7182,11.7204,11.7317,11.2928,11.2927,11.2935,10.9133,10.9133,10.9138,10.771,10.7711,10.7737,11.6652,11.6649,11.6804,12.3224,12.3249,12.374,11.6714,11.6711,11.6871,11.3168,11.3169,11.38,11.9038,11.9066,11.9205,11.2549,11.2551,11.2559,10.8619,10.8619,10.8623,10.7315,10.7314,10.7332
model.language_model.layers.13.self_attn.o_proj.weight,linear,attn,13,3840x4096,15728640,30,2.6211,10.6564,12.7588,12.7999,12.8379,12.986,13.0323,13.0734,12.7632,12.8034,12.8408,12.4595,12.5299,12.5957,11.6227,11.6261,11.6342,11.3926,11.394,11.3975,11.033,11.0351,11.0373,10.8642,10.8683,10.873,12.0963,12.1196,12.1395,12.4004,12.4643,12.5161,12.0998,12.1242,12.145,11.7364,11.7977,11.8547,11.7388,11.7429,11.7544,11.307,11.3072,11.3096,10.932,10.9327,10.9336,10.782,10.7849,10.7884,11.6651,11.684,11.6979,12.3311,12.3796,12.4181,11.6714,11.691,11.7053,11.3041,11.3579,11.4104,11.9248,11.9301,11.9423,11.2714,11.272,11.2742,10.8816,10.8818,10.8823,10.7432,10.7451,10.7477
model.language_model.layers.13.self_attn.q_proj.weight,linear,attn,13,4096x3840,15728640,29,2.6022,10.6406,12.772,12.7722,12.8147,12.9965,12.996,13.0435,12.7754,12.7757,12.8172,12.4764,12.4767,12.5535,11.6023,11.6024,11.6108,11.3801,11.3802,11.3831,11.0096,11.0095,11.0108,10.8478,10.8478,10.852,12.0998,12.0996,12.1199,12.3993,12.4009,12.4536,12.1032,12.1031,12.1244,11.747,11.747,11.8109,11.7096,11.7091,11.7223,11.2893,11.2895,11.2908,10.907,10.9069,10.9073,10.7672,10.7672,10.7697,11.6638,11.6639,11.6776,12.3227,12.3223,12.3661,11.67,11.6701,11.6843,11.3141,11.314,11.3722,11.8955,11.8952,11.9107,11.2519,11.2519,11.2531,10.8557,10.8557,10.856,10.7281,10.728,10.7295
model.language_model.layers.13.self_attn.v_proj.weight,linear,attn,13,2048x3840,7864320,28,2.5937,10.633,12.7841,12.7853,12.7976,13.0178,13.0184,13.0391,12.7869,12.7879,12.8001,12.5125,12.5134,12.535,11.5896,11.5897,11.6153,11.3727,11.3726,11.3824,10.9972,10.9972,10.998,10.838,10.8381,10.8425,12.1046,12.1049,12.1166,12.4141,12.414,12.4574,12.1091,12.1095,12.1209,11.7731,11.7731,11.7955,11.6965,11.6951,11.7311,11.2814,11.2812,11.2917,10.8938,10.8937,10.8946,10.756,10.7558,10.7603,11.6664,11.6665,11.6781,12.3215,12.3219,12.3738,11.674,11.6742,11.6847,11.334,11.3339,11.3567,11.8921,11.8889,11.92,11.2441,11.244,11.254,10.8424,10.8424,10.8432,10.716,10.716,10.72
model.language_model.layers.14.mlp.down_proj.weight,linear,mlp,14,3840x15360,58982400,30,2.5878,10.6278,12.7829,12.7829,12.7923,13.0181,13.0183,13.0275,12.7857,12.7857,12.7948,12.508,12.508,12.5236,11.5945,11.5947,11.6007,11.3746,11.3746,11.3758,10.9894,10.9894,10.9897,10.8365,10.8365,10.8379,12.1053,12.1051,12.1102,12.4178,12.4176,12.4321,12.1096,12.1094,12.1145,11.7699,11.7697,11.7838,11.6996,11.6993,11.7107,11.2827,11.2827,11.2839,10.886,10.886,10.8863,10.755,10.7549,10.7562,11.6676,11.6676,11.671,12.327,12.3268,12.3458,11.6748,11.6747,11.6778,11.3321,11.3321,11.3459,11.8885,11.8879,11.9034,11.2449,11.2449,11.2461,10.8347,10.8347,10.835,10.7155,10.7155,10.7165
model.language_model.layers.14.mlp.gate_proj.weight,linear,mlp,14,15360x3840,58982400,31,2.5802,10.6166,12.7575,12.7576,12.7762,13.0048,13.0051,13.0249,12.7612,12.7613,12.7794,12.4779,12.4784,12.5133,11.5918,11.5921,11.5939,11.3727,11.3727,11.3731,10.9729,10.9729,10.9732,10.8285,10.8286,10.8301,12.0983,12.0985,12.1075,12.4171,12.4171,12.4384,12.1024,12.1027,12.1124,11.7478,11.748,11.7772,11.6982,11.6987,11.7019,11.2852,11.2852,11.2849,10.8694,10.8694,10.8695,10.7462,10.7462,10.7472,11.6689,11.6688,11.6743,12.3321,12.331,12.3481,11.6762,11.6761,11.6821,11.3104,11.3103,11.3362,11.8858,11.8859,11.8912,11.2491,11.2492,11.2492,10.8181,10.8181,10.8181,10.7073,10.7073,10.7079
model.language_model.layers.14.mlp.up_proj.weight,linear,mlp,14,15360x3840,58982400,30,2.5879,10.6322,12.7818,12.7817,12.7988,13.0075,13.0075,13.0234,12.7848,12.7847,12.8012,12.4958,12.4959,12.5237,11.5907,11.5902,11.5932,11.3728,11.3726,11.3739,10.9912,10.9911,10.9918,10.8375,10.8375,10.8395,12.1028,12.103,12.1095,12.4037,12.4046,12.4187,12.1068,12.107,12.1137,11.7601,11.7606,11.7823,11.6939,11.694,11.6987,11.2796,11.2796,11.2802,10.8884,10.8884,10.8886,10.7572,10.7572,10.7589,11.6644,11.6643,11.6672,12.3175,12.3173,12.3323,11.6713,11.6713,11.674,11.3243,11.3241,11.3453,11.882,11.8823,11.8891,11.2413,11.2413,11.2419,10.837,10.837,10.8373,10.7182,10.7182,10.7195
model.language_model.layers.14.self_attn.k_proj.weight,linear,attn,14,2048x3840,7864320,27,2.6102,10.6458,12.7739,12.7733,12.8227,12.9997,12.9974,13.0553,12.7778,12.7771,12.8253,12.4805,12.4787,12.5705,11.6141,11.6147,11.6195,11.3858,11.3863,11.3879,11.0186,11.0186,11.0197,10.8545,10.8545,10.8586,12.1028,12.1025,12.1267,12.4099,12.4108,12.4783,12.1064,12.1061,12.1314,11.7521,11.7516,11.8282,11.7249,11.7249,11.7348,11.2966,11.2967,11.2972,10.9159,10.9158,10.9163,10.7732,10.7731,10.7758,11.668,11.6682,11.6846,12.3358,12.339,12.3885,11.6743,11.6743,11.6913,11.3186,11.3187,11.3881,11.9081,11.9087,11.9203,11.2596,11.2598,11.2603,10.8645,10.8645,10.8649,10.7337,10.7337,10.7352
model.language_model.layers.14.self_attn.o_proj.weight,linear,attn,14,3840x4096,15728640,31,2.5908,10.6306,12.7561,12.7766,12.7936,12.993,13.0143,13.0349,12.7598,12.7797,12.7963,12.4661,12.501,12.5289,11.5921,11.5952,11.6143,11.3733,11.375,11.3812,10.991,10.9917,10.9925,10.8342,10.8362,10.8397,12.0935,12.103,12.1146,12.3923,12.4148,12.4521,12.0974,12.1074,12.1188,11.7356,11.7633,11.7898,11.6985,11.7016,11.7295,11.283,11.284,11.2903,10.8881,10.8884,10.889,10.7532,10.7545,10.7577,11.6616,11.6668,11.6765,12.3099,12.3237,12.3661,11.6689,11.6742,11.683,11.3004,11.3251,11.3512,11.8905,11.8944,11.9217,11.2458,11.2465,11.2524,10.8369,10.8371,10.8376,10.7143,10.7151,10.7178
model.language_model.layers.14.self_attn.q_proj.weight,linear,attn,14,4096x3840,15728640,28,2.6118,10.6461,12.7753,12.7755,12.8245,13.001,13.0009,13.0594,12.779,12.7791,12.8272,12.4825,12.4826,12.5761,11.6121,11.613,11.6199,11.3877,11.3875,11.3893,11.0198,11.0198,11.0208,10.8577,10.8578,10.8611,12.1031,12.103,12.1295,12.4106,12.4104,12.4856,12.1068,12.1067,12.1348,11.7535,11.7535,11.834,11.7215,11.7233,11.7349,11.299,11.299,11.2998,10.9168,10.9168,10.9172,10.7754,10.7755,10.7774,11.6676,11.6676,11.6882,12.3345,12.3362,12.3924,11.6741,11.674,11.6956,11.3193,11.3197,11.3917,11.9056,11.9068,11.922,11.2629,11.263,11.2637,10.8655,10.8655,10.8658,10.7358,10.7359,10.7369
model.language_model.layers.14.self_attn.v_proj.weight,linear,attn,14,2048x3840,7864320,29,2.6252,10.6621,12.8308,12.8312,12.8451,13.0611,13.0607,13.0815,12.8332,12.8337,12.8475,12.5787,12.5797,12.6034,11.6171,11.6183,11.6407,11.3914,11.3915,11.4,11.0453,11.0455,11.0461,10.8669,10.8672,10.8709,12.1291,12.1298,12.1411,12.4751,12.4766,12.5177,12.1346,12.1353,12.1464,11.8318,11.8324,11.8567,11.7301,11.7318,11.7606,11.3006,11.3009,11.3097,10.9419,10.942,10.9426,10.7829,10.7832,10.7867,11.6854,11.6854,11.6967,12.3775,12.3777,12.421,11.6931,11.6931,11.7034,11.3882,11.3879,11.4131,11.9204,11.9204,11.9461,11.2645,11.2646,11.2731,10.8906,10.8906,10.8912,10.7417,10.7419,10.7451
model.language_model.layers.15.mlp.down_proj.weight,linear,mlp,15,3840x15360,58982400,32,2.5907,10.6263,12.7822,12.7822,12.7901,13.0287,13.029,13.0373,12.7855,12.7854,12.7933,12.5185,12.5186,12.5321,11.6038,11.6039,11.6088,11.3794,11.3796,11.3804,10.9875,10.9875,10.9878,10.8389,10.8389,10.84,12.1106,12.1107,12.1155,12.4472,12.4469,12.4609,12.1153,12.1155,12.1203,11.7827,11.7828,11.7955,11.7134,11.7134,11.7224,11.2913,11.2913,11.2922,10.8838,10.8838,10.8841,10.7559,10.7558,10.7569,11.6772,11.6772,11.6804,12.3549,12.3548,12.3713,11.6847,11.6847,11.6879,11.3422,11.3422,11.3545,11.9004,11.8999,11.9119,11.2552,11.2552,11.2561,10.8325,10.8325,10.8327,10.7164,10.7164,10.7173
model.language_model.layers.15.mlp.gate_proj.weight,linear,mlp,15,15360x3840,58982400,31,2.5883,10.6324,12.7733,12.7731,12.7988,12.9996,12.9999,13.0235,12.7766,12.7764,12.8011,12.4791,12.4789,12.5237,11.5933,11.5933,11.5952,11.3738,11.3738,11.3747,10.9931,10.9931,10.9939,10.8368,10.8369,10.8405,12.1006,12.1005,12.1097,12.4013,12.4006,12.4199,12.1043,12.1041,12.1138,11.7475,11.7473,11.783,11.6979,11.6981,11.7011,11.2808,11.2808,11.2808,10.8906,10.8906,10.8908,10.757,10.757,10.7599,11.664,11.6639,11.6675,12.3183,12.318,12.3343,11.6704,11.6703,11.6742,11.3132,11.313,11.3462,11.8851,11.8856,11.8904,11.2423,11.2423,11.2424,10.8393,10.8393,10.8394,10.7183,10.7184,10.7204
model.language_model.layers.15.mlp.up_proj.weight,linear,mlp,15,15360x3840,58982400,31,2.59,10.629,12.7855,12.7853,12.8079,13.0032,13.0034,13.02,12.7885,12.7883,12.8101,12.4923,12.4924,12.5228,11.5988,11.5983,11.604,11.3769,11.3767,11.3786,10.9908,10.9908,10.9912,10.8392,10.8391,10.8405,12.1031,12.1029,12.1119,12.3987,12.3984,12.4172,12.1068,12.1066,12.1155,11.7582,11.7582,11.7837,11.7031,11.7021,11.7128,11.2816,11.2814,11.2828,10.8879,10.8879,10.8884,10.7597,10.7597,10.7613,11.6628,11.6627,11.6669,12.3165,12.3149,12.3388,11.6691,11.6692,11.6728,11.3242,11.3241,11.3496,11.8892,11.8872,11.9004,11.2419,11.2416,11.2428,10.8365,10.8364,10.8369,10.7209,10.7208,10.7224
model.language_model.layers.15.self_attn.k_proj.weight,linear,attn,15,2048x3840,7864320,28,2.6046,10.6421,12.7662,12.7667,12.8146,12.998,12.9982,13.052,12.77,12.7706,12.817,12.4724,12.4738,12.5586,11.6181,11.6185,11.6259,11.3866,11.3867,11.3894,11.0105,11.0106,11.012,10.8488,10.849,10.8535,12.1011,12.1017,12.1241,12.4162,12.4143,12.4751,12.1045,12.1052,12.1285,11.7467,11.7471,11.8171,11.7301,11.7296,11.7413,11.2969,11.297,11.2979,10.9079,10.9079,10.9084,10.7678,10.7679,10.7709,11.6694,11.6693,11.6838,12.3431,12.3418,12.3905,11.6756,11.6754,11.6901,11.3129,11.3136,11.3779,11.9118,11.911,11.9283,11.2591,11.2591,11.2605,10.8564,10.8564,10.8571,10.7284,10.7284,10.7307
model.language_model.layers.15.self_attn.o_proj.weight,linear,attn,15,3840x4096,15728640,29,2.617,10.652,12.7613,12.8067,12.8297,12.9928,13.0421,13.0678,12.7654,12.8097,12.8321,12.4674,12.5451,12.5834,11.6151,11.6196,11.6365,11.3871,11.3904,11.3956,11.0259,11.0272,11.0279,10.8565,10.8606,10.8643,12.0982,12.1203,12.1335,12.405,12.4612,12.5025,12.1019,12.1249,12.1384,11.7419,11.8061,11.8409,11.7272,11.7327,11.7589,11.2986,11.3009,11.3056,10.9233,10.9238,10.9243,10.7751,10.7777,10.7809,11.6665,11.6817,11.6921,12.3318,12.3698,12.4099,11.6733,11.6886,11.6987,11.308,11.3661,11.3998,11.9144,11.9205,11.9475,11.262,11.2641,11.2686,10.872,10.8725,10.8729,10.7358,10.7376,10.7401
model.language_model.layers.15.self_attn.q_proj.weight,linear,attn,15,4096x3840,15728640,28,2.6086,10.6437,12.7662,12.767,12.8189,12.9954,12.9957,13.0567,12.7701,12.7709,12.8216,12.471,12.4714,12.5679,11.6135,11.6132,11.6229,11.3863,11.3863,11.3894,11.0138,11.0138,11.0151,10.8527,10.8529,10.8568,12.0999,12.1,12.1272,12.4069,12.408,12.4822,12.1034,12.1035,12.132,11.7442,11.7446,11.8264,11.7243,11.7237,11.7385,11.2978,11.2977,11.2992,10.9111,10.9111,10.9116,10.7713,10.7714,10.7738,11.6667,11.6668,11.6865,12.3339,12.3348,12.3924,11.6729,11.6729,11.6932,11.311,11.3114,11.3855,11.9087,11.9071,11.9265,11.2611,11.261,11.2625,10.8598,10.8598,10.8602,10.732,10.7321,10.7335
model.language_model.layers.15.self_attn.v_proj.weight,linear,attn,15,2048x3840,7864320,28,2.6139,10.655,12.8178,12.8168,12.8325,13.0413,13.0403,13.0602,12.82,12.8194,12.8346,12.5534,12.5531,12.5765,11.609,11.6088,11.6291,11.3847,11.3846,11.3926,11.0322,11.0322,11.0328,10.8598,10.86,10.8633,12.119,12.1192,12.1299,12.4474,12.4464,12.4808,12.1237,12.1239,12.1344,11.8107,11.8103,11.832,11.7189,11.7198,11.7465,11.292,11.2919,11.2998,10.929,10.929,10.9296,10.7775,10.7777,10.781,11.6761,11.676,11.6852,12.3536,12.3562,12.3933,11.6832,11.6832,11.6914,11.3713,11.3708,11.3926,11.91,11.9111,11.9327,11.2546,11.2544,11.2617,10.8777,10.8776,10.8781,10.7369,10.737,10.7397
model.language_model.layers.16.mlp.down_proj.weight,linear,mlp,16,3840x15360,58982400,31,2.5897,10.6271,12.7857,12.7859,12.7921,13.0244,13.0242,13.0323,12.7885,12.7888,12.7949,12.5167,12.5169,12.5287,11.5983,11.5984,11.6049,11.3769,11.3768,11.3778,10.9884,10.9884,10.9888,10.8377,10.8377,10.8387,12.1083,12.1083,12.1124,12.4296,12.4289,12.4438,12.1128,12.1128,12.1169,11.7786,11.7785,11.7895,11.7048,11.7049,11.7167,11.2861,11.286,11.2871,10.8849,10.8849,10.8852,10.7556,10.7555,10.7564,11.6715,11.6713,11.6747,12.3381,12.3376,12.3572,11.6788,11.6786,11.6817,11.3396,11.3395,11.3505,11.8937,11.8934,11.9091,11.2489,11.2488,11.25,10.8336,10.8336,10.8339,10.716,10.716,10.7168
model.language_model.layers.16.mlp.gate_proj.weight,linear,mlp,16,15360x3840,58982400,29,2.5971,10.634,12.7724,12.7722,12.8067,13.0032,13.0035,13.0378,12.7759,12.7757,12.8092,12.4824,12.4824,12.5451,11.5978,11.5974,11.6007,11.3774,11.3774,11.3784,11.0007,11.0007,11.0015,10.8435,10.8435,10.8465,12.102,12.102,12.1163,12.4095,12.4102,12.4444,12.1057,12.1057,12.1211,11.7515,11.7514,11.8032,11.7043,11.7042,11.7096,11.2869,11.287,11.2867,10.8979,10.8979,10.8981,10.7624,10.7624,10.7642,11.6672,11.6674,11.6749,12.3283,12.3291,12.3541,11.6738,11.6739,11.6822,11.3162,11.3164,11.3633,11.8899,11.8901,11.8974,11.2496,11.2497,11.2496,10.8466,10.8466,10.8467,10.7232,10.7232,10.7241
model.language_model.layers.16.mlp.up_proj.weight,linear,mlp,16,15360x3840,58982400,31,2.6018,10.6431,12.7887,12.7885,12.8187,13.0093,13.0095,13.0374,12.792,12.7918,12.821,12.5,12.5002,12.5502,11.6057,11.6054,11.6098,11.3808,11.3807,11.3826,11.0163,11.0163,11.0173,10.8516,10.8516,10.8548,12.1074,12.1074,12.119,12.4164,12.4163,12.4424,12.1113,12.1113,12.1231,11.7677,11.7678,11.808,11.7126,11.7125,11.7199,11.2873,11.2873,11.2883,10.9138,10.9139,10.9143,10.7711,10.7713,10.7738,11.6689,11.6689,11.6738,12.3351,12.3353,12.3583,11.6754,11.6755,11.6801,11.3326,11.3325,11.3711,11.8962,11.8971,11.9069,11.2486,11.2486,11.2494,10.8624,10.8625,10.8629,10.7316,10.7316,10.7335
model.language_model.layers.16.self_attn.k_proj.weight,linear,attn,16,2048x3840,7864320,28,2.6362,10.6732,12.7793,12.7794,12.8631,13.0066,13.0078,13.0874,12.7832,12.7832,12.8651,12.4895,12.49,12.6234,11.6468,11.6468,11.6567,11.4032,11.4036,11.4073,11.061,11.0609,11.063,10.8789,10.8789,10.8855,12.1087,12.1091,12.146,12.4345,12.4334,12.5266,12.1123,12.1126,12.1506,11.7643,11.7642,11.8775,11.7612,11.7631,11.7787,11.3132,11.3134,11.315,10.9585,10.9586,10.9595,10.7978,10.7978,10.8022,11.6755,11.6757,11.699,12.364,12.3625,12.4384,11.6816,11.682,11.7046,11.3296,11.33,11.4369,11.935,11.9338,11.9566,11.2747,11.2744,11.2767,10.907,10.907,10.9079,10.7574,10.7574,10.7601
model.language_model.layers.16.self_attn.o_proj.weight,linear,attn,16,3840x4096,15728640,29,2.63,10.6638,12.7605,12.8239,12.8522,12.9896,13.0535,13.0795,12.7644,12.8267,12.8547,12.4638,12.5647,12.6135,11.6187,11.6252,11.6351,11.3932,11.3962,11.3979,11.0492,11.0502,11.0508,10.8705,10.8754,10.8789,12.0961,12.1283,12.1416,12.3963,12.4757,12.5123,12.0997,12.133,12.1471,11.7375,11.8244,11.8677,11.7276,11.7362,11.7543,11.3052,11.3065,11.3077,10.9466,10.9469,10.9473,10.7888,10.7919,10.7946,11.6637,11.6873,11.6957,12.3222,12.3787,12.4151,11.6702,11.6941,11.7028,11.3039,11.3834,11.4246,11.9071,11.9147,11.9406,11.269,11.2699,11.2713,10.8952,10.8955,10.8959,10.7494,10.7511,10.7531
model.language_model.layers.16.self_attn.q_proj.weight,linear,attn,16,4096x3840,15728640,28,2.629,10.6629,12.7822,12.7819,12.849,13.0083,13.0087,13.0814,12.7859,12.7856,12.8515,12.4936,12.4938,12.6102,11.6333,11.6329,11.644,11.3983,11.3981,11.4017,11.0456,11.0456,11.0471,10.8727,10.8727,10.8779,12.1082,12.1084,12.1421,12.4298,12.4303,12.5216,12.1119,12.112,12.1472,11.7659,11.7665,11.8663,11.7485,11.7483,11.7654,11.3101,11.31,11.312,10.9429,10.9429,10.9435,10.7905,10.7905,10.794,11.6735,11.6736,11.6982,12.3575,12.3586,12.4292,11.6796,11.6797,11.7045,11.332,11.3323,11.424,11.9254,11.9256,11.9459,11.2732,11.2732,11.275,10.8915,10.8915,10.8921,10.7504,10.7504,10.7526
model.language_model.layers.16.self_attn.v_proj.weight,linear,attn,16,2048x3840,7864320,28,2.6131,10.6507,12.8214,12.821,12.8377,13.0364,13.0352,13.0515,12.8238,12.8235,12.8396,12.5525,12.5518,12.5731,11.6098,11.6101,11.624,11.3857,11.3858,11.3902,11.0311,11.031,11.0317,10.8628,10.8627,10.8653,12.1186,12.1185,12.1275,12.4398,12.439,12.4624,12.1228,12.1227,12.1317,11.8108,11.8108,11.8286,11.7182,11.7192,11.7393,11.2916,11.2918,11.2952,10.9282,10.9283,10.9287,10.7823,10.7824,10.7845,11.6739,11.6739,11.6802,12.3541,12.3552,12.3815,11.6806,11.6804,11.6862,11.3735,11.3731,11.3908,11.9028,11.9048,11.929,11.2531,11.2535,11.2565,10.8769,10.877,10.8773,10.7424,10.7423,10.7442
model.language_model.layers.17.mlp.down_proj.weight,linear,mlp,17,3840x15360,58982400,32,2.596,10.6312,12.7894,12.7891,12.7996,13.031,13.0309,13.0413,12.7925,12.7922,12.8026,12.5257,12.5256,12.543,11.6037,11.6036,11.6098,11.3805,11.3804,11.3816,10.9963,10.9963,10.9965,10.8439,10.8438,10.8452,12.1126,12.1125,12.1183,12.4467,12.4461,12.4622,12.1174,12.1173,12.1232,11.7886,11.7886,11.8043,11.7124,11.7124,11.7234,11.2916,11.2916,11.2926,10.8927,10.8927,10.8929,10.7609,10.7608,10.7621,11.6769,11.677,11.681,12.3541,12.3545,12.3716,11.6844,11.6845,11.6884,11.348,11.348,11.3633,11.8989,11.899,11.9139,11.2554,11.2555,11.2564,10.8414,10.8414,10.8416,10.7212,10.7212,10.7222
model.language_model.layers.17.mlp.gate_proj.weight,linear,mlp,17,15360x3840,58982400,32,2.5974,10.6336,12.7647,12.765,12.8035,13.007,13.0068,13.0434,12.7685,12.7688,12.8069,12.4834,12.4833,12.5485,11.6058,11.6055,11.6091,11.3827,11.3826,11.3835,10.9987,10.9986,11.0004,10.8465,10.8465,10.8499,12.1021,12.1024,12.1222,12.4244,12.4238,12.4721,12.1061,12.1065,12.1276,11.755,11.7548,11.8119,11.7148,11.7155,11.7215,11.2966,11.2967,11.2963,10.896,10.896,10.8966,10.7637,10.7638,10.766,11.6722,11.6721,11.6856,12.3437,12.3432,12.3796,11.6791,11.6791,11.6936,11.3184,11.3183,11.3688,11.8989,11.899,11.9085,11.2613,11.2614,11.2614,10.8452,10.8452,10.8452,10.7246,10.7246,10.7261
model.language_model.layers.17.mlp.up_proj.weight,linear,mlp,17,15360x3840,58982400,30,2.6023,10.6397,12.7774,12.7776,12.8127,13.0119,13.0119,13.0462,12.781,12.7811,12.8152,12.4974,12.4973,12.5541,11.6079,11.6076,11.6144,11.3821,11.3821,11.3848,11.0076,11.0076,11.0087,10.8478,10.8478,10.851,12.1061,12.106,12.1214,12.4257,12.4251,12.463,12.1102,12.1102,12.126,11.7659,11.7658,11.8124,11.7151,11.7151,11.7273,11.2919,11.2918,11.2933,10.9046,10.9046,10.9052,10.766,10.7661,10.7686,11.672,11.6719,11.6801,12.3409,12.3413,12.3752,11.6791,11.679,11.6868,11.3286,11.3283,11.3731,11.8982,11.8989,11.9143,11.2544,11.2545,11.2558,10.8532,10.8532,10.8539,10.7263,10.7264,10.7283
model.language_model.layers.17.self_attn.k_proj.weight,linear,attn,17,512x3840,1966080,25,2.6172,10.6548,12.7957,12.796,12.8351,13.0261,13.0279,13.0751,12.7984,12.7987,12.8373,12.5178,12.5197,12.5884,11.6172,11.6167,11.6354,11.3897,11.3896,11.3983,11.0328,11.0328,11.0336,10.8576,10.8572,10.8643,12.1138,12.115,12.1365,12.4405,12.4442,12.5086,12.1179,12.1189,12.1416,11.7823,11.7835,11.8428,11.7282,11.7281,11.7495,11.2986,11.2985,11.3073,10.9298,10.9299,10.9301,10.7756,10.7757,10.7806,11.6755,11.6761,11.6943,12.3581,12.3601,12.4167,11.6818,11.6821,11.7011,11.3456,11.3457,11.4,11.9097,11.911,11.9327,11.2603,11.2607,11.2712,10.8784,10.8784,10.8786,10.7353,10.7351,10.7395
model.language_model.layers.17.self_attn.o_proj.weight,linear,attn,17,3840x8192,31457280,30,2.6416,10.6756,12.7986,12.8532,12.8714,13.0243,13.0742,13.0937,12.8024,12.8557,12.8736,12.526,12.6069,12.6392,11.626,11.6349,11.6412,11.3984,11.4023,11.4036,11.07,11.0711,11.0714,10.8821,10.8881,10.89,12.115,12.1404,12.1495,12.4427,12.5045,12.53,12.1194,12.1458,12.1553,11.7998,11.8621,11.8905,11.7378,11.7494,11.7608,11.3105,11.3122,11.3133,10.9672,10.9676,10.9679,10.7999,10.8035,10.8049,11.6805,11.6949,11.7011,12.3677,12.4058,12.429,11.6873,11.702,11.7081,11.3706,11.4189,11.4461,11.9183,11.9274,11.9424,11.2749,11.2759,11.2772,10.9159,10.9162,10.9165,10.7601,10.7616,10.7627
model.language_model.layers.17.self_attn.q_proj.weight,linear,attn,17,8192x3840,31457280,28,2.6309,10.6683,12.7927,12.7933,12.8608,12.9982,12.9985,13.069,12.796,12.7964,12.8627,12.4914,12.4918,12.6106,11.621,11.621,11.6329,11.3937,11.3937,11.3966,11.062,11.062,11.0639,10.8781,10.878,10.8837,12.105,12.1052,12.1372,12.3972,12.3976,12.4872,12.1083,12.1085,12.1418,11.7606,11.7608,11.8639,11.7306,11.7308,11.7492,11.3005,11.3005,11.3022,10.9601,10.9601,10.9607,10.7979,10.7979,10.8012,11.663,11.6631,11.6872,12.3248,12.3248,12.3999,11.6688,11.6688,11.6933,11.3293,11.3293,11.425,11.9117,11.9102,11.9317,11.2621,11.2619,11.2636,10.9088,10.9088,10.9093,10.7578,10.7577,10.7594
model.language_model.layers.18.mlp.down_proj.weight,linear,mlp,18,3840x15360,58982400,31,2.6108,10.652,12.8164,12.8165,12.8289,13.0381,13.0381,13.0505,12.8188,12.819,12.8311,12.5458,12.5456,12.5686,11.617,11.6172,11.6233,11.3872,11.3872,11.3888,11.0282,11.0281,11.0286,10.8606,10.8605,10.8623,12.1201,12.12,12.1256,12.4484,12.4482,12.465,12.1242,12.1241,12.13,11.8053,11.8053,11.8256,11.7286,11.7288,11.7392,11.2937,11.2937,11.2953,10.9252,10.9252,10.9254,10.7792,10.7792,10.7806,11.6769,11.677,11.6804,12.3609,12.361,12.3812,11.6831,11.6832,11.6866,11.368,11.3681,11.3877,11.9167,11.9168,11.9278,11.2551,11.2551,11.2567,10.8738,10.8738,10.8739,10.7389,10.7388,10.7397
model.language_model.layers.18.mlp.gate_proj.weight,linear,mlp,18,15360x3840,58982400,30,2.6126,10.6495,12.7791,12.7788,12.8295,13.0063,13.0061,13.0552,12.7829,12.7825,12.8319,12.4894,12.4891,12.5755,11.6157,11.6153,11.6197,11.3867,11.3866,11.3886,11.0236,11.0236,11.0249,10.8578,10.8577,10.862,12.1067,12.1066,12.1275,12.4238,12.423,12.4725,12.1104,12.1103,12.1322,11.7611,11.7611,11.8318,11.7269,11.7258,11.7332,11.2961,11.296,11.2966,10.9211,10.9211,10.9215,10.7768,10.7768,10.7795,11.6721,11.6719,11.6831,12.3487,12.3477,12.384,11.6783,11.6782,11.6897,11.3265,11.3265,11.392,11.9085,11.9077,11.9173,11.2585,11.2584,11.2589,10.8697,10.8697,10.8701,10.7372,10.7372,10.7388
model.language_model.layers.18.mlp.up_proj.weight,linear,mlp,18,15360x3840,58982400,30,2.6102,10.6458,12.7781,12.7785,12.8214,13.0173,13.0176,13.0598,12.7818,12.7822,12.8239,12.5033,12.5039,12.5709,11.6198,11.6194,11.6292,11.3887,11.3887,11.3923,11.0164,11.0164,11.0178,10.8545,10.8546,10.8583,12.1086,12.1091,12.1291,12.4379,12.4393,12.4904,12.1131,12.1135,12.1338,11.7728,11.7732,11.8297,11.7288,11.7288,11.7461,11.2995,11.2995,11.302,10.9132,10.9132,10.9142,10.7721,10.7721,10.7755,11.6763,11.6764,11.6882,12.3553,12.3562,12.4016,11.6836,11.6836,11.6946,11.3344,11.3346,11.3891,11.9088,11.9089,11.9292,11.2625,11.2625,11.2647,10.8617,10.8617,10.8628,10.7321,10.7321,10.7349
model.language_model.layers.18.self_attn.k_proj.weight,linear,attn,18,2048x3840,7864320,27,2.6118,10.6469,12.7711,12.7708,12.8245,13.0014,13.0015,13.0606,12.7748,12.7747,12.8269,12.4806,12.4804,12.5749,11.6202,11.6198,11.6259,11.3889,11.3889,11.3916,11.0195,11.0195,11.0207,10.8552,10.8552,10.8601,12.1023,12.1029,12.1297,12.4164,12.4177,12.4883,12.1059,12.1066,12.1345,11.7531,11.7535,11.8329,11.7312,11.7328,11.7406,11.3003,11.3003,11.3012,10.9166,10.9167,10.9171,10.7736,10.7737,10.7768,11.6695,11.6693,11.6877,12.3432,12.3438,12.3963,11.6759,11.6756,11.6945,11.3194,11.3191,11.3915,11.9132,11.9131,11.9235,11.2634,11.2633,11.2641,10.8652,10.8652,10.8657,10.7341,10.734,10.7362
model.language_model.layers.18.self_attn.o_proj.weight,linear,attn,18,3840x4096,15728640,29,2.6008,10.6365,12.7556,12.7845,12.8035,12.9951,13.0271,13.0522,12.7598,12.7877,12.8062,12.4683,12.5189,12.5514,11.6054,11.6091,11.6277,11.3817,11.3836,11.3893,11.001,11.0017,11.0026,10.8428,10.8455,10.8485,12.0964,12.1105,12.1238,12.4083,12.4429,12.4865,12.1002,12.1152,12.1284,11.7421,11.7829,11.8132,11.7159,11.7191,11.7469,11.2942,11.2951,11.3008,10.8978,10.8981,10.8989,10.7608,10.7625,10.7654,11.6671,11.6761,11.6875,12.3299,12.3539,12.399,11.6741,11.6837,11.6942,11.3067,11.3428,11.3728,11.9046,11.9099,11.9351,11.258,11.2591,11.2642,10.8466,10.8468,10.8475,10.7218,10.723,10.7254
model.language_model.layers.18.self_attn.q_proj.weight,linear,attn,18,4096x3840,15728640,29,2.6218,10.6562,12.7751,12.7751,12.84,13.0044,13.004,13.0702,12.7787,12.7785,12.8424,12.485,12.485,12.5956,11.6216,11.6218,11.6322,11.3926,11.3927,11.3954,11.0354,11.0354,11.0367,10.8654,10.8655,10.8706,12.1036,12.1038,12.1362,12.4163,12.4166,12.5016,12.1072,12.1073,12.1413,11.7553,11.7554,11.8519,11.7333,11.7327,11.7499,11.3035,11.3034,11.3051,10.9326,10.9326,10.9331,10.7836,10.7836,10.787,11.669,11.6688,11.6921,12.3422,12.3421,12.4096,11.6752,11.6749,11.6988,11.3211,11.321,11.4103,11.913,11.9141,11.9328,11.2665,11.2665,11.2682,10.8812,10.8812,10.8817,10.7438,10.7439,10.7459
model.language_model.layers.18.self_attn.v_proj.weight,linear,attn,18,2048x3840,7864320,31,2.6018,10.6379,12.7968,12.7965,12.809,13.0335,13.0329,13.0495,12.7999,12.7996,12.8118,12.5357,12.5354,12.5544,11.6024,11.6024,11.6179,11.3794,11.3794,11.3857,11.0065,11.0066,11.0071,10.8468,10.8468,10.8498,12.1133,12.1133,12.1226,12.4426,12.4426,12.4733,12.1184,12.1183,12.1274,11.7957,11.7958,11.813,11.7119,11.7138,11.735,11.2898,11.2899,11.296,10.903,10.903,10.9035,10.7637,10.764,10.7668,11.6754,11.6754,11.6835,12.3498,12.3519,12.3834,11.6832,11.6833,11.6904,11.3549,11.3552,11.3723,11.9052,11.908,11.9252,11.2537,11.2538,11.2592,10.8517,10.8518,10.8522,10.7238,10.7239,10.7263
model.language_model.layers.19.mlp.down_proj.weight,linear,mlp,19,3840x15360,58982400,31,2.6088,10.6506,12.8141,12.8142,12.8262,13.0366,13.0364,13.0475,12.8165,12.8166,12.8283,12.5419,12.5419,12.5638,11.6146,11.6145,11.6218,11.3861,11.3861,11.3875,11.0259,11.0259,11.0263,10.8587,10.8586,10.8606,12.1189,12.1188,12.1242,12.4443,12.4442,12.4603,12.1229,12.1229,12.1284,11.8016,11.8015,11.821,11.7252,11.7251,11.7376,11.2924,11.2923,11.2939,10.9229,10.923,10.9232,10.7774,10.7775,10.7789,11.6758,11.6758,11.6792,12.3546,12.3539,12.3771,11.6821,11.6821,11.6853,11.3644,11.3644,11.3837,11.914,11.9131,11.9275,11.2536,11.2536,11.2552,10.8715,10.8715,10.8717,10.7372,10.7372,10.7382
model.language_model.layers.19.mlp.gate_proj.weight,linear,mlp,19,15360x3840,58982400,29,2.6105,10.6464,12.7847,12.7846,12.823,13.0192,13.019,13.0575,12.7882,12.7881,12.8254,12.5079,12.5078,12.5711,11.619,11.6192,11.6267,11.3885,11.3884,11.3912,11.0178,11.0178,11.0189,10.8556,10.8556,10.859,12.1106,12.1105,12.128,12.4393,12.4389,12.4845,12.1148,12.1147,12.1326,11.7766,11.7764,11.8292,11.7292,11.7288,11.7426,11.2987,11.2986,11.3003,10.9147,10.9147,10.9154,10.7735,10.7735,10.7762,11.6761,11.6761,11.6864,12.3576,12.3567,12.3963,11.6829,11.6829,11.6928,11.339,11.3389,11.3892,11.9102,11.9097,11.9263,11.2613,11.2612,11.2629,10.8632,10.8632,10.864,10.7335,10.7335,10.7357
model.language_model.layers.19.mlp.up_proj.weight,linear,mlp,19,15360x3840,58982400,32,2.612,10.647,12.7917,12.7916,12.8247,13.0304,13.0305,13.0599,12.7952,12.795,12.8272,12.5257,12.5257,12.575,11.6204,11.6203,11.6262,11.3888,11.3889,11.3914,11.0196,11.0196,11.0206,10.8574,10.8574,10.8603,12.1149,12.115,12.1295,12.4539,12.4533,12.4882,12.1196,12.1196,12.1343,11.7915,11.7914,11.8328,11.7315,11.7314,11.7423,11.2995,11.2995,11.3011,10.9163,10.9163,10.917,10.7748,10.7747,10.7772,11.68,11.68,11.6879,12.3655,12.3672,12.3989,11.6873,11.6873,11.6945,11.3515,11.3514,11.392,11.9119,11.9123,11.9261,11.2626,11.2626,11.2641,10.8648,10.8648,10.8656,10.7346,10.7345,10.7367
model.language_model.layers.19.self_attn.k_proj.weight,linear,attn,19,2048x3840,7864320,27,2.6626,10.6982,12.7712,12.7723,12.9013,12.9997,13.0001,13.1238,12.7753,12.776,12.9038,12.4786,12.4791,12.6838,11.6542,11.6555,11.6658,11.4161,11.4167,11.4201,11.1085,11.1086,11.1099,10.9063,10.9068,10.9168,12.1036,12.1037,12.1679,12.4193,12.4184,12.5822,12.1071,12.1072,12.174,11.7532,11.7532,11.9348,11.7688,11.7711,11.7897,11.3306,11.331,11.3314,11.0057,11.0058,11.0064,10.8238,10.824,10.8304,11.6708,11.6708,11.7185,12.3494,12.3502,12.4722,11.6769,11.6771,11.7253,11.3194,11.3196,11.4884,11.9392,11.9392,11.9632,11.2946,11.2945,11.2958,10.9542,10.9542,10.955,10.7835,10.7834,10.7875
model.language_model.layers.19.self_attn.o_proj.weight,linear,attn,19,3840x4096,15728640,29,2.6176,10.6539,12.7558,12.7795,12.8224,12.9982,13.0289,13.0839,12.7601,12.7833,12.8252,12.4723,12.5155,12.5841,11.6195,11.6252,11.6713,11.3942,11.3971,11.4126,11.024,11.0246,11.0268,10.8576,10.8597,10.8657,12.0985,12.1131,12.1431,12.4169,12.4599,12.5566,12.1026,12.1178,12.1476,11.7468,11.7838,11.8488,11.7295,11.7354,11.7981,11.3086,11.3112,11.3262,10.9208,10.9211,10.9229,10.7748,10.7763,10.7814,11.6701,11.6826,11.7095,12.3411,12.3702,12.4663,11.6773,11.6901,11.7149,11.3105,11.3425,11.4071,11.9157,11.919,11.9736,11.2734,11.2758,11.2893,10.8697,10.87,10.8713,10.7361,10.7372,10.7406
model.language_model.layers.19.self_attn.q_proj.weight,linear,attn,19,4096x3840,15728640,29,2.6358,10.6703,12.7796,12.7799,12.8619,13.003,13.0038,13.0888,12.7832,12.7834,12.8645,12.489,12.4899,12.6274,11.6284,11.6289,11.6409,11.4002,11.4,11.4033,11.0611,11.0612,11.0624,10.8829,10.8831,10.8889,12.1045,12.1045,12.1484,12.4137,12.4134,12.5311,12.1082,12.1082,12.1541,11.7599,11.7601,11.8822,11.7412,11.7414,11.7603,11.3129,11.3126,11.3145,10.9583,10.9583,10.9588,10.8001,10.8002,10.8037,11.6683,11.668,11.7026,12.3395,12.3388,12.43,11.6745,11.6745,11.7099,11.3259,11.3258,11.4373,11.918,11.9188,11.9404,11.2771,11.2769,11.2789,10.907,10.907,10.9074,10.7601,10.7601,10.7622
model.language_model.layers.19.self_attn.v_proj.weight,linear,attn,19,2048x3840,7864320,26,2.5986,10.635,12.7831,12.7827,12.7993,13.0285,13.0283,13.0514,12.7869,12.7864,12.8027,12.5212,12.5199,12.548,11.6093,11.6086,11.6263,11.3826,11.3827,11.3899,11.0004,11.0005,11.0013,10.8441,10.8441,10.8484,12.1129,12.113,12.1249,12.4558,12.4555,12.4934,12.1177,12.1179,12.1298,11.7884,11.7882,11.8128,11.7244,11.7226,11.7453,11.2965,11.2964,11.3036,10.8969,10.8969,10.8975,10.7605,10.7605,10.7646,11.6808,11.6809,11.6912,12.37,12.3694,12.4035,11.6886,11.6888,11.6983,11.3473,11.3471,11.3709,11.9157,11.9148,11.9331,11.2616,11.2617,11.2681,10.8456,10.8456,10.8462,10.7211,10.7209,10.7245
model.language_model.layers.2.mlp.down_proj.weight,linear,mlp,2,3840x15360,58982400,34,2.6213,10.6519,12.8086,12.8086,12.844,13.0468,13.0474,13.0745,12.8128,12.8128,12.8478,12.5456,12.5458,12.593,11.6465,11.6464,11.6532,11.4101,11.41,11.4122,11.0423,11.0424,11.0429,10.884,10.8839,10.8891,12.132,12.132,12.1498,12.5073,12.5075,12.5478,12.1368,12.1367,12.1553,11.8187,11.8189,11.8624,11.7664,11.7665,11.7776,11.3281,11.3281,11.3289,10.938,10.938,10.9383,10.8,10.8,10.8039,11.6999,11.6999,11.7127,12.4263,12.4265,12.4572,11.7068,11.7068,11.7198,11.3775,11.3775,11.4177,11.9418,11.9424,11.9531,11.2946,11.2947,11.2956,10.8864,10.8864,10.8866,10.7609,10.7609,10.764
model.language_model.layers.2.mlp.gate_proj.weight,linear,mlp,2,15360x3840,58982400,31,2.6817,10.7242,12.8983,12.8982,12.941,13.1065,13.1061,13.1562,12.9013,12.9012,12.9437,12.6547,12.6548,12.7228,11.705,11.7057,11.7093,11.4546,11.4547,11.456,11.134,11.134,11.1363,10.9314,10.9315,10.9369,12.1686,12.1687,12.1956,12.5814,12.5805,12.6606,12.1737,12.1737,12.202,11.9182,11.9181,11.9807,11.8324,11.8329,11.8394,11.3731,11.3731,11.3737,11.0306,11.0306,11.0317,10.8453,10.8454,10.8483,11.7241,11.7242,11.7506,12.4855,12.486,12.5366,11.7295,11.7296,11.7565,11.4744,11.4745,11.5296,11.9873,11.9885,11.9952,11.3405,11.3406,11.3413,10.9794,10.9794,10.9799,10.8035,10.8035,10.8051
model.language_model.layers.2.mlp.up_proj.weight,linear,mlp,2,15360x3840,58982400,31,2.6782,10.7156,12.9133,12.9131,12.9329,13.1322,13.1322,13.1503,12.9163,12.9162,12.9356,12.6888,12.6886,12.7179,11.693,11.6928,11.6959,11.4447,11.4447,11.4456,11.1401,11.1401,11.1406,10.9433,10.9433,10.9451,12.18,12.1797,12.1904,12.6161,12.6156,12.6455,12.186,12.1858,12.1971,11.947,11.9467,11.9736,11.8198,11.819,11.8253,11.3621,11.362,11.3623,11.0359,11.0358,11.036,10.8556,10.8555,10.8567,11.7355,11.7354,11.7444,12.5013,12.5005,12.5208,11.7418,11.7417,11.751,11.4981,11.4979,11.5222,11.9803,11.9795,11.9861,11.3292,11.3291,11.3296,10.9843,10.9843,10.9844,10.8131,10.8131,10.8139
model.language_model.layers.2.self_attn.k_proj.weight,linear,attn,2,2048x3840,7864320,28,2.6603,10.6938,12.8233,12.8238,12.9051,13.0376,13.0379,13.1234,12.8268,12.8274,12.9079,12.5472,12.5482,12.6792,11.6673,11.6677,11.6728,11.4266,11.4266,11.4283,11.1091,11.1091,11.1118,10.9219,10.9221,10.9289,12.1296,12.1302,12.1747,12.4781,12.4798,12.602,12.1337,12.1343,12.1814,11.8178,11.8187,11.9364,11.7912,11.7905,11.8006,11.3437,11.3433,11.3432,11.0066,11.0066,11.0073,10.8373,10.8375,10.8417,11.6905,11.6901,11.7291,12.4071,12.4072,12.4887,11.6964,11.6962,11.7361,11.3815,11.3814,11.4867,11.9601,11.9597,11.9727,11.3098,11.3095,11.3103,10.9555,10.9555,10.9558,10.7968,10.7967,10.7996
model.language_model.layers.2.self_attn.o_proj.weight,linear,attn,2,3840x4096,15728640,28,2.6312,10.6645,12.7942,12.8225,12.8647,13.0141,13.0452,13.0866,12.7983,12.8264,12.8683,12.5086,12.5524,12.6164,11.6496,11.6519,11.6567,11.4149,11.416,11.4179,11.0597,11.0606,11.0618,10.8955,10.8978,10.9014,12.1152,12.133,12.1583,12.4447,12.4939,12.5626,12.1191,12.1375,12.164,11.7829,11.8231,11.8825,11.7697,11.7729,11.7813,11.3329,11.3333,11.3345,10.9565,10.9568,10.9571,10.8114,10.8131,10.8157,11.6802,11.6956,11.7179,12.3749,12.417,12.466,11.6864,11.7021,11.7251,11.3481,11.3839,11.4357,11.9432,11.9455,11.955,11.2999,11.3,11.3018,10.9052,10.9054,10.9055,10.7721,10.7734,10.7752
model.language_model.layers.2.self_attn.q_proj.weight,linear,attn,2,4096x3840,15728640,29,2.6423,10.6737,12.8216,12.8204,12.8732,13.0399,13.0387,13.1035,12.8252,12.8241,12.8763,12.5503,12.5492,12.6402,11.6525,11.6513,11.6631,11.4146,11.4144,11.4183,11.0712,11.0711,11.0735,10.8977,10.8975,10.9028,12.1297,12.1294,12.1619,12.4824,12.4814,12.5767,12.1341,12.1338,12.1679,11.8205,11.8201,11.9007,11.7736,11.7716,11.7882,11.3304,11.3303,11.3328,10.9682,10.9682,10.9691,10.813,10.813,10.8167,11.6909,11.6907,11.7193,12.4093,12.4063,12.4726,11.6973,11.6971,11.7263,11.3823,11.3822,11.4535,11.9479,11.9445,11.9635,11.2966,11.2961,11.2987,10.917,10.9169,10.9175,10.7728,10.7726,10.7753
model.language_model.layers.2.self_attn.v_proj.weight,linear,attn,2,2048x3840,7864320,26,2.6656,10.7046,12.889,12.8896,12.9203,13.0959,13.0953,13.1344,12.8919,12.8924,12.9231,12.6396,12.6393,12.6871,11.7061,11.7071,11.7137,11.4573,11.4574,11.4603,11.1068,11.1068,11.1082,10.9169,10.9172,10.9215,12.1642,12.1644,12.1866,12.5714,12.5718,12.64,12.1693,12.1696,12.1921,11.9041,11.9043,11.9508,11.8347,11.836,11.8457,11.3784,11.3788,11.3811,11.0026,11.0026,11.0034,10.8313,10.8313,10.8347,11.7208,11.7208,11.7447,12.4836,12.4829,12.5335,11.7265,11.7266,11.7499,11.4607,11.4601,11.5024,11.9923,11.9919,12.0017,11.3481,11.348,11.3501,10.9509,10.9509,10.9513,10.789,10.789,10.7913
model.language_model.layers.20.mlp.down_proj.weight,linear,mlp,20,3840x15360,58982400,32,2.6119,10.6411,12.8041,12.8043,12.8277,13.0468,13.0469,13.0618,12.8081,12.8083,12.8314,12.5456,12.5457,12.5752,11.6315,11.6314,11.6381,11.3998,11.3999,11.4017,11.024,11.024,11.0244,10.8717,10.8717,10.8745,12.1283,12.1283,12.1399,12.4982,12.4985,12.5225,12.1334,12.1333,12.1454,11.816,11.8159,11.8438,11.7482,11.7486,11.7601,11.3166,11.3167,11.3176,10.9196,10.9196,10.9198,10.7873,10.7873,10.7895,11.6964,11.6964,11.7041,12.4095,12.4104,12.4337,11.7039,11.7039,11.7116,11.3731,11.3732,11.3999,11.9279,11.9286,11.9431,11.2831,11.2832,11.2842,10.868,10.868,10.8682,10.748,10.748,10.7498
model.language_model.layers.20.mlp.gate_proj.weight,linear,mlp,20,15360x3840,58982400,33,2.6002,10.6309,12.7602,12.7603,12.808,12.9942,12.9942,13.0486,12.7649,12.765,12.8118,12.4671,12.4672,12.5517,11.6211,11.6204,11.6239,11.3909,11.391,11.3923,10.9997,10.9998,11.0024,10.854,10.8541,10.8589,12.1018,12.1021,12.1294,12.4244,12.4244,12.4981,12.1054,12.1057,12.1347,11.7472,11.7473,11.8205,11.7373,11.7364,11.7414,11.3078,11.3077,11.3076,10.8972,10.8972,10.8979,10.7715,10.7715,10.7747,11.674,11.674,11.6953,12.3589,12.359,12.4096,11.6803,11.6803,11.703,11.3139,11.3139,11.3773,11.9176,11.9174,11.9245,11.2735,11.2735,11.2736,10.8462,10.8462,10.8464,10.7331,10.7331,10.7355
model.language_model.layers.20.mlp.up_proj.weight,linear,mlp,20,15360x3840,58982400,31,2.5955,10.6318,12.7676,12.7673,12.7968,13.0126,13.0126,13.0446,12.7717,12.7715,12.8003,12.4931,12.493,12.5423,11.6126,11.6122,11.6167,11.3843,11.3844,11.3861,10.9938,10.9938,10.9953,10.8437,10.8437,10.8473,12.1065,12.1067,12.1222,12.4423,12.4425,12.4817,12.1109,12.1111,12.1272,11.7664,11.7664,11.8079,11.7247,11.7245,11.7318,11.2987,11.2988,11.2997,10.8907,10.8907,10.8914,10.7606,10.7605,10.7635,11.678,11.6779,11.6882,12.3626,12.3633,12.3927,11.6854,11.6853,11.6957,11.3279,11.3278,11.3658,11.9074,11.9076,11.9172,11.2636,11.2637,11.2646,10.8394,10.8394,10.84,10.7216,10.7216,10.7239
model.language_model.layers.20.self_attn.k_proj.weight,linear,attn,20,2048x3840,7864320,26,2.6272,10.6612,12.764,12.7651,12.8471,12.9898,12.991,13.0802,12.7683,12.7692,12.8496,12.4641,12.4643,12.6079,11.6333,11.6342,11.64,11.3972,11.3979,11.4006,11.0431,11.0433,11.0448,10.8702,10.8705,10.8768,12.0995,12.1004,12.1419,12.4048,12.4084,12.5187,12.1028,12.1037,12.1473,11.7404,11.7414,11.8642,11.7484,11.749,11.7588,11.3101,11.3106,11.3107,10.9406,10.9406,10.9412,10.7884,10.7886,10.7926,11.6675,11.6679,11.698,12.3394,12.3408,12.425,11.6736,11.6739,11.7049,11.3087,11.3092,11.421,11.9261,11.9248,11.939,11.2736,11.2737,11.2743,10.8891,10.8891,10.8898,10.7486,10.7487,10.7513
model.language_model.layers.20.self_attn.o_proj.weight,linear,attn,20,3840x4096,15728640,29,2.6256,10.657,12.7717,12.8217,12.8435,13.0029,13.0608,13.0838,12.776,12.8252,12.8468,12.4851,12.5691,12.6023,11.638,11.6437,11.6557,11.4034,11.406,11.4095,11.0392,11.0413,11.0422,10.8751,10.8794,10.8824,12.1054,12.1356,12.1492,12.4277,12.5125,12.5508,12.1093,12.1409,12.1547,11.7602,11.8352,11.8665,11.756,11.7636,11.7838,11.3201,11.3215,11.3246,10.9364,10.9371,10.9377,10.7916,10.7945,10.7974,11.6744,11.7003,11.7109,12.3573,12.4201,12.4536,11.681,11.7077,11.7179,11.325,11.3908,11.4214,11.9382,11.9461,11.9664,11.2861,11.2877,11.2901,10.8854,10.8856,10.8862,10.7525,10.7546,10.7569
model.language_model.layers.20.self_attn.q_proj.weight,linear,attn,20,4096x3840,15728640,28,2.6339,10.6676,12.7774,12.7777,12.8576,13.0038,13.003,13.0867,12.7809,12.7813,12.8601,12.4878,12.4877,12.6218,11.6268,11.6264,11.6436,11.3982,11.3979,11.403,11.0556,11.0556,11.0571,10.8774,10.8773,10.8841,12.1044,12.1041,12.1464,12.4163,12.4154,12.5284,12.108,12.1078,12.152,11.7589,11.7586,11.8771,11.7395,11.7384,11.7641,11.3102,11.31,11.3135,10.9529,10.9529,10.9535,10.795,10.7949,10.7995,11.6691,11.6689,11.701,12.3425,12.3417,12.4302,11.6754,11.6751,11.7079,11.3249,11.3245,11.4332,11.9187,11.9172,11.9464,11.2739,11.2737,11.2773,10.9017,10.9016,10.9021,10.7552,10.7551,10.7579
model.language_model.layers.20.self_attn.v_proj.weight,linear,attn,20,2048x3840,7864320,28,2.6311,10.662,12.8272,12.8269,12.8527,13.0518,13.0513,13.089,12.831,12.8309,12.856,12.5687,12.5674,12.6136,11.6401,11.6405,11.6593,11.4044,11.405,11.413,11.0509,11.0509,11.0523,10.8837,10.884,10.8889,12.1339,12.1342,12.1536,12.4989,12.5005,12.56,12.1391,12.1394,12.1593,11.836,11.8357,11.8777,11.7612,11.7624,11.7849,11.32,11.3203,11.3281,10.947,10.9471,10.9478,10.7988,10.799,10.8036,11.6967,11.6971,11.7141,12.4168,12.416,12.4597,11.7039,11.7043,11.7211,11.3943,11.3944,11.4326,11.9474,11.9468,11.9631,11.2869,11.2868,11.2937,10.8956,10.8957,10.8963,10.7589,10.759,10.7627
model.language_model.layers.21.mlp.down_proj.weight,linear,mlp,21,3840x15360,58982400,30,2.5945,10.6236,12.7846,12.7851,12.8009,13.0264,13.0264,13.0397,12.789,12.7894,12.8052,12.5148,12.5151,12.5368,11.6257,11.6261,11.6299,11.3943,11.3945,11.3956,10.9971,10.9971,10.9975,10.8586,10.8587,10.8599,12.1187,12.119,12.1286,12.4753,12.4759,12.4988,12.1234,12.1236,12.1335,11.7905,11.7908,11.8122,11.7438,11.7439,11.7508,11.3121,11.3119,11.3128,10.8926,10.8926,10.8928,10.7746,10.7747,10.7758,11.6897,11.6898,11.6976,12.3988,12.3991,12.4201,11.697,11.6971,11.705,11.3505,11.3506,11.3705,11.925,11.925,11.9352,11.2788,11.2787,11.2797,10.8409,10.841,10.8411,10.736,10.7361,10.7371
model.language_model.layers.21.mlp.gate_proj.weight,linear,mlp,21,15360x3840,58982400,32,2.602,10.6375,12.7552,12.7551,12.8088,12.9906,12.9905,13.0503,12.7598,12.7597,12.8121,12.4605,12.4606,12.5567,11.6118,11.6117,11.6154,11.3846,11.3846,11.3866,11.0052,11.0052,11.0064,10.8498,10.8498,10.8537,12.0977,12.0978,12.1251,12.4113,12.4115,12.4812,12.1013,12.1013,12.1303,11.7385,11.7386,11.8189,11.7242,11.7244,11.7298,11.2987,11.2989,11.2989,10.9024,10.9024,10.9027,10.7677,10.7678,10.77,11.6692,11.6693,11.6877,12.3419,12.342,12.3901,11.6755,11.6757,11.6952,11.3053,11.3054,11.3763,11.9071,11.9069,11.9151,11.2633,11.2634,11.2634,10.8511,10.8511,10.8514,10.7287,10.7288,10.7301
model.language_model.layers.21.mlp.up_proj.weight,linear,mlp,21,15360x3840,58982400,29,2.5817,10.6181,12.7577,12.7579,12.7769,13.0057,13.0064,13.0272,12.7616,12.7618,12.7802,12.4814,12.4815,12.515,11.5963,11.5961,11.599,11.3742,11.374,11.3754,10.9742,10.9741,10.9747,10.8299,10.8298,10.8316,12.0996,12.0999,12.109,12.4232,12.4242,12.4458,12.1039,12.1041,12.1138,11.7526,11.7527,11.7797,11.704,11.7045,11.709,11.2872,11.2872,11.2876,10.8707,10.8707,10.8709,10.7475,10.7474,10.7487,11.6711,11.6712,11.6764,12.3397,12.3401,12.3564,11.6785,11.6786,11.684,11.3145,11.3145,11.339,11.8911,11.8916,11.8979,11.2514,11.2514,11.2519,10.8193,10.8194,10.8196,10.7084,10.7085,10.7094
model.language_model.layers.21.self_attn.k_proj.weight,linear,attn,21,2048x3840,7864320,26,2.6603,10.6954,12.7753,12.7756,12.9002,12.9969,12.9968,13.1249,12.7794,12.7797,12.9029,12.4764,12.4763,12.6794,11.66,11.6603,11.6693,11.4199,11.4199,11.4231,11.1007,11.1008,11.1055,10.9083,10.9082,10.9197,12.1056,12.1055,12.1711,12.4205,12.4193,12.5943,12.109,12.1087,12.1775,11.7536,11.7535,11.9333,11.7793,11.7794,11.7966,11.3361,11.3362,11.3367,10.9999,10.9998,11.0014,10.8255,10.8255,10.8332,11.6721,11.6722,11.7238,12.3558,12.3572,12.4829,11.678,11.678,11.7308,11.3217,11.3216,11.4854,11.9487,11.9488,11.9681,11.3009,11.3012,11.3023,10.9492,10.9491,10.9499,10.7857,10.7857,10.7908
model.language_model.layers.21.self_attn.o_proj.weight,linear,attn,21,3840x4096,15728640,30,2.6269,10.6609,12.7738,12.8118,12.8434,13.0069,13.053,13.0856,12.7778,12.8152,12.8465,12.4901,12.5569,12.6054,11.6301,11.6346,11.6561,11.3996,11.4021,11.4083,11.0405,11.0425,11.0436,10.871,10.875,10.8796,12.1058,12.129,12.1483,12.4275,12.4936,12.5509,12.1099,12.1342,12.1538,11.7627,11.8212,11.8677,11.745,11.7502,11.7825,11.3148,11.3166,11.3223,10.938,10.9387,10.9395,10.7877,10.7907,10.7946,11.6738,11.6934,11.709,12.3519,12.3995,12.4514,11.6806,11.7008,11.7158,11.3264,11.3777,11.4228,11.9298,11.9347,11.9642,11.2802,11.2819,11.2869,10.8871,10.8873,10.888,10.7485,10.7507,10.7536
model.language_model.layers.21.self_attn.q_proj.weight,linear,attn,21,4096x3840,15728640,28,2.6472,10.6825,12.7783,12.7781,12.8787,13.0008,13.0007,13.1071,12.7822,12.7819,12.8816,12.4847,12.4844,12.6502,11.6427,11.6435,11.6611,11.4101,11.4104,11.4155,11.0767,11.0767,11.0811,10.8949,10.895,10.9041,12.1054,12.1051,12.1609,12.4173,12.4177,12.569,12.109,12.1086,12.1668,11.7583,11.758,11.9063,11.7587,11.7595,11.7865,11.325,11.3251,11.3286,10.9754,10.9755,10.9772,10.812,10.8121,10.8183,11.6703,11.6703,11.7159,12.3475,12.3476,12.4649,11.6764,11.6764,11.7226,11.325,11.3248,11.4598,11.934,11.9329,11.9639,11.2903,11.29,11.2937,10.925,10.925,10.9257,10.7725,10.7725,10.7765
model.language_model.layers.21.self_attn.v_proj.weight,linear,attn,21,2048x3840,7864320,28,2.6428,10.6756,12.8335,12.8326,12.8694,13.0624,13.0613,13.1038,12.8368,12.836,12.8726,12.5827,12.5819,12.6394,11.641,11.6404,11.6638,11.4071,11.4069,11.4164,11.0702,11.0702,11.0715,10.8914,10.891,10.8968,12.1364,12.1354,12.1599,12.5039,12.5001,12.5747,12.1418,12.1409,12.1657,11.8452,11.8438,11.8989,11.7602,11.7592,11.7914,11.3213,11.3211,11.3305,10.9665,10.9665,10.9674,10.8061,10.8059,10.8109,11.6963,11.6961,11.7177,12.4113,12.4096,12.4693,11.7036,11.7035,11.7244,11.4017,11.4009,11.4532,11.9436,11.945,11.97,11.2873,11.2874,11.2958,10.9152,10.9152,10.9159,10.7653,10.7653,10.7693
model.language_model.layers.22.mlp.down_proj.weight,linear,mlp,22,3840x15360,58982400,33,2.5876,10.6178,12.7745,12.7742,12.7926,13.0143,13.014,13.0277,12.7793,12.7791,12.7975,12.4965,12.4962,12.5195,11.6293,11.6292,11.6323,11.3963,11.3962,11.3972,10.9919,10.9918,10.9922,10.8586,10.8585,10.8597,12.1143,12.1143,12.1253,12.4654,12.4654,12.4911,12.1185,12.1185,12.1299,11.7771,11.7768,11.8001,11.7484,11.7491,11.7542,11.3154,11.3153,11.316,10.8873,10.8873,10.8875,10.7748,10.7748,10.7758,11.6878,11.6876,11.6968,12.3978,12.3966,12.4213,11.6948,11.6946,11.7039,11.3395,11.3393,11.3607,11.9287,11.9292,11.9359,11.2826,11.2826,11.2833,10.8356,10.8356,10.8357,10.7366,10.7366,10.7376
model.language_model.layers.22.mlp.gate_proj.weight,linear,mlp,22,15360x3840,58982400,30,2.6032,10.6381,12.7569,12.7569,12.8105,12.996,12.9963,13.0513,12.7612,12.7613,12.8136,12.4682,12.4683,12.5589,11.6114,11.6114,11.6165,11.3846,11.3844,11.3871,11.0066,11.0066,11.0077,10.8497,10.8496,10.854,12.0989,12.099,12.1256,12.4169,12.4168,12.4823,12.1026,12.1027,12.1308,11.7442,11.7442,11.8204,11.7226,11.7228,11.7307,11.2984,11.2984,11.299,10.9036,10.9036,10.904,10.7675,10.7674,10.7703,11.6706,11.6705,11.6875,12.3439,12.3438,12.3914,11.6772,11.6772,11.6949,11.3095,11.3095,11.378,11.9046,11.9043,11.9156,11.2628,11.2628,11.2634,10.8522,10.8522,10.8527,10.7283,10.7283,10.7302
model.language_model.layers.22.mlp.up_proj.weight,linear,mlp,22,15360x3840,58982400,31,2.5771,10.6142,12.7608,12.7609,12.7725,13.0075,13.0077,13.02,12.7643,12.7644,12.7756,12.4847,12.4847,12.5057,11.5889,11.5888,11.5905,11.3701,11.3701,11.3708,10.9684,10.9684,10.9687,10.8254,10.8254,10.8265,12.0987,12.0988,12.104,12.415,12.4151,12.4275,12.103,12.1031,12.1086,11.7519,11.752,11.769,11.6943,11.6948,11.6973,11.2814,11.2814,11.2816,10.8649,10.8649,10.865,10.7434,10.7434,10.744,11.6677,11.6678,11.6704,12.3277,12.328,12.3367,11.6752,11.6753,11.6781,11.3138,11.3137,11.3292,11.8834,11.8841,11.8877,11.245,11.245,11.2452,10.8136,10.8136,10.8137,10.7044,10.7044,10.7049
model.language_model.layers.22.self_attn.k_proj.weight,linear,attn,22,2048x3840,7864320,29,2.6533,10.6873,12.7767,12.7762,12.8854,13.0025,13.0024,13.1133,12.7808,12.7802,12.8879,12.4831,12.483,12.6626,11.6542,11.6544,11.6661,11.4121,11.4121,11.4162,11.0858,11.0858,11.0878,10.894,10.8942,10.903,12.1072,12.1071,12.1608,12.4284,12.429,12.5675,12.1107,12.1106,12.1665,11.7581,11.7587,11.9143,11.7702,11.7702,11.7923,11.3249,11.3248,11.3266,10.9832,10.9832,10.9842,10.8115,10.8116,10.8177,11.6744,11.6742,11.7127,12.36,12.3567,12.4649,11.6803,11.6801,11.7188,11.325,11.325,11.4694,11.9451,11.9448,11.97,11.2883,11.2881,11.2901,10.9317,10.9317,10.9327,10.7712,10.7712,10.7752
model.language_model.layers.22.self_attn.o_proj.weight,linear,attn,22,3840x4096,15728640,28,2.6249,10.6603,12.7661,12.7977,12.8383,13.002,13.0402,13.0866,12.77,12.8011,12.8411,12.4813,12.5376,12.6011,11.6267,11.6323,11.6587,11.3976,11.4012,11.4084,11.0377,11.0383,11.0397,10.8655,10.8686,10.8735,12.1018,12.1209,12.1456,12.4176,12.472,12.5462,12.1059,12.1258,12.1505,11.7538,11.8031,11.8612,11.7376,11.745,11.7845,11.3115,11.3147,11.3211,10.9343,10.9346,10.936,10.7822,10.7844,10.789,11.6707,11.6864,11.7063,12.3408,12.3838,12.4505,11.6778,11.6938,11.7125,11.3179,11.3614,11.4181,11.921,11.9279,11.9635,11.2761,11.2793,11.2843,10.8829,10.8834,10.8845,10.7425,10.7442,10.7478
model.language_model.layers.22.self_attn.q_proj.weight,linear,attn,22,4096x3840,15728640,29,2.6453,10.6793,12.7765,12.7755,12.8743,12.9967,12.9969,13.1023,12.7804,12.7795,12.8766,12.4792,12.4787,12.6455,11.634,11.634,11.6569,11.4025,11.4024,11.4103,11.0726,11.0726,11.0744,10.8841,10.884,10.8944,12.1034,12.103,12.1544,12.4103,12.4091,12.5509,12.1068,12.1064,12.1599,11.7527,11.7524,11.8984,11.7487,11.7485,11.7817,11.315,11.3147,11.3206,10.9702,10.9701,10.9709,10.8025,10.8024,10.8096,11.6678,11.6678,11.7071,12.3389,12.3402,12.4492,11.6739,11.6738,11.7135,11.32,11.3199,11.454,11.9302,11.93,11.9612,11.2784,11.2783,11.284,10.9189,10.9189,10.9195,10.7628,10.7628,10.7674
model.language_model.layers.22.self_attn.v_proj.weight,linear,attn,22,2048x3840,7864320,28,2.6286,10.663,12.8282,12.8284,12.8471,13.0559,13.056,13.084,12.8312,12.8313,12.8495,12.5776,12.5769,12.6099,11.6207,11.6207,11.6459,11.3924,11.3924,11.4024,11.0476,11.0476,11.0486,10.871,10.8712,10.8758,12.129,12.1291,12.1436,12.4783,12.4793,12.5287,12.1344,12.1345,12.1489,11.835,11.8353,11.8653,11.7357,11.7361,11.7677,11.303,11.3028,11.313,10.9441,10.9441,10.9449,10.7868,10.7869,10.7911,11.6875,11.6875,11.7002,12.3872,12.3842,12.4293,11.6951,11.6953,11.7069,11.3925,11.3924,11.4222,11.9274,11.9252,11.9499,11.2677,11.2674,11.2766,10.8929,10.8929,10.8935,10.7459,10.7458,10.7494
model.language_model.layers.23.mlp.down_proj.weight,linear,mlp,23,3840x15360,58982400,31,2.5973,10.6273,12.797,12.7971,12.8146,13.0245,13.0248,13.0377,12.8017,12.8018,12.8191,12.5176,12.5177,12.539,11.6429,11.6429,11.6445,11.407,11.4071,11.4079,11.0065,11.0065,11.007,10.867,10.8669,10.8687,12.125,12.125,12.1348,12.4843,12.4848,12.5067,12.1292,12.1292,12.1393,11.7979,11.7979,11.8187,11.7651,11.7652,11.7687,11.3263,11.3265,11.3267,10.902,10.902,10.9023,10.7833,10.7833,10.7848,11.6946,11.6945,11.7025,12.4195,12.4195,12.4391,11.7012,11.7011,11.7092,11.3602,11.3603,11.3791,11.9418,11.9417,11.946,11.2942,11.2942,11.2944,10.8503,10.8503,10.8504,10.7445,10.7445,10.7457
model.language_model.layers.23.mlp.gate_proj.weight,linear,mlp,23,15360x3840,58982400,32,2.6063,10.6374,12.7701,12.7697,12.823,12.996,12.9961,13.055,12.7749,12.7745,12.8272,12.4733,12.4733,12.5613,11.6395,11.6393,11.6429,11.404,11.404,11.4053,11.0188,11.0188,11.0212,10.8738,10.8738,10.878,12.1063,12.1064,12.1398,12.4306,12.431,12.5239,12.1097,12.1098,12.1449,11.7544,11.7546,11.8346,11.7603,11.7602,11.7654,11.3227,11.3225,11.3225,10.9158,10.9158,10.9165,10.7907,10.7907,10.7936,11.6767,11.6767,11.7057,12.3702,12.3703,12.4413,11.6825,11.6824,11.7129,11.3224,11.3224,11.3914,11.9358,11.9358,11.9425,11.2894,11.2893,11.2894,10.8646,10.8646,10.8648,10.7523,10.7523,10.7545
model.language_model.layers.23.mlp.up_proj.weight,linear,mlp,23,15360x3840,58982400,32,2.5903,10.6239,12.7692,12.7688,12.7904,13.0143,13.0142,13.0371,12.7734,12.7731,12.7942,12.4947,12.4945,12.5327,11.6089,11.6087,11.6109,11.3825,11.3824,11.3833,10.9853,10.9853,10.9865,10.8414,10.8413,10.8439,12.1081,12.1078,12.119,12.4458,12.4458,12.4735,12.1125,12.1122,12.1241,11.7683,11.7681,11.8002,11.7215,11.721,11.7255,11.2975,11.2975,11.2977,10.8819,10.8819,10.8823,10.7583,10.7582,10.7601,11.6796,11.6794,11.6863,12.3671,12.3659,12.3849,11.6869,11.6867,11.6942,11.3298,11.3295,11.3576,11.9066,11.9052,11.9116,11.2629,11.2628,11.2631,10.8307,10.8307,10.8309,10.7195,10.7194,10.7209
model.language_model.layers.23.self_attn.k_proj.weight,linear,attn,23,512x3840,1966080,26,2.6225,10.6528,12.7958,12.7952,12.8414,13.0287,13.0302,13.0879,12.8003,12.7994,12.8455,12.5249,12.5243,12.5968,11.645,11.6424,11.6842,11.4083,11.4079,11.4308,11.0426,11.0425,11.0436,10.8816,10.881,10.8905,12.1225,12.1221,12.1574,12.4784,12.4795,12.5904,12.1271,12.1269,12.1625,11.7995,11.7997,11.8689,11.7637,11.7612,11.8126,11.3266,11.3256,11.3512,10.9383,10.9382,10.9388,10.797,10.7971,10.8053,11.6921,11.6913,11.7281,12.409,12.4034,12.4991,11.6986,11.6984,11.7341,11.3607,11.3602,11.4233,11.9422,11.9407,11.9781,11.2939,11.2933,11.319,10.8867,10.8866,10.887,10.7585,10.7585,10.7655
model.language_model.layers.23.self_attn.o_proj.weight,linear,attn,23,3840x8192,31457280,31,2.6553,10.6882,12.8099,12.8553,12.8938,13.0253,13.0776,13.1226,12.8138,12.8586,12.8968,12.5308,12.6063,12.6659,11.6627,11.6672,11.6834,11.4249,11.4269,11.4312,11.0966,11.0985,11.0998,10.9139,10.9179,10.9221,12.1222,12.1502,12.1743,12.4589,12.5399,12.6106,12.1264,12.1558,12.1802,11.804,11.8712,11.9266,11.7826,11.7874,11.8126,11.342,11.343,11.3468,10.9937,10.9942,10.9954,10.8295,10.8318,10.8356,11.6881,11.7098,11.7309,12.3988,12.4474,12.4998,11.6945,11.7169,11.7373,11.376,11.4263,11.4786,11.9529,11.9578,11.9816,11.3087,11.3097,11.3127,10.9426,10.9426,10.9437,10.79,10.7909,10.7938
model.language_model.layers.23.self_attn.q_proj.weight,linear,attn,23,8192x3840,31457280,30,2.7093,10.7483,12.7886,12.7889,12.9714,13.0112,13.0113,13.1781,12.7919,12.7922,12.9735,12.5036,12.5039,12.79,11.6606,11.6605,11.6842,11.4325,11.4326,11.4369,11.196,11.196,11.2007,10.9481,10.9481,10.9656,12.1075,12.1076,12.1938,12.4188,12.4185,12.6397,12.1114,12.1114,12.2016,11.7708,11.771,12.0289,11.7691,11.7701,11.8105,11.3477,11.3479,11.3486,11.0956,11.0956,11.0973,10.8663,10.8663,10.8761,11.6692,11.6691,11.7374,12.3411,12.3392,12.5026,11.6756,11.6757,11.7445,11.3359,11.3355,11.5778,11.9328,11.9332,11.9768,11.3116,11.3116,11.3143,11.0454,11.0454,11.0459,10.8259,10.8259,10.8311
model.language_model.layers.24.mlp.down_proj.weight,linear,mlp,24,3840x15360,58982400,30,2.5933,10.6344,12.7917,12.7916,12.8077,13.0099,13.0103,13.027,12.7945,12.7944,12.8099,12.5016,12.5016,12.5303,11.6002,11.6003,11.6094,11.3776,11.3776,11.3806,11.0014,11.0013,11.0021,10.8438,10.8438,10.8471,12.1061,12.1063,12.1137,12.4066,12.4074,12.4295,12.1098,12.11,12.1175,11.7657,11.7657,11.7904,11.7073,11.7073,11.721,11.2828,11.2827,11.2855,10.8988,10.8989,10.8992,10.7646,10.7646,10.7675,11.6648,11.6649,11.6701,12.3239,12.3251,12.3493,11.671,11.6711,11.6761,11.3315,11.3318,11.3553,11.8986,11.899,11.9121,11.2434,11.2435,11.2461,10.8475,10.8475,10.8478,10.726,10.726,10.7281
model.language_model.layers.24.mlp.gate_proj.weight,linear,mlp,24,15360x3840,58982400,30,2.6053,10.6404,12.7707,12.7709,12.8136,13.0063,13.0061,13.054,12.7746,12.7749,12.8164,12.487,12.4868,12.5617,11.6147,11.6146,11.6217,11.386,11.3859,11.3887,11.0079,11.0078,11.0091,10.8503,10.8503,10.8539,12.1048,12.1049,12.1258,12.4277,12.4282,12.4829,12.1087,12.1088,12.1306,11.7599,11.7599,11.8217,11.7255,11.726,11.7371,11.2978,11.298,11.2994,10.9048,10.9048,10.9055,10.7682,10.7683,10.7708,11.6735,11.6735,11.6866,12.3511,12.3523,12.3944,11.6802,11.6802,11.6935,11.324,11.3241,11.3809,11.907,11.9079,11.9214,11.2613,11.2615,11.2627,10.8534,10.8534,10.8541,10.7288,10.7288,10.7307
model.language_model.layers.24.mlp.up_proj.weight,linear,mlp,24,15360x3840,58982400,30,2.5853,10.6215,12.775,12.7753,12.7849,13.0175,13.0181,13.0286,12.7784,12.7787,12.788,12.5038,12.5043,12.5222,11.5947,11.5949,11.5965,11.3741,11.3742,11.3748,10.9804,10.9804,10.9806,10.8337,10.8338,10.8348,12.1055,12.1054,12.11,12.4288,12.4288,12.4401,12.1099,12.1099,12.1147,11.7696,11.7698,11.7843,11.7021,11.7019,11.7056,11.2854,11.2852,11.2855,10.8769,10.8769,10.877,10.7515,10.7514,10.7521,11.6719,11.6719,11.6743,12.3404,12.3396,12.3508,11.6794,11.6794,11.6818,11.3307,11.3306,11.344,11.8902,11.8897,11.8952,11.2489,11.2489,11.2492,10.8256,10.8256,10.8257,10.7122,10.7121,10.7127
model.language_model.layers.24.self_attn.k_proj.weight,linear,attn,24,2048x3840,7864320,27,2.6798,10.7147,12.7926,12.7928,12.9258,13.0145,13.015,13.1484,12.7964,12.7968,12.9278,12.505,12.5061,12.7216,11.6723,11.6732,11.6878,11.4254,11.4255,11.4308,11.132,11.132,11.1341,10.9193,10.9195,10.9308,12.1147,12.1144,12.1786,12.4449,12.4444,12.6142,12.1185,12.1182,12.1847,11.7786,11.7786,11.9677,11.7905,11.7915,11.8153,11.3379,11.3381,11.3415,11.0294,11.0294,11.0305,10.8365,10.8367,10.8441,11.6795,11.6793,11.7271,12.3754,12.3772,12.4974,11.6855,11.6853,11.7328,11.3439,11.3437,11.5201,11.9563,11.9585,11.984,11.3008,11.301,11.3049,10.9777,10.9778,10.9789,10.7953,10.7954,10.8005
model.language_model.layers.24.self_attn.o_proj.weight,linear,attn,24,3840x4096,15728640,28,2.6241,10.6592,12.7602,12.7909,12.836,12.9975,13.0365,13.0903,12.7645,12.7947,12.8391,12.4727,12.5282,12.5991,11.6316,11.6383,11.6701,11.4018,11.4047,11.4146,11.0335,11.0351,11.037,10.8655,10.869,10.8757,12.1008,12.1201,12.1494,12.4204,12.4764,12.5654,12.1047,12.1249,12.1544,11.7493,11.7975,11.8637,11.7437,11.7521,11.7981,11.3176,11.3198,11.3289,10.9305,10.9311,10.9329,10.7823,10.7849,10.7911,11.6718,11.6887,11.7134,12.3486,12.3926,12.4702,11.6786,11.696,11.7193,11.3141,11.3562,11.4203,11.927,11.9348,11.9745,11.283,11.2854,11.2928,10.8795,10.8798,10.8813,10.7436,10.7456,10.7504
model.language_model.layers.24.self_attn.q_proj.weight,linear,attn,24,4096x3840,15728640,29,2.6908,10.7268,12.7918,12.7918,12.941,13.0085,13.0093,13.163,12.7956,12.7954,12.9431,12.4998,12.4998,12.7447,11.6685,11.6678,11.6981,11.4268,11.427,11.4375,11.1515,11.1515,11.1539,10.9258,10.9256,10.942,12.1117,12.1117,12.1863,12.4329,12.4313,12.6326,12.1151,12.1151,12.1926,11.7733,11.7729,11.9891,11.7861,11.7857,11.8273,11.3399,11.34,11.3481,11.0493,11.0493,11.0503,10.8439,10.8438,10.8545,11.6749,11.6748,11.7334,12.3654,12.364,12.511,11.6806,11.6804,11.739,11.3402,11.3398,11.5412,11.9565,11.9566,11.994,11.3033,11.3032,11.3116,10.9978,10.9978,10.9987,10.8032,10.8032,10.8104
model.language_model.layers.24.self_attn.v_proj.weight,linear,attn,24,2048x3840,7864320,26,2.605,10.6409,12.7972,12.7975,12.8138,13.032,13.0328,13.052,12.8002,12.8006,12.8165,12.5351,12.5353,12.5603,11.602,11.6023,11.6194,11.3816,11.3817,11.3871,11.0114,11.0115,11.0123,10.8501,10.8499,10.8529,12.1135,12.1139,12.1246,12.4433,12.4437,12.4765,12.1185,12.1188,12.1294,11.7956,11.7962,11.8192,11.7096,11.7102,11.7351,11.2916,11.2916,11.2969,10.908,10.908,10.9087,10.767,10.7669,10.7699,11.6756,11.6758,11.6843,12.3507,12.3504,12.3867,11.6832,11.6836,11.6912,11.3551,11.3553,11.3785,11.8964,11.8974,11.9234,11.2553,11.2552,11.2601,10.8568,10.8568,10.8574,10.727,10.727,10.7294
model.language_model.layers.25.mlp.down_proj.weight,linear,mlp,25,3840x15360,58982400,30,2.6102,10.6493,12.8095,12.8097,12.8308,13.0267,13.0274,13.0482,12.812,12.8123,12.833,12.5269,12.5271,12.5647,11.6178,11.6178,11.632,11.3886,11.3886,11.3924,11.0297,11.0297,11.0306,10.8596,10.8596,10.8642,12.1165,12.1165,12.1264,12.4353,12.4351,12.4652,12.1202,12.1201,12.1302,11.7898,11.7898,11.8233,11.7279,11.7279,11.7493,11.2937,11.2938,11.2976,10.9272,10.9272,10.9276,10.7799,10.7798,10.7837,11.6734,11.6735,11.6806,12.3496,12.3498,12.3866,11.6793,11.6792,11.6861,11.3545,11.3546,11.3871,11.914,11.9147,11.9349,11.254,11.2542,11.2579,10.8758,10.8758,10.8761,10.7406,10.7407,10.7431
model.language_model.layers.25.mlp.gate_proj.weight,linear,mlp,25,15360x3840,58982400,31,2.6191,10.6535,12.7827,12.783,12.8341,13.0128,13.013,13.0709,12.7867,12.787,12.8367,12.5006,12.5007,12.5901,11.6254,11.6257,11.6359,11.3936,11.3937,11.3974,11.0289,11.0289,11.0305,10.8636,10.8637,10.868,12.1104,12.1105,12.1364,12.4377,12.4379,12.5084,12.1144,12.1145,12.1414,11.7733,11.7733,11.8482,11.7379,11.7379,11.7544,11.3057,11.3058,11.3079,10.9259,10.926,10.9268,10.7811,10.7811,10.7844,11.6771,11.6771,11.6946,12.3618,12.3626,12.4171,11.6837,11.6836,11.7012,11.3373,11.3372,11.4062,11.9169,11.9176,11.9354,11.2693,11.2695,11.2712,10.8745,10.8745,10.8754,10.7413,10.7412,10.7436
model.language_model.layers.25.mlp.up_proj.weight,linear,mlp,25,15360x3840,58982400,29,2.6008,10.6356,12.7944,12.7945,12.8084,13.0313,13.0316,13.046,12.7977,12.7977,12.8112,12.5288,12.5289,12.5539,11.6071,11.6074,11.6096,11.3823,11.3824,11.383,11.0039,11.0038,11.0042,10.8489,10.8489,10.8503,12.1149,12.115,12.1215,12.4498,12.4504,12.4659,12.1197,12.1197,12.1265,11.7931,11.7931,11.8134,11.7174,11.7178,11.7216,11.2933,11.2934,11.2936,10.9004,10.9004,10.9005,10.766,10.766,10.767,11.6788,11.6789,11.6823,12.3606,12.3606,12.3751,11.6862,11.6863,11.6897,11.3532,11.3532,11.372,11.9029,11.903,11.9092,11.2571,11.2572,11.2576,10.8491,10.849,10.8492,10.7261,10.7261,10.7269
model.language_model.layers.25.self_attn.k_proj.weight,linear,attn,25,2048x3840,7864320,27,2.691,10.7262,12.7966,12.7966,12.9407,13.02,13.0196,13.1636,12.8005,12.8003,12.9425,12.5124,12.5126,12.7443,11.6848,11.6845,11.7023,11.4332,11.4333,11.4396,11.1501,11.1501,11.1524,10.9278,10.9278,10.9408,12.1169,12.1166,12.1861,12.4508,12.4511,12.6352,12.1207,12.1203,12.192,11.7848,11.7849,11.9887,11.8019,11.8023,11.8322,11.3455,11.3457,11.3496,11.0476,11.0475,11.0488,10.8456,10.8455,10.8538,11.6807,11.6806,11.733,12.3793,12.3782,12.5126,11.6867,11.6865,11.7383,11.3498,11.3498,11.542,11.9633,11.9635,11.9957,11.3076,11.3078,11.312,10.9959,10.9959,10.9972,10.8045,10.8044,10.8095
model.language_model.layers.25.self_attn.o_proj.weight,linear,attn,25,3840x4096,15728640,28,2.6317,10.6688,12.76,12.7791,12.8412,13.001,13.024,13.1112,12.7642,12.7831,12.8441,12.4771,12.5117,12.6138,11.6279,11.6298,11.7049,11.403,11.4052,11.4313,11.0436,11.0448,11.0477,10.8666,10.869,10.8792,12.1014,12.1131,12.1591,12.4233,12.4587,12.6098,12.1055,12.1179,12.1635,11.7521,11.783,11.8794,11.737,11.7402,11.8379,11.3179,11.3201,11.3461,10.9406,10.9413,10.9438,10.7839,10.7859,10.7944,11.6727,11.6832,11.7262,12.3502,12.3751,12.51,11.6797,11.6908,11.7307,11.3156,11.3423,11.436,11.9228,11.9232,11.9985,11.2833,11.2854,11.3076,10.8898,10.8904,10.892,10.7456,10.7474,10.7528
model.language_model.layers.25.self_attn.q_proj.weight,linear,attn,25,4096x3840,15728640,27,2.6614,10.6961,12.7839,12.7836,12.8994,13.003,13.0033,13.119,12.7876,12.7872,12.9014,12.4904,12.4904,12.6795,11.6422,11.6426,11.6705,11.4094,11.4095,11.4183,11.1004,11.1004,11.1028,10.8989,10.8988,10.9105,12.1064,12.106,12.1632,12.4165,12.4154,12.5698,12.11,12.1095,12.1686,11.7621,11.7621,11.9284,11.7549,11.7557,11.796,11.3202,11.3201,11.327,10.9981,10.9981,10.9993,10.8176,10.8177,10.8255,11.6695,11.6696,11.7118,12.3428,12.3446,12.465,11.6755,11.6756,11.7177,11.3291,11.329,11.4842,11.9275,11.9295,11.9705,11.2825,11.2827,11.2894,10.9468,10.9468,10.9477,10.7775,10.7775,10.7824
model.language_model.layers.25.self_attn.v_proj.weight,linear,attn,25,2048x3840,7864320,26,2.6048,10.6417,12.7887,12.7884,12.8131,13.0224,13.0231,13.0526,12.7918,12.7919,12.8155,12.5201,12.52,12.5578,11.603,11.6013,11.627,11.3799,11.3794,11.3894,11.0107,11.0107,11.012,10.8481,10.8479,10.8529,12.1091,12.109,12.1251,12.4313,12.4289,12.4788,12.1138,12.1136,12.1295,11.7832,11.7831,11.8177,11.7115,11.709,11.7442,11.2892,11.289,11.2986,10.9073,10.9074,10.9084,10.7655,10.7655,10.7699,11.6719,11.6718,11.6848,12.3442,12.3376,12.3924,11.6797,11.6795,11.6912,11.3438,11.3433,11.3777,11.9057,11.8993,11.934,11.2524,11.2521,11.2612,10.8561,10.8561,10.857,10.7257,10.7256,10.7295
model.language_model.layers.26.mlp.down_proj.weight,linear,mlp,26,3840x15360,58982400,31,2.5922,10.6227,12.7889,12.7887,12.8096,13.011,13.0111,13.0257,12.794,12.7938,12.8145,12.4973,12.4973,12.5221,11.6533,11.6533,11.6573,11.4141,11.4142,11.4159,10.9913,10.9913,10.9917,10.8523,10.8524,10.855,12.1209,12.121,12.132,12.4722,12.4727,12.4978,12.1245,12.1246,12.1358,11.7828,11.783,11.8068,11.778,11.7782,11.7845,11.3354,11.3356,11.3364,10.8869,10.8869,10.8872,10.7698,10.7699,10.7723,11.6922,11.6922,11.7004,12.4209,12.4207,12.4439,11.6979,11.6979,11.706,11.3492,11.3492,11.3715,11.9519,11.9517,11.9584,11.3039,11.3039,11.3047,10.8347,10.8347,10.8349,10.7308,10.7308,10.7329
model.language_model.layers.26.mlp.gate_proj.weight,linear,mlp,26,15360x3840,58982400,32,2.6083,10.6461,12.7795,12.7794,12.8398,12.9906,12.9905,13.0493,12.7841,12.7839,12.8438,12.4729,12.4727,12.5571,11.6705,11.6703,11.6736,11.4282,11.4283,11.4297,11.0069,11.0069,11.0099,10.8538,10.8537,10.8603,12.1069,12.1068,12.1463,12.4172,12.4166,12.5283,12.11,12.1098,12.1503,11.7536,11.7534,11.836,11.7963,11.796,11.8025,11.3495,11.3494,11.3495,10.9037,10.9037,10.9053,10.7721,10.7721,10.7768,11.6724,11.6722,11.7097,12.3604,12.3598,12.4672,11.6777,11.6775,11.715,11.3237,11.3236,11.3977,11.9629,11.9622,11.9702,11.3178,11.3177,11.3181,10.8526,10.8526,10.853,10.7334,10.7334,10.7363
model.language_model.layers.26.mlp.up_proj.weight,linear,mlp,26,15360x3840,58982400,30,2.5895,10.6188,12.7836,12.7835,12.801,13.0094,13.0093,13.0279,12.7885,12.7885,12.8059,12.4949,12.4948,12.5223,11.6391,11.6391,11.6402,11.4035,11.4036,11.4042,10.9966,10.9966,10.9978,10.8622,10.8622,10.8645,12.1168,12.1169,12.1289,12.462,12.4614,12.4955,12.1206,12.1207,12.1331,11.7781,11.778,11.8042,11.7613,11.762,11.7634,11.3234,11.3235,11.3235,10.8924,10.8924,10.893,10.7793,10.7794,10.7811,11.688,11.6879,11.6991,12.4036,12.4039,12.4313,11.6942,11.6941,11.7057,11.3435,11.3434,11.3659,11.9392,11.9391,11.9415,11.2913,11.2912,11.2913,10.8409,10.8409,10.841,10.7411,10.7412,10.7423
model.language_model.layers.26.self_attn.k_proj.weight,linear,attn,26,2048x3840,7864320,28,2.6684,10.7149,12.7904,12.7889,12.9266,13.0122,13.0119,13.1359,12.7941,12.7928,12.9295,12.5005,12.5001,12.6916,11.7002,11.6994,11.7106,11.4548,11.4538,11.458,11.1043,11.1044,11.1091,10.9014,10.9012,10.9141,12.1133,12.1126,12.1883,12.4392,12.4396,12.6392,12.1169,12.1162,12.1941,11.7738,11.7738,11.9538,11.8252,11.8229,11.8409,11.3762,11.3753,11.3766,11.0019,11.002,11.0044,10.8176,10.8176,10.8262,11.6777,11.6773,11.7447,12.3731,12.3701,12.5321,11.6833,11.6833,11.7502,11.3401,11.3401,11.5046,11.9817,11.9783,11.9974,11.3438,11.343,11.3452,10.9517,10.9516,10.9524,10.7777,10.7776,10.7826
model.language_model.layers.26.self_attn.o_proj.weight,linear,attn,26,3840x4096,15728640,29,2.6288,10.6627,12.7738,12.8282,12.8613,12.9956,13.0527,13.0836,12.7785,12.8324,12.865,12.4777,12.5578,12.6045,11.6653,11.6697,11.6804,11.4253,11.4275,11.4308,11.0458,11.0486,11.0496,10.8794,10.8855,10.8914,12.1066,12.1417,12.1603,12.4274,12.5265,12.5761,12.1101,12.1459,12.1652,11.7582,11.8347,11.8775,11.7883,11.7932,11.8113,11.3463,11.3473,11.3493,10.9428,10.9442,10.9449,10.7974,10.8014,10.8063,11.6756,11.7087,11.7234,12.3669,12.4511,12.4941,11.6816,11.7147,11.7293,11.3259,11.3946,11.4341,11.9546,11.961,11.9805,11.314,11.3147,11.3169,10.8919,10.8923,10.8929,10.7591,10.7615,10.7657
model.language_model.layers.26.self_attn.q_proj.weight,linear,attn,26,4096x3840,15728640,28,2.6562,10.6943,12.7817,12.7814,12.9042,13.0074,13.0071,13.1192,12.7858,12.7855,12.9073,12.4933,12.4936,12.6679,11.6677,11.667,11.6862,11.4324,11.4323,11.4387,11.0921,11.092,11.0963,10.9029,10.9028,10.9171,12.1101,12.1101,12.1776,12.4353,12.4357,12.613,12.1139,12.114,12.1835,11.7687,11.7686,11.9309,11.786,11.7848,11.8148,11.3523,11.3522,11.3562,10.9891,10.989,10.9917,10.819,10.8189,10.83,11.6766,11.6766,11.7346,12.3663,12.3682,12.5061,11.683,11.6829,11.741,11.3342,11.3343,11.4822,11.9505,11.9507,11.9786,11.3192,11.3192,11.3239,10.9389,10.9389,10.94,10.7805,10.7803,10.7881
model.language_model.layers.26.self_attn.v_proj.weight,linear,attn,26,2048x3840,7864320,28,2.6504,10.6865,12.8688,12.8685,12.9027,13.065,13.0644,13.0993,12.8717,12.8717,12.9051,12.599,12.5981,12.6445,11.7296,11.7294,11.7376,11.4505,11.4501,11.4584,11.0885,11.0884,11.09,10.8876,10.8874,10.893,12.1473,12.1474,12.1696,12.5153,12.5148,12.5868,12.1512,12.1511,12.1732,11.8667,11.8665,11.9117,11.8592,11.8598,11.8702,11.3575,11.3574,11.3666,10.9848,10.9847,10.9858,10.8028,10.8028,10.807,11.7025,11.7025,11.7231,12.4391,12.4402,12.5102,11.7071,11.7071,11.7268,11.4304,11.4303,11.4725,12.0053,12.0051,12.0109,11.315,11.3148,11.3251,10.9329,10.9328,10.9335,10.7594,10.7594,10.7623
model.language_model.layers.27.mlp.down_proj.weight,linear,mlp,27,3840x15360,58982400,31,2.5797,10.6095,12.7623,12.7622,12.7796,13.0046,13.0045,13.0182,12.7675,12.7674,12.7848,12.4797,12.4796,12.5025,11.6268,11.6264,11.6294,11.3936,11.3936,11.3947,10.9779,10.9779,10.9785,10.8491,10.8491,10.851,12.1093,12.1093,12.1197,12.4569,12.457,12.4815,12.1133,12.1133,12.1239,11.7635,11.7636,11.7859,11.7467,11.7466,11.7513,11.3137,11.3137,11.3142,10.8734,10.8734,10.8738,10.766,10.7659,10.7675,11.6856,11.6856,11.6939,12.3943,12.3943,12.4172,11.6925,11.6924,11.7007,11.3274,11.3274,11.348,11.9274,11.9275,11.9333,11.2812,11.2813,11.2817,10.8218,10.8218,10.822,10.7282,10.7282,10.7295
model.language_model.layers.27.mlp.gate_proj.weight,linear,mlp,27,15360x3840,58982400,30,2.5935,10.6232,12.7634,12.7639,12.7977,12.9978,12.9982,13.0412,12.7682,12.7688,12.802,12.4735,12.474,12.5366,11.6229,11.6225,11.6258,11.3918,11.3918,11.3929,10.9904,10.9904,10.9924,10.8515,10.8515,10.8549,12.1048,12.105,12.1269,12.4334,12.4337,12.4974,12.1086,12.1088,12.1319,11.7544,11.7546,11.8097,11.74,11.7397,11.7451,11.3094,11.3094,11.3097,10.8871,10.8871,10.8878,10.7685,10.7685,10.771,11.6774,11.6774,11.696,12.3694,12.3687,12.4151,11.6838,11.6838,11.7036,11.3204,11.3204,11.3672,11.9209,11.9206,11.9276,11.2758,11.2759,11.2761,10.8358,10.8358,10.8361,10.7303,10.7304,10.7323
model.language_model.layers.27.mlp.up_proj.weight,linear,mlp,27,15360x3840,58982400,33,2.581,10.6134,12.7674,12.7675,12.7759,13.0174,13.0175,13.0269,12.7717,12.7717,12.7799,12.4986,12.4987,12.5137,11.6045,11.6046,11.6053,11.3795,11.3796,11.3797,10.9711,10.9711,10.9716,10.8342,10.8341,10.835,12.1084,12.1081,12.1131,12.4506,12.4501,12.463,12.113,12.1128,12.1181,11.7718,11.7716,11.7845,11.7171,11.717,11.7184,11.2951,11.2951,11.295,10.8671,10.8671,10.8673,10.7508,10.7508,10.7514,11.6805,11.6804,11.6838,12.3675,12.3676,12.3771,11.6882,11.688,11.6918,11.3317,11.3315,11.3427,11.9026,11.9032,11.9056,11.2607,11.2608,11.2608,10.8157,10.8157,10.8157,10.7121,10.7121,10.7126
model.language_model.layers.27.self_attn.k_proj.weight,linear,attn,27,2048x3840,7864320,26,2.6676,10.7089,12.7811,12.7816,12.9225,13.0029,13.0024,13.1382,12.785,12.7857,12.9252,12.4849,12.4857,12.6942,11.6829,11.6834,11.6942,11.4405,11.4405,11.4444,11.1065,11.1066,11.1128,10.9106,10.9104,10.9253,12.1082,12.108,12.1858,12.4267,12.4262,12.633,12.1116,12.1113,12.1921,11.7607,11.7604,11.9524,11.8058,11.8056,11.8244,11.3599,11.36,11.3614,11.0049,11.005,11.0081,10.8279,10.8278,10.8373,11.6732,11.6733,11.7409,12.3608,12.3627,12.517,11.6788,11.6789,11.7474,11.3285,11.3288,11.5015,11.9678,11.9656,11.9861,11.3264,11.3263,11.3286,10.9555,10.9555,10.9564,10.7896,10.7894,10.7949
model.language_model.layers.27.self_attn.o_proj.weight,linear,attn,27,3840x4096,15728640,29,2.616,10.6515,12.7591,12.7809,12.8233,13.0022,13.0307,13.0776,12.7635,12.785,12.8265,12.4776,12.518,12.5822,11.6248,11.629,11.6566,11.3969,11.3988,11.4068,11.0215,11.0227,11.0243,10.8573,10.8596,10.8663,12.1014,12.1155,12.1417,12.4275,12.4675,12.5432,12.1056,12.1204,12.1467,11.7526,11.7882,11.8471,11.7351,11.7404,11.7823,11.3129,11.3145,11.3215,10.9183,10.9187,10.9203,10.7741,10.7758,10.7819,11.6736,11.6859,11.7067,12.3514,12.3796,12.4505,11.6808,11.6938,11.713,11.3158,11.3463,11.404,11.9162,11.92,11.9615,11.2787,11.28,11.2857,10.8672,10.8674,10.8687,10.7354,10.7367,10.7414
model.language_model.layers.27.self_attn.q_proj.weight,linear,attn,27,4096x3840,15728640,28,2.691,10.7288,12.7865,12.7866,12.9475,13.0085,13.0089,13.1715,12.7903,12.7903,12.9499,12.497,12.4973,12.7497,11.663,11.6627,11.695,11.4327,11.4329,11.4441,11.1536,11.1536,11.1579,10.929,10.9289,10.9507,12.1102,12.1101,12.1952,12.4306,12.4301,12.6565,12.114,12.1138,12.2026,11.7701,11.7699,11.9962,11.7746,11.7756,11.8232,11.3496,11.3499,11.3592,11.0519,11.0519,11.0536,10.8462,10.8461,10.8622,11.6746,11.6745,11.746,12.3627,12.3599,12.5204,11.6807,11.6806,11.7527,11.3355,11.3353,11.543,11.9422,11.9417,11.9846,11.3152,11.3154,11.3258,11.0013,11.0013,11.0021,10.8066,10.8065,10.8187
model.language_model.layers.27.self_attn.v_proj.weight,linear,attn,27,2048x3840,7864320,27,2.6187,10.6488,12.812,12.8115,12.8361,13.0394,13.0406,13.0724,12.8162,12.8155,12.8398,12.5449,12.5451,12.5881,11.6392,11.639,11.6508,11.4059,11.406,11.4098,11.0325,11.0325,11.0337,10.8775,10.8775,10.8804,12.129,12.1287,12.147,12.4875,12.4887,12.5454,12.1338,12.1335,12.1524,11.8159,11.8162,11.8569,11.7594,11.7585,11.7761,11.3232,11.3231,11.3267,10.9284,10.9283,10.9291,10.7929,10.7926,10.7953,11.6934,11.6934,11.7115,12.4092,12.4104,12.4538,11.7004,11.7003,11.7187,11.3754,11.3756,11.4123,11.9368,11.9373,11.9519,11.2904,11.2903,11.2931,10.8769,10.877,10.8774,10.7532,10.7533,10.7553
model.language_model.layers.28.mlp.down_proj.weight,linear,mlp,28,3840x15360,58982400,30,2.5865,10.6159,12.7759,12.7761,12.7932,13.0128,13.0129,13.0258,12.7809,12.781,12.7981,12.495,12.4954,12.5171,11.632,11.6321,11.6342,11.3984,11.3983,11.3991,10.9913,10.9913,10.9918,10.8585,10.8585,10.8603,12.1157,12.1155,12.1255,12.4677,12.4677,12.4902,12.1198,12.1197,12.1299,11.7774,11.7774,11.7987,11.7531,11.7528,11.7568,11.3181,11.318,11.3183,10.8868,10.8868,10.8871,10.7751,10.7751,10.7765,11.689,11.689,11.6969,12.4036,12.404,12.4239,11.6958,11.6958,11.7038,11.3405,11.3406,11.3601,11.9325,11.9328,11.9368,11.2856,11.2857,11.2859,10.8351,10.8351,10.8352,10.737,10.737,10.7381
model.language_model.layers.28.mlp.gate_proj.weight,linear,mlp,28,15360x3840,58982400,31,2.6381,10.6721,12.7736,12.7733,12.8668,12.9944,12.9949,13.0973,12.7781,12.7777,12.8698,12.4744,12.4744,12.6321,11.646,11.646,11.6525,11.4085,11.4084,11.4115,11.0612,11.0613,11.0659,10.888,10.888,10.8969,12.1057,12.1056,12.1561,12.4213,12.4216,12.5585,12.109,12.1089,12.162,11.7538,11.7535,11.8905,11.7642,11.7643,11.7754,11.3239,11.3239,11.3248,10.9601,10.9601,10.9618,10.8055,10.8055,10.8116,11.6733,11.6733,11.7122,12.3589,12.3584,12.4562,11.679,11.6791,11.7192,11.3219,11.3217,11.4439,11.9368,11.9371,11.9517,11.2891,11.2891,11.29,10.9095,10.9095,10.9103,10.7663,10.7664,10.7704
model.language_model.layers.28.mlp.up_proj.weight,linear,mlp,28,15360x3840,58982400,31,2.5912,10.6233,12.7757,12.7757,12.7933,13.0193,13.0192,13.0376,12.7798,12.7798,12.7971,12.5051,12.5049,12.5351,11.6087,11.6086,11.6105,11.3834,11.3834,11.3841,10.9875,10.9874,10.9883,10.8439,10.8438,10.8457,12.1108,12.1108,12.1202,12.4503,12.4507,12.4741,12.1153,12.1154,12.1254,11.7773,11.7771,11.8029,11.7216,11.7212,11.7252,11.2985,11.2986,11.2986,10.8838,10.8838,10.8841,10.7605,10.7604,10.7617,11.6805,11.6807,11.6874,12.3688,12.3681,12.3861,11.688,11.6882,11.6955,11.3378,11.3376,11.3602,11.9062,11.9058,11.9108,11.2641,11.2641,11.2643,10.8325,10.8325,10.8326,10.7214,10.7214,10.7224
model.language_model.layers.28.self_attn.k_proj.weight,linear,attn,28,2048x3840,7864320,27,2.6613,10.6996,12.8096,12.8089,12.914,13.0225,13.0234,13.1239,12.8131,12.8126,12.917,12.5261,12.5262,12.6798,11.6806,11.6806,11.6888,11.4398,11.44,11.4432,11.0995,11.0995,11.1036,10.9082,10.9079,10.9185,12.121,12.1209,12.1806,12.4547,12.4548,12.6167,12.125,12.1248,12.1868,11.7991,11.7987,11.9413,11.8029,11.8038,11.8169,11.3593,11.3598,11.3612,10.9966,10.9967,10.9989,10.8237,10.8236,10.8309,11.6831,11.6831,11.7374,12.3873,12.3851,12.51,11.6892,11.6892,11.7439,11.364,11.3637,11.4923,11.9671,11.9647,11.9804,11.3273,11.3272,11.3297,10.9464,10.9465,10.9471,10.7842,10.7842,10.7884
model.language_model.layers.28.self_attn.o_proj.weight,linear,attn,28,3840x4096,15728640,28,2.7041,10.7468,12.7643,12.8786,12.9709,12.9992,13.1218,13.1888,12.7687,12.8822,12.9734,12.4758,12.6471,12.7765,11.6793,11.687,11.7243,11.4502,11.4539,11.4684,11.1802,11.1836,11.1847,10.9422,10.952,10.968,12.1027,12.1737,12.2098,12.4243,12.59,12.6987,12.1065,12.1791,12.217,11.7526,11.9116,12.0275,11.7895,11.8023,11.856,11.3716,11.3734,11.3881,11.0771,11.0792,11.08,10.8582,10.866,10.8782,11.6732,11.737,11.7644,12.3531,12.4737,12.5557,11.6799,11.7437,11.7703,11.3178,11.463,11.573,11.9493,11.9657,12.0057,11.3382,11.341,11.3564,11.0269,11.0277,11.0282,10.82,10.8256,10.834
model.language_model.layers.28.self_attn.q_proj.weight,linear,attn,28,4096x3840,15728640,28,2.6828,10.7188,12.8247,12.8243,12.9387,13.0377,13.0371,13.1542,12.8281,12.8277,12.9412,12.5533,12.553,12.7306,11.6696,11.6698,11.6859,11.4336,11.4335,11.4384,11.1467,11.1467,11.1498,10.9392,10.9394,10.9484,12.1267,12.1264,12.1888,12.4672,12.4667,12.6358,12.131,12.1309,12.1959,11.8204,11.8205,11.9808,11.7879,11.7872,11.8133,11.3506,11.3502,11.3532,11.0443,11.0442,11.0453,10.8539,10.8539,10.8599,11.6856,11.6854,11.7397,12.3904,12.3888,12.5085,11.692,11.692,11.7467,11.3829,11.3829,11.5291,11.9536,11.9531,11.978,11.3169,11.3167,11.32,10.9932,10.9932,10.9938,10.8129,10.8128,10.8166
model.language_model.layers.28.self_attn.v_proj.weight,linear,attn,28,2048x3840,7864320,28,2.7203,10.7663,12.8709,12.8711,12.9935,13.1047,13.1054,13.2001,12.8746,12.8743,12.9958,12.6264,12.6265,12.8057,11.7152,11.7157,11.7443,11.4774,11.4775,11.4864,11.2101,11.2101,11.212,10.9564,10.9564,10.9721,12.1655,12.1655,12.2175,12.5823,12.5844,12.7186,12.1702,12.1703,12.224,11.8938,11.894,12.0613,11.832,11.8329,11.877,11.4021,11.4022,11.4078,11.106,11.106,11.1072,10.8706,10.8705,10.8813,11.7279,11.7281,11.7715,12.4735,12.4755,12.5749,11.7336,11.7337,11.7764,11.4507,11.4506,11.61,11.9806,11.9832,12.0189,11.3707,11.3711,11.3764,11.0546,11.0546,11.0552,10.8291,10.8292,10.8353
model.language_model.layers.29.mlp.down_proj.weight,linear,mlp,29,3840x15360,58982400,31,2.5941,10.6308,12.8062,12.806,12.8201,13.0137,13.0135,13.0225,12.811,12.8106,12.8246,12.5082,12.508,12.5239,11.6681,11.6681,11.6699,11.4229,11.4231,11.4255,10.9904,10.9904,10.9908,10.8465,10.8465,10.8478,12.1257,12.1256,12.1328,12.472,12.4714,12.4884,12.1289,12.1289,12.1361,11.792,11.792,11.8077,11.7956,11.7956,11.7986,11.343,11.343,11.3454,10.8862,10.8862,10.8865,10.7643,10.7643,10.7655,11.6916,11.6916,11.6972,12.4247,12.4245,12.4415,11.6965,11.6965,11.7019,11.3598,11.3598,11.3747,11.9643,11.9646,11.9674,11.3111,11.3111,11.3132,10.834,10.834,10.8341,10.7244,10.7244,10.7254
model.language_model.layers.29.mlp.gate_proj.weight,linear,mlp,29,15360x3840,58982400,31,2.6395,10.6746,12.7819,12.782,12.8769,12.9966,12.9968,13.0994,12.7862,12.7862,12.8803,12.4811,12.4811,12.6329,11.6622,11.662,11.6673,11.4216,11.4217,11.4235,11.0653,11.0653,11.0691,10.8973,10.8973,10.9037,12.1073,12.1074,12.1645,12.4192,12.419,12.5796,12.1106,12.1106,12.1704,11.7586,11.7586,11.8967,11.7845,11.7846,11.7934,11.3396,11.3395,11.3395,10.9633,10.9633,10.9645,10.8136,10.8137,10.8178,11.6721,11.6721,11.7229,12.3543,12.3557,12.4801,11.6777,11.6776,11.7298,11.3273,11.3273,11.4492,11.9531,11.9528,11.9654,11.306,11.306,11.3064,10.9123,10.9124,10.9128,10.7744,10.7744,10.7771
model.language_model.layers.29.mlp.up_proj.weight,linear,mlp,29,15360x3840,58982400,31,2.5989,10.6282,12.7847,12.7846,12.8103,13.0156,13.0152,13.0444,12.7892,12.7892,12.8146,12.5035,12.5033,12.5475,11.6296,11.6296,11.6313,11.3976,11.3976,11.3982,11.0052,11.0052,11.0064,10.8638,10.8639,10.866,12.1163,12.1161,12.1325,12.4607,12.4599,12.5044,12.1204,12.1202,12.1376,11.782,11.7817,11.8216,11.7486,11.7488,11.7515,11.3155,11.3155,11.3153,10.9014,10.9013,10.9017,10.7801,10.7802,10.7816,11.6861,11.6859,11.6997,12.3918,12.3926,12.424,11.6927,11.6925,11.7073,11.3455,11.3454,11.379,11.9278,11.9284,11.9322,11.2823,11.2824,11.2823,10.8499,10.8499,10.85,10.7415,10.7415,10.7425
model.language_model.layers.29.self_attn.k_proj.weight,linear,attn,29,512x3840,1966080,27,2.6521,10.6922,12.8353,12.8355,12.9015,13.0572,13.0586,13.1263,12.8391,12.8391,12.9043,12.5693,12.5685,12.6571,11.6856,11.6859,11.7328,11.4433,11.4429,11.4716,11.0786,11.0786,11.08,10.8901,10.8903,10.9012,12.1429,12.1427,12.185,12.5274,12.5261,12.6445,12.1476,12.1472,12.1899,11.8415,11.8404,11.9267,11.8103,11.8084,11.8646,11.3638,11.3629,11.393,10.9742,10.9741,10.9749,10.8054,10.8054,10.8148,11.7062,11.7057,11.7473,12.4471,12.4478,12.5421,11.7121,11.7121,11.7521,11.3998,11.3994,11.479,11.9735,11.9717,12.0068,11.3324,11.3312,11.3602,10.9225,10.9223,10.9225,10.7643,10.7645,10.7716
model.language_model.layers.29.self_attn.o_proj.weight,linear,attn,29,3840x8192,31457280,31,2.6657,10.6993,12.8238,12.8853,12.9098,13.0361,13.1073,13.1316,12.8273,12.8882,12.9125,12.5518,12.6539,12.6906,11.6614,11.667,11.6772,11.4242,11.4264,11.4291,11.1137,11.1162,11.117,10.921,10.926,10.929,12.1281,12.1632,12.177,12.4707,12.5709,12.6086,12.1325,12.1694,12.1835,11.8236,11.9114,11.9456,11.7812,11.7886,11.8047,11.3404,11.3412,11.3433,11.0114,11.0122,11.0127,10.8366,10.8395,10.8418,11.6939,11.7188,11.7298,12.41,12.4623,12.4922,11.7004,11.7259,11.7368,11.4028,11.4636,11.4962,11.9516,11.9583,11.9752,11.3066,11.3075,11.3094,10.9604,10.9607,10.9611,10.7962,10.7976,10.7992
model.language_model.layers.29.self_attn.q_proj.weight,linear,attn,29,8192x3840,31457280,31,2.7569,10.8046,12.7997,12.8004,13.0387,13.0238,13.0245,13.2506,12.8029,12.8035,13.0411,12.5254,12.526,12.9003,11.6877,11.6879,11.7257,11.4631,11.4632,11.4706,11.2926,11.2926,11.2962,11.0044,11.0046,11.0215,12.1143,12.1141,12.2301,12.4382,12.4383,12.7381,12.1187,12.1184,12.2394,11.7911,11.7908,12.1326,11.7916,11.7921,11.8561,11.3842,11.3843,11.3874,11.1908,11.1907,11.192,10.9204,10.9204,10.9288,11.675,11.6751,11.7754,12.3559,12.3559,12.5605,11.6819,11.6819,11.782,11.3532,11.3531,11.6756,11.9441,11.9448,12.0056,11.3496,11.3497,11.3554,11.14,11.14,11.1406,10.879,10.8791,10.8831
model.language_model.layers.3.mlp.down_proj.weight,linear,mlp,3,3840x15360,58982400,32,2.5993,10.6294,12.7885,12.7885,12.8083,13.0303,13.0302,13.0469,12.793,12.793,12.8127,12.518,12.5179,12.5452,11.6357,11.6357,11.6403,11.4004,11.4004,11.4019,11.0058,11.0058,11.0063,10.8653,10.8653,10.8673,12.1222,12.1221,12.134,12.4866,12.4862,12.5147,12.1267,12.1267,12.1388,11.795,11.7949,11.8208,11.7551,11.7552,11.7634,11.3186,11.3185,11.3194,10.9013,10.9013,10.9016,10.7814,10.7814,10.7831,11.6938,11.6937,11.7026,12.4101,12.4109,12.4365,11.7008,11.7007,11.7096,11.3551,11.3552,11.3794,11.9334,11.9336,11.9439,11.2852,11.2852,11.2861,10.8497,10.8497,10.8499,10.7428,10.7428,10.7444
model.language_model.layers.3.mlp.gate_proj.weight,linear,mlp,3,15360x3840,58982400,31,2.6308,10.6651,12.8161,12.8156,12.8525,13.0445,13.0444,13.0901,12.8199,12.8194,12.8555,12.5483,12.5481,12.6152,11.6483,11.6488,11.6534,11.4079,11.4079,11.4099,11.0489,11.0489,11.0509,10.8813,10.8813,10.8854,12.1308,12.1307,12.1509,12.4939,12.4939,12.5526,12.1352,12.1351,12.1565,11.8192,11.8192,11.8758,11.7682,11.7689,11.7762,11.3224,11.3225,11.3234,10.946,10.946,10.9468,10.7972,10.7972,10.8004,11.695,11.6952,11.7102,12.4147,12.4154,12.4535,11.7014,11.7015,11.717,11.3797,11.3801,11.4308,11.9424,11.9428,11.952,11.2873,11.2874,11.2882,10.8948,10.8948,10.8953,10.757,10.757,10.7595
model.language_model.layers.3.mlp.up_proj.weight,linear,mlp,3,15360x3840,58982400,33,2.6337,10.6683,12.84,12.8398,12.8572,13.0781,13.078,13.0942,12.8433,12.8431,12.8601,12.594,12.5938,12.6221,11.6504,11.6502,11.6547,11.4098,11.4096,11.4109,11.0549,11.0549,11.0558,10.8854,10.8855,10.8875,12.1445,12.1446,12.1532,12.5335,12.5337,12.5568,12.1497,12.1498,12.1588,11.857,11.8571,11.8815,11.77,11.7699,11.7785,11.3237,11.3237,11.3243,10.9513,10.9513,10.9517,10.8004,10.8006,10.8023,11.7066,11.7066,11.7113,12.4343,12.4346,12.4558,11.7133,11.7133,11.7181,11.4126,11.4129,11.4357,11.9448,11.9439,11.9549,11.2884,11.2884,11.2892,10.8998,10.8998,10.9002,10.7596,10.7597,10.7611
model.language_model.layers.3.self_attn.k_proj.weight,linear,attn,3,2048x3840,7864320,29,2.6437,10.68,12.7865,12.787,12.8702,13.0127,13.0136,13.1082,12.7907,12.7912,12.8729,12.4987,12.4996,12.6422,11.6561,11.6562,11.6686,11.4129,11.4128,11.4171,11.0689,11.0689,11.0727,10.8861,10.886,10.896,12.1152,12.115,12.1596,12.452,12.4524,12.5754,12.1189,12.1186,12.1651,11.7755,11.7762,11.8994,11.7755,11.7748,11.7957,11.3275,11.3275,11.3298,10.9672,10.9672,10.969,10.8031,10.803,10.8107,11.682,11.6817,11.7157,12.3856,12.387,12.4716,11.6878,11.6876,11.722,11.3414,11.3415,11.4538,11.947,11.9484,11.9686,11.2916,11.2916,11.2936,10.9163,10.9163,10.9175,10.7631,10.763,10.7688
model.language_model.layers.3.self_attn.o_proj.weight,linear,attn,3,3840x4096,15728640,28,2.6129,10.6485,12.76,12.7793,12.8265,12.9878,13.0091,13.0649,12.7647,12.7838,12.8296,12.4623,12.4934,12.5793,11.6214,11.6239,11.6271,11.3915,11.3927,11.3947,11.0192,11.0199,11.023,10.859,10.8606,10.8663,12.0989,12.112,12.1352,12.41,12.4473,12.5077,12.1024,12.1158,12.1407,11.7419,11.7713,11.8409,11.7362,11.7406,11.745,11.3067,11.3074,11.3078,10.9177,10.918,10.9191,10.7767,10.7778,10.7822,11.6695,11.6807,11.6961,12.3459,12.3784,12.413,11.6758,11.6872,11.7034,11.3094,11.3355,11.3969,11.916,11.9203,11.9259,11.2718,11.2722,11.2726,10.8671,10.8673,10.8677,10.738,10.7389,10.7419
model.language_model.layers.3.self_attn.q_proj.weight,linear,attn,3,4096x3840,15728640,28,2.6209,10.6564,12.7825,12.7823,12.8326,13.0141,13.0139,13.0801,12.7864,12.7863,12.8354,12.5012,12.5011,12.5927,11.6295,11.6289,11.6526,11.3961,11.3956,11.4052,11.0327,11.0326,11.0342,10.8648,10.8647,10.8706,12.1113,12.1111,12.1424,12.4439,12.4435,12.537,12.1153,12.115,12.1474,11.7748,11.7748,11.8543,11.7456,11.7452,11.7776,11.3097,11.3097,11.3179,10.9295,10.9295,10.9305,10.7816,10.7817,10.7863,11.6787,11.6788,11.7039,12.3703,12.3714,12.4419,11.6853,11.6853,11.7104,11.3387,11.3388,11.4113,11.9314,11.9317,11.9581,11.2743,11.2743,11.2815,10.8782,10.8782,10.8791,10.7418,10.7419,10.7453
model.language_model.layers.3.self_attn.v_proj.weight,linear,attn,3,2048x3840,7864320,28,2.6325,10.6639,12.8354,12.8356,12.8555,13.0651,13.0658,13.0953,12.839,12.8393,12.859,12.5821,12.5834,12.6175,11.6514,11.6509,11.6672,11.4113,11.4114,11.4182,11.0521,11.0521,11.0531,10.8868,10.8867,10.8905,12.1418,12.1419,12.1575,12.5232,12.524,12.5736,12.1471,12.1473,12.163,11.8496,11.8499,11.8819,11.7767,11.7755,11.7969,11.3275,11.3276,11.3343,10.948,10.9479,10.9486,10.8016,10.8017,10.8052,11.704,11.7045,11.7191,12.4338,12.4339,12.4745,11.7111,11.7117,11.7259,11.4058,11.4062,11.4358,11.9573,11.9555,11.9751,11.2939,11.2936,11.2999,10.8964,10.8964,10.897,10.7614,10.7614,10.7645
model.language_model.layers.30.mlp.down_proj.weight,linear,mlp,30,3840x15360,58982400,30,2.5907,10.6285,12.7928,12.7929,12.8113,13.0006,13.0009,13.0167,12.7957,12.7958,12.8136,12.4911,12.4913,12.5221,11.5984,11.5986,11.6047,11.377,11.377,11.3785,10.9898,10.9898,10.9899,10.8368,10.8368,10.8392,12.1051,12.1051,12.1117,12.3961,12.3961,12.4126,12.1084,12.1084,12.1152,11.758,11.7582,11.7839,11.705,11.7053,11.7145,11.2813,11.2811,11.2819,10.887,10.887,10.8871,10.7577,10.7578,10.7599,11.662,11.6619,11.6655,12.3182,12.318,12.3362,11.6676,11.6676,11.6712,11.3263,11.3264,11.3509,11.893,11.8932,11.9057,11.2409,11.2409,11.2416,10.8356,10.8355,10.8357,10.7193,10.7193,10.721
model.language_model.layers.30.mlp.gate_proj.weight,linear,mlp,30,15360x3840,58982400,32,2.6218,10.6589,12.7776,12.7776,12.84,13.0076,13.0076,13.0724,12.7815,12.7816,12.8423,12.4922,12.4923,12.5935,11.6302,11.6302,11.6456,11.3953,11.3953,11.4008,11.0356,11.0357,11.0377,10.8651,10.8651,10.8705,12.1073,12.1074,12.1372,12.4297,12.4299,12.5082,12.1112,12.1113,12.1417,11.7655,11.7655,11.8504,11.7409,11.7412,11.7659,11.3056,11.3056,11.3093,10.933,10.933,10.9343,10.7836,10.7836,10.7877,11.6742,11.6743,11.6935,12.3546,12.3548,12.4206,11.6808,11.6808,11.6993,11.3302,11.3302,11.4104,11.9191,11.9191,11.9456,11.2679,11.268,11.2708,10.8816,10.8816,10.8827,10.7439,10.7439,10.7465
model.language_model.layers.30.mlp.up_proj.weight,linear,mlp,30,15360x3840,58982400,28,2.5928,10.6329,12.7879,12.7881,12.803,13.0153,13.0156,13.03,12.7909,12.791,12.8055,12.5088,12.5089,12.5347,11.5941,11.5942,11.5961,11.3748,11.3749,11.3756,10.9993,10.9993,10.9998,10.8423,10.8423,10.8438,12.1065,12.1065,12.1125,12.4163,12.4165,12.4298,12.1106,12.1106,12.117,11.7724,11.7724,11.7928,11.6996,11.6994,11.7038,11.2825,11.2825,11.2828,10.8963,10.8963,10.8964,10.7611,10.7611,10.7621,11.6678,11.6679,11.6703,12.3285,12.3281,12.3409,11.6748,11.6748,11.6773,11.3356,11.3355,11.3546,11.888,11.8876,11.8942,11.2447,11.2447,11.245,10.845,10.845,10.8451,10.7215,10.7215,10.7221
model.language_model.layers.30.self_attn.k_proj.weight,linear,attn,30,2048x3840,7864320,27,2.6547,10.6886,12.7811,12.7814,12.8876,13.0058,13.0064,13.1154,12.785,12.7852,12.8898,12.4907,12.491,12.6652,11.6554,11.6557,11.6684,11.413,11.4128,11.4173,11.0873,11.0873,11.0893,10.8954,10.8954,10.904,12.1083,12.1082,12.1617,12.4271,12.4281,12.5714,12.1121,12.1119,12.1674,11.7639,11.7639,11.917,11.7725,11.7729,11.7962,11.3253,11.325,11.3278,10.9847,10.9846,10.9857,10.8128,10.8127,10.8188,11.6735,11.6738,11.7137,12.3533,12.3553,12.4701,11.6798,11.6799,11.7197,11.3296,11.33,11.472,11.9456,11.9459,11.9732,11.2883,11.2881,11.2915,10.9331,10.9331,10.9342,10.772,10.772,10.7763
model.language_model.layers.30.self_attn.o_proj.weight,linear,attn,30,3840x4096,15728640,27,2.6041,10.6379,12.7574,12.7863,12.8087,12.9996,13.0368,13.058,12.7617,12.7901,12.8121,12.4735,12.5258,12.5591,11.6162,11.6206,11.6336,11.3896,11.3917,11.3952,11.0042,11.0058,11.0065,10.8499,10.8529,10.8563,12.1001,12.1183,12.131,12.4213,12.4722,12.5089,12.1042,12.1231,12.1362,11.7486,11.7944,11.8253,11.7273,11.7323,11.7549,11.3056,11.3065,11.3096,10.9012,10.9018,10.9023,10.767,10.7691,10.7722,11.6721,11.6874,11.6971,12.3477,12.382,12.4199,11.6791,11.695,11.7043,11.3124,11.3518,11.3821,11.9079,11.9134,11.9413,11.2712,11.272,11.2749,10.8501,10.8503,10.8509,10.7282,10.7298,10.7324
model.language_model.layers.30.self_attn.q_proj.weight,linear,attn,30,4096x3840,15728640,28,2.654,10.6884,12.7886,12.788,12.8859,13.0135,13.0132,13.116,12.7922,12.7916,12.8882,12.5009,12.5006,12.6635,11.6464,11.646,11.6726,11.41,11.41,11.4188,11.0859,11.0858,11.0879,10.8923,10.8924,10.9027,12.1111,12.1112,12.1621,12.4337,12.4332,12.5744,12.1147,12.1149,12.1674,11.772,11.7721,11.9155,11.7611,11.7615,11.7994,11.3221,11.322,11.3291,10.9833,10.9833,10.9843,10.8101,10.8103,10.8175,11.6751,11.6752,11.7143,12.3557,12.3571,12.4708,11.681,11.6812,11.72,11.3378,11.3378,11.4709,11.9385,11.9387,11.9747,11.285,11.2851,11.292,10.932,10.932,10.9328,10.77,10.77,10.775
model.language_model.layers.30.self_attn.v_proj.weight,linear,attn,30,2048x3840,7864320,26,2.6108,10.6464,12.7999,12.7998,12.8196,13.0371,13.0359,13.0651,12.8031,12.8029,12.8221,12.5387,12.5386,12.5719,11.6085,11.6099,11.6355,11.3844,11.3844,11.3952,11.0186,11.0186,11.0197,10.8527,10.8527,10.8578,12.1175,12.1174,12.1318,12.456,12.4548,12.5046,12.1226,12.1224,12.1368,11.8001,11.8001,11.8316,11.72,11.7214,11.756,11.2954,11.2955,11.3065,10.9151,10.915,10.9161,10.7692,10.7693,10.774,11.6794,11.6797,11.6933,12.3609,12.3612,12.4132,11.6872,11.6875,11.6999,11.3582,11.3583,11.3899,11.9106,11.9131,11.9423,11.2595,11.2597,11.2702,10.8638,10.8638,10.8646,10.729,10.7291,10.7332
model.language_model.layers.31.mlp.down_proj.weight,linear,mlp,31,3840x15360,58982400,30,2.5927,10.6325,12.79,12.7903,12.8086,13.0053,13.0053,13.0238,12.7928,12.7931,12.8109,12.4952,12.4953,12.5278,11.5976,11.5974,11.6076,11.3761,11.3763,11.3796,10.9989,10.9989,10.9992,10.8423,10.8422,10.8455,12.1047,12.1046,12.1129,12.4004,12.3997,12.4229,12.1082,12.1081,12.1166,11.7601,11.76,11.7881,11.7041,11.7038,11.7186,11.2809,11.2811,11.284,10.8961,10.8961,10.8964,10.7631,10.7631,10.7663,11.6629,11.6628,11.6684,12.3167,12.3168,12.3441,11.669,11.6688,11.6744,11.3268,11.3266,11.3538,11.8952,11.895,11.9103,11.2413,11.2413,11.2444,10.8448,10.8448,10.845,10.7246,10.7246,10.7271
model.language_model.layers.31.mlp.gate_proj.weight,linear,mlp,31,15360x3840,58982400,29,2.626,10.6619,12.7775,12.7778,12.8451,13.0071,13.0075,13.078,12.7815,12.7819,12.8474,12.4913,12.4917,12.6023,11.6335,11.6338,11.6492,11.3977,11.3977,11.4032,11.0405,11.0405,11.0427,10.8682,10.8684,10.8742,12.1078,12.108,12.1405,12.4324,12.4328,12.518,12.1117,12.1118,12.1452,11.7658,11.7658,11.8588,11.7452,11.7459,11.7709,11.3088,11.3088,11.3124,10.9378,10.9378,10.9392,10.7863,10.7864,10.791,11.6753,11.6754,11.6967,12.3586,12.3601,12.4289,11.6817,11.6819,11.7026,11.3308,11.3309,11.4182,11.9218,11.923,11.9503,11.2715,11.2716,11.2743,10.8862,10.8862,10.8876,10.7462,10.7463,10.7497
model.language_model.layers.31.mlp.up_proj.weight,linear,mlp,31,15360x3840,58982400,32,2.5956,10.6339,12.7886,12.7884,12.8062,13.0183,13.0181,13.0348,12.7916,12.7915,12.8087,12.5124,12.5123,12.5419,11.5969,11.5969,11.5989,11.3764,11.3763,11.3773,11.0017,11.0017,11.0022,10.8442,10.8441,10.8459,12.108,12.1079,12.115,12.4232,12.423,12.438,12.1123,12.1122,12.1196,11.7763,11.7762,11.7995,11.7033,11.7039,11.7071,11.2847,11.2848,11.285,10.8986,10.8986,10.8988,10.7626,10.7626,10.7637,11.67,11.67,11.673,12.3353,12.3361,12.3489,11.6771,11.677,11.6802,11.3386,11.3387,11.3603,11.8907,11.8912,11.8964,11.2473,11.2474,11.2476,10.8472,10.8473,10.8474,10.7228,10.7228,10.7236
model.language_model.layers.31.self_attn.k_proj.weight,linear,attn,31,2048x3840,7864320,27,2.6674,10.7043,12.79,12.7897,12.9096,13.007,13.0065,13.1354,12.7938,12.7936,12.9121,12.4963,12.4963,12.6963,11.6612,11.6621,11.6729,11.4206,11.4203,11.4247,11.1107,11.1108,11.1159,10.9103,10.9105,10.9217,12.1113,12.1112,12.1738,12.4292,12.4317,12.6001,12.1149,12.1147,12.1802,11.7704,11.7711,11.9451,11.78,11.7802,11.7986,11.3344,11.3344,11.3369,11.0103,11.0104,11.0122,10.8275,10.8275,10.8351,11.6747,11.6749,11.7242,12.3638,12.3638,12.4858,11.6805,11.6807,11.7309,11.3374,11.3377,11.4964,11.949,11.9482,11.9692,11.2984,11.2984,11.3015,10.9599,10.9599,10.9608,10.7871,10.7872,10.7921
model.language_model.layers.31.self_attn.o_proj.weight,linear,attn,31,3840x4096,15728640,27,2.6062,10.6415,12.7622,12.7876,12.8125,13.0022,13.0357,13.0586,12.7663,12.7912,12.8156,12.4809,12.5271,12.5637,11.6069,11.6102,11.627,11.3852,11.3867,11.3914,11.0113,11.0119,11.0126,10.8489,10.851,10.8549,12.1004,12.115,12.1289,12.4182,12.4567,12.4973,12.1046,12.1199,12.134,11.7528,11.7914,11.8255,11.715,11.719,11.7455,11.2989,11.2997,11.3036,10.9081,10.9083,10.9089,10.7665,10.7677,10.771,11.6699,11.6815,11.6914,12.3371,12.3607,12.4049,11.6772,11.6892,11.6984,11.3155,11.3492,11.3828,11.8993,11.9023,11.9338,11.2637,11.2639,11.2679,10.8569,10.857,10.8575,10.7274,10.728,10.7307
model.language_model.layers.31.self_attn.q_proj.weight,linear,attn,31,4096x3840,15728640,28,2.6806,10.7176,12.7964,12.7966,12.928,13.0151,13.0149,13.1502,12.8,12.8002,12.9304,12.5125,12.512,12.7243,11.6539,11.6537,11.6819,11.4219,11.4219,11.4308,11.1353,11.1353,11.14,10.9187,10.9187,10.9339,12.1132,12.113,12.1812,12.4347,12.4339,12.6183,12.1172,12.1169,12.1879,11.7824,11.7821,11.9712,11.7674,11.7667,11.8094,11.3362,11.3363,11.3427,11.0344,11.0344,11.0364,10.8358,10.8357,10.8463,11.6752,11.675,11.73,12.3608,12.3587,12.4951,11.6815,11.6814,11.7366,11.347,11.347,11.5217,11.9369,11.9362,11.979,11.3009,11.3007,11.3076,10.9841,10.984,10.9849,10.7955,10.7954,10.8027
model.language_model.layers.31.self_attn.v_proj.weight,linear,attn,31,2048x3840,7864320,28,2.6316,10.6671,12.8234,12.824,12.851,13.0549,13.0565,13.0937,12.8267,12.8274,12.8537,12.5679,12.5691,12.6169,11.6353,11.6355,11.6577,11.4017,11.4016,11.4104,11.0504,11.0504,11.052,10.8775,10.8774,10.8825,12.1327,12.1327,12.1513,12.4961,12.496,12.5568,12.1379,12.138,12.1569,11.832,11.8329,11.8767,11.7536,11.7548,11.7841,11.3151,11.3149,11.3239,10.9469,10.947,10.948,10.7927,10.7928,10.797,11.694,11.6942,11.7105,12.4048,12.4055,12.4566,11.7013,11.7017,11.7173,11.3897,11.3899,11.4313,11.9376,11.9396,11.9631,11.2806,11.2807,11.2885,10.8957,10.8957,10.8964,10.7521,10.7521,10.7556
model.language_model.layers.32.mlp.down_proj.weight,linear,mlp,32,3840x15360,58982400,30,2.5893,10.618,12.7703,12.7706,12.7979,13.0102,13.0103,13.027,12.7755,12.7757,12.8029,12.489,12.4891,12.5207,11.6363,11.6362,11.6404,11.4015,11.4015,11.4031,10.9976,10.9976,10.9982,10.8619,10.8619,10.8648,12.1138,12.1137,12.1279,12.4671,12.466,12.4954,12.1178,12.1177,12.1322,11.7728,11.7727,11.8033,11.7574,11.7568,11.7647,11.322,11.322,11.3227,10.8931,10.893,10.8934,10.7787,10.7787,10.7813,11.6888,11.6888,11.6988,12.404,12.4042,12.4315,11.6954,11.6955,11.7054,11.3366,11.3365,11.3656,11.9351,11.935,11.9443,11.2896,11.2895,11.2903,10.8413,10.8413,10.8415,10.7404,10.7404,10.7426
model.language_model.layers.32.mlp.gate_proj.weight,linear,mlp,32,15360x3840,58982400,31,2.619,10.6495,12.7808,12.7805,12.8383,13.0018,13.0018,13.0733,12.7854,12.7851,12.842,12.4876,12.4872,12.5884,11.644,11.6444,11.6506,11.4068,11.4069,11.4095,11.0329,11.0329,11.0358,10.8779,10.8778,10.8834,12.1108,12.1107,12.1473,12.4382,12.4377,12.5442,12.1143,12.1143,12.1526,11.7678,11.7676,11.8568,11.764,11.7645,11.7743,11.3243,11.3243,11.3255,10.9302,10.9302,10.9313,10.7945,10.7945,10.7986,11.6789,11.6789,11.7105,12.3771,12.3772,12.4534,11.6848,11.6848,11.7176,11.335,11.335,11.4124,11.9389,11.9396,11.9507,11.2907,11.2907,11.2916,10.879,10.879,10.8796,10.7557,10.7557,10.7588
model.language_model.layers.32.mlp.up_proj.weight,linear,mlp,32,15360x3840,58982400,32,2.5877,10.6213,12.7765,12.7763,12.7875,13.0205,13.0203,13.0338,12.7805,12.7802,12.7913,12.5081,12.5075,12.5286,11.6047,11.6047,11.6056,11.3806,11.3806,11.3809,10.9832,10.9832,10.9838,10.8397,10.8398,10.8409,12.1106,12.1104,12.1169,12.4493,12.4491,12.4663,12.1153,12.1151,12.1221,11.7786,11.7783,11.7962,11.7164,11.7171,11.7187,11.2954,11.2953,11.2953,10.8795,10.8795,10.8797,10.7562,10.7562,10.757,11.6798,11.6798,11.6845,12.3658,12.3662,12.3782,11.6875,11.6875,11.6924,11.3384,11.3383,11.3536,11.9025,11.9035,11.9059,11.2609,11.2609,11.261,10.8281,10.8282,10.8282,10.717,10.717,10.7176
model.language_model.layers.32.self_attn.k_proj.weight,linear,attn,32,2048x3840,7864320,27,2.6513,10.6892,12.7882,12.788,12.9014,13.0037,13.0048,13.107,12.7925,12.7922,12.9045,12.4937,12.4941,12.6557,11.6788,11.6787,11.6901,11.4388,11.4388,11.4425,11.0806,11.0807,11.0848,10.894,10.8942,10.9055,12.1114,12.1109,12.1738,12.4326,12.4327,12.5965,12.1149,12.1144,12.1794,11.7708,11.7702,11.9218,11.8006,11.8004,11.8179,11.3602,11.3602,11.3606,10.9778,10.9779,10.9801,10.8107,10.8109,10.8187,11.6757,11.6756,11.7311,12.3698,12.3649,12.5042,11.6813,11.6815,11.7374,11.3381,11.3375,11.4753,11.9642,11.9626,11.9812,11.3281,11.328,11.329,10.9275,10.9275,10.9281,10.7716,10.7715,10.7761
model.language_model.layers.32.self_attn.o_proj.weight,linear,attn,32,3840x4096,15728640,29,2.6144,10.6454,12.7695,12.8065,12.8372,12.998,13.0384,13.0608,12.7744,12.811,12.8413,12.4773,12.5341,12.5744,11.649,11.6516,11.6604,11.4133,11.4143,11.4173,11.0334,11.0355,11.0362,10.8785,10.8828,10.8874,12.1067,12.1313,12.1475,12.4333,12.503,12.5415,12.1103,12.1357,12.1524,11.758,11.8119,11.8503,11.77,11.7732,11.7878,11.3339,11.3341,11.336,10.9299,10.931,10.9315,10.7958,10.7987,10.8027,11.6774,11.7008,11.7126,12.3732,12.432,12.4631,11.6835,11.7073,11.7192,11.3246,11.3727,11.4082,11.9424,11.947,11.9624,11.3015,11.3018,11.3034,10.879,10.8793,10.8797,10.7578,10.7597,10.7628
model.language_model.layers.32.self_attn.q_proj.weight,linear,attn,32,4096x3840,15728640,29,2.6642,10.7032,12.8026,12.8024,12.9163,13.0195,13.0197,13.1292,12.8064,12.8061,12.9193,12.5185,12.5186,12.6855,11.6759,11.676,11.6909,11.4384,11.4388,11.4428,11.105,11.105,11.1095,10.91,10.9101,10.9228,12.1186,12.1185,12.1825,12.4505,12.4511,12.6227,12.1226,12.1224,12.1886,11.7913,11.7915,11.9468,11.7957,11.7958,11.8197,11.3582,11.3584,11.3601,11.0022,11.0021,11.0048,10.8257,10.8256,10.8351,11.6813,11.6816,11.7385,12.3813,12.3824,12.5138,11.6875,11.6877,11.7449,11.356,11.3562,11.4977,11.9585,11.9587,11.9826,11.3253,11.3255,11.3279,10.9521,10.9521,10.9531,10.7865,10.7866,10.7926
model.language_model.layers.32.self_attn.v_proj.weight,linear,attn,32,2048x3840,7864320,27,2.6475,10.6945,12.8586,12.8574,12.8969,13.0601,13.0595,13.0972,12.8617,12.8607,12.8997,12.5865,12.5855,12.6372,11.7128,11.7122,11.723,11.4497,11.4493,11.4604,11.0754,11.0754,11.0769,10.8865,10.8863,10.8922,12.1468,12.1463,12.1706,12.5206,12.52,12.5933,12.151,12.1504,12.1745,11.8584,11.8574,11.9085,11.8428,11.8412,11.8562,11.3647,11.3646,11.3775,10.9714,10.9713,10.9725,10.8021,10.8018,10.8065,11.7053,11.7053,11.728,12.45,12.4474,12.5177,11.7103,11.7104,11.7321,11.4206,11.4202,11.469,11.9968,11.9945,12.0086,11.3305,11.33,11.343,10.9196,10.9195,10.9203,10.7595,10.7592,10.763
model.language_model.layers.33.mlp.down_proj.weight,linear,mlp,33,3840x15360,58982400,31,2.6143,10.6443,12.8041,12.8043,12.8363,13.0439,13.044,13.061,12.8084,12.8086,12.8403,12.5414,12.5415,12.5783,11.6401,11.6401,11.6448,11.4063,11.4064,11.4082,11.0367,11.0367,11.037,10.8832,10.8833,10.8867,12.1298,12.1299,12.1444,12.5018,12.5019,12.5294,12.1346,12.1347,12.1497,11.8152,11.8153,11.8503,11.7597,11.7601,11.768,11.3249,11.3249,11.3253,10.9322,10.9322,10.9323,10.7988,10.7988,10.8016,11.6992,11.699,11.7081,12.4206,12.4195,12.4449,11.7063,11.7062,11.7154,11.3739,11.3738,11.407,11.9362,11.9364,11.9457,11.2921,11.2921,11.2925,10.8806,10.8805,10.8806,10.7598,10.7598,10.7618
model.language_model.layers.33.mlp.gate_proj.weight,linear,mlp,33,15360x3840,58982400,31,2.6221,10.6534,12.7787,12.7787,12.8461,13.0016,13.0018,13.0759,12.7831,12.7831,12.8497,12.4844,12.4843,12.595,11.6484,11.6485,11.652,11.4101,11.4103,11.4117,11.0431,11.0431,11.046,10.8873,10.8873,10.8921,12.1089,12.1089,12.1503,12.4331,12.4333,12.5477,12.1123,12.1123,12.1557,11.7627,11.7628,11.8633,11.7698,11.7696,11.7762,11.328,11.3279,11.328,10.9405,10.9405,10.9414,10.8039,10.8039,10.8071,11.6765,11.6764,11.7124,12.3706,12.3708,12.4566,11.6822,11.6821,11.7195,11.3305,11.3304,11.4184,11.9435,11.9437,11.9517,11.2943,11.2944,11.2945,10.8894,10.8894,10.8897,10.7649,10.7649,10.7671
model.language_model.layers.33.mlp.up_proj.weight,linear,mlp,33,15360x3840,58982400,30,2.5961,10.626,12.7795,12.7794,12.8022,13.0158,13.016,13.0428,12.7837,12.7836,12.8062,12.5025,12.5028,12.5446,11.6167,11.6164,11.6179,11.3891,11.3888,11.3895,10.9953,10.9953,10.9965,10.8522,10.8522,10.8541,12.1124,12.1124,12.1263,12.4513,12.4512,12.4892,12.1168,12.1167,12.1316,11.7774,11.7774,11.8139,11.7314,11.7313,11.7344,11.305,11.3049,11.3049,10.8917,10.8917,10.892,10.7686,10.7686,10.7699,11.6819,11.6819,11.6929,12.3761,12.3766,12.4011,11.6889,11.689,11.7008,11.3395,11.3396,11.3707,11.9142,11.9142,11.9182,11.2711,11.2711,11.2711,10.8404,10.8404,10.8405,10.7297,10.7298,10.7306
model.language_model.layers.33.self_attn.k_proj.weight,linear,attn,33,2048x3840,7864320,27,2.6507,10.6888,12.7939,12.7944,12.8988,13.0162,13.0166,13.1067,12.798,12.7985,12.9019,12.507,12.5071,12.6506,11.69,11.6904,11.6992,11.4438,11.4444,11.4475,11.0781,11.0782,11.0815,10.893,10.8932,10.9033,12.1185,12.1186,12.1748,12.4577,12.4582,12.6048,12.1222,12.1222,12.18,11.785,11.7847,11.9193,11.8167,11.8159,11.8302,11.3662,11.3663,11.3664,10.9751,10.9751,10.9768,10.8099,10.8097,10.8168,11.6852,11.685,11.7332,12.3928,12.3904,12.5146,11.691,11.691,11.7387,11.3504,11.3502,11.4741,11.9785,11.9759,11.992,11.334,11.3338,11.3348,10.9242,10.9242,10.9247,10.7701,10.7699,10.7741
model.language_model.layers.33.self_attn.o_proj.weight,linear,attn,33,3840x4096,15728640,29,2.62,10.651,12.7649,12.8136,12.8438,12.9958,13.0476,13.0712,12.7694,12.8179,12.8478,12.473,12.5499,12.5903,11.6405,11.6435,11.6512,11.4083,11.4096,11.412,11.0418,11.0434,11.0439,10.8824,10.8859,10.8906,12.1027,12.1334,12.149,12.4204,12.5043,12.5432,12.1064,12.1383,12.1544,11.7513,11.8228,11.8607,11.7574,11.763,11.7751,11.3273,11.3277,11.3293,10.9386,10.939,10.9392,10.799,10.8017,10.8053,11.673,11.7001,11.7121,12.3545,12.4228,12.4546,11.6794,11.7072,11.7193,11.3177,11.3813,11.4164,11.9313,11.9391,11.9533,11.2942,11.2949,11.2963,10.8872,10.8874,10.8876,10.7604,10.7625,10.7654
model.language_model.layers.33.self_attn.q_proj.weight,linear,attn,33,4096x3840,15728640,27,2.6505,10.6857,12.7917,12.7918,12.8931,13.0158,13.0157,13.1122,12.7957,12.7958,12.8963,12.508,12.5082,12.6558,11.6652,11.6653,11.6783,11.4282,11.4281,11.4322,11.0881,11.0881,11.0906,10.9089,10.9087,10.9161,12.1152,12.115,12.1725,12.447,12.4466,12.5996,12.1192,12.119,12.1785,11.782,11.7819,11.9193,11.7848,11.7839,11.8056,11.3473,11.3472,11.3489,10.9849,10.9849,10.9859,10.824,10.8238,10.8292,11.6805,11.6806,11.73,12.3746,12.3761,12.4963,11.687,11.6869,11.7368,11.3463,11.3464,11.4715,11.9503,11.9504,11.9732,11.3144,11.3143,11.3163,10.9337,10.9337,10.9343,10.7842,10.7842,10.7877
model.language_model.layers.33.self_attn.v_proj.weight,linear,attn,33,2048x3840,7864320,28,2.6276,10.661,12.829,12.8298,12.8602,13.0409,13.0416,13.0787,12.833,12.8337,12.8639,12.5503,12.5511,12.599,11.6719,11.6724,11.6832,11.4301,11.4309,11.4345,11.0448,11.0449,11.0465,10.8821,10.8821,10.8882,12.1366,12.1364,12.1595,12.5,12.5001,12.5722,12.1407,12.1406,12.164,11.8258,11.8259,11.8747,11.7975,11.798,11.813,11.3502,11.3502,11.354,10.9407,10.9406,10.9418,10.7984,10.7982,10.8034,11.6986,11.6988,11.7229,12.4351,12.4329,12.4937,11.7045,11.7044,11.7283,11.3889,11.3888,11.4331,11.9651,11.9665,11.9785,11.3186,11.3188,11.3223,10.889,10.889,10.8897,10.7581,10.7582,10.7626
model.language_model.layers.34.mlp.down_proj.weight,linear,mlp,34,3840x15360,58982400,30,2.5796,10.6093,12.7637,12.7635,12.7795,13.0071,13.0074,13.0186,12.7688,12.7685,12.7845,12.4835,12.4838,12.5043,11.6226,11.623,11.6246,11.3917,11.3915,11.3923,10.9772,10.9773,10.9775,10.848,10.848,10.8493,12.1097,12.1095,12.1188,12.4579,12.4575,12.478,12.1138,12.1136,12.1233,11.766,11.7661,11.7863,11.7411,11.7417,11.745,11.3112,11.3111,11.3114,10.8727,10.8727,10.8728,10.7645,10.7645,10.7655,11.6854,11.6853,11.6927,12.3913,12.3907,12.41,11.6924,11.6924,11.6999,11.329,11.3291,11.3477,11.9224,11.9223,11.9268,11.2784,11.2783,11.2788,10.821,10.821,10.821,10.7266,10.7266,10.7275
model.language_model.layers.34.mlp.gate_proj.weight,linear,mlp,34,15360x3840,58982400,30,2.6005,10.6335,12.7519,12.7518,12.8048,12.9852,12.985,13.0517,12.757,12.7569,12.8085,12.4541,12.454,12.5515,11.6224,11.6224,11.6276,11.3899,11.3899,11.3927,10.9972,10.9972,11.0005,10.8484,10.8484,10.8551,12.0983,12.0981,12.1288,12.4163,12.4157,12.5022,12.1017,12.1015,12.1339,11.7375,11.7375,11.8191,11.7387,11.7389,11.746,11.3065,11.3064,11.3074,10.8951,10.8951,10.8963,10.7662,10.7663,10.7713,11.6723,11.6721,11.695,12.3567,12.357,12.4133,11.6784,11.6783,11.7023,11.3057,11.3056,11.3762,11.9191,11.9197,11.9287,11.2719,11.272,11.2727,10.8441,10.8441,10.8448,10.7281,10.7281,10.732
model.language_model.layers.34.mlp.up_proj.weight,linear,mlp,34,15360x3840,58982400,32,2.5716,10.609,12.7525,12.7527,12.7615,13.0056,13.0055,13.0166,12.7565,12.7566,12.7653,12.4791,12.4791,12.4963,11.5898,11.5901,11.591,11.3704,11.3703,11.3707,10.9609,10.9609,10.9611,10.8222,10.8223,10.823,12.0976,12.0979,12.1026,12.4218,12.4222,12.4347,12.1021,12.1023,12.1074,11.7499,11.7499,11.764,11.6978,11.6987,11.6993,11.2842,11.2843,11.2843,10.8572,10.8572,10.8573,10.7394,10.7395,10.7398,11.6704,11.6705,11.6738,12.3377,12.338,12.3456,11.6781,11.6782,11.6818,11.311,11.3111,11.3231,11.8866,11.8874,11.8888,11.2492,11.2491,11.2492,10.8059,10.8059,10.806,10.7007,10.7007,10.7009
model.language_model.layers.34.self_attn.k_proj.weight,linear,attn,34,2048x3840,7864320,28,2.64,10.6726,12.7807,12.7815,12.8752,13.0039,13.006,13.0989,12.7849,12.7853,12.8783,12.4889,12.4898,12.6348,11.6561,11.6576,11.6627,11.4182,11.4191,11.4209,11.0743,11.0743,11.0772,10.9023,10.9024,10.9106,12.1094,12.1097,12.163,12.431,12.4341,12.5764,12.1131,12.1133,12.1689,11.7651,11.7657,11.898,11.776,11.7771,11.787,11.3364,11.3368,11.3365,10.9716,10.9716,10.9725,10.8188,10.8189,10.8242,11.6759,11.6764,11.7214,12.3637,12.3678,12.4742,11.682,11.6822,11.7285,11.332,11.3323,11.4509,11.9453,11.9482,11.9593,11.3025,11.3029,11.3033,10.9206,10.9206,10.9209,10.7794,10.7794,10.7833
model.language_model.layers.34.self_attn.o_proj.weight,linear,attn,34,3840x4096,15728640,29,2.613,10.6475,12.7625,12.809,12.8263,12.9906,13.0464,13.064,12.7666,12.812,12.8291,12.4663,12.5513,12.5798,11.6121,11.6162,11.6236,11.3878,11.3896,11.3913,11.022,11.0229,11.0232,10.857,10.8604,10.8624,12.0978,12.123,12.1324,12.4005,12.4704,12.495,12.1014,12.1281,12.1377,11.7405,11.8124,11.8379,11.7229,11.7282,11.7408,11.301,11.3013,11.3027,10.9191,10.9193,10.9196,10.775,10.7766,10.7784,11.6652,11.6849,11.6914,12.3296,12.3773,12.4008,11.6717,11.6924,11.6988,11.3069,11.3699,11.3943,11.9049,11.9112,11.9278,11.2654,11.2657,11.2673,10.8678,10.8679,10.8682,10.7356,10.7363,10.7377
model.language_model.layers.34.self_attn.q_proj.weight,linear,attn,34,4096x3840,15728640,29,2.6727,10.7076,12.8001,12.8007,12.921,13.0157,13.016,13.1436,12.8037,12.8043,12.9237,12.5143,12.5146,12.7067,11.6637,11.6637,11.6848,11.428,11.4287,11.435,11.1275,11.1275,11.1316,10.9276,10.9275,10.9394,12.1156,12.1158,12.1833,12.4397,12.4407,12.627,12.1195,12.1196,12.19,11.7861,11.7864,11.9604,11.782,11.7815,11.8128,11.3451,11.3453,11.3496,11.0257,11.0256,11.0272,10.8439,10.8439,10.8519,11.6775,11.6777,11.7357,12.3709,12.3683,12.5045,11.6837,11.6838,11.7425,11.3516,11.3515,11.5096,11.9504,11.9488,11.9813,11.3112,11.3112,11.316,10.975,10.9749,10.9756,10.8039,10.8039,10.8092
model.language_model.layers.34.self_attn.v_proj.weight,linear,attn,34,2048x3840,7864320,27,2.6421,10.6761,12.8413,12.8415,12.8688,13.0669,13.0654,13.1054,12.8446,12.8447,12.8715,12.5876,12.5873,12.6391,11.647,11.6463,11.6662,11.4093,11.4093,11.4172,11.0672,11.0672,11.0689,10.8896,10.8895,10.8943,12.1417,12.1412,12.1603,12.515,12.5144,12.575,12.1469,12.1464,12.1662,11.8509,11.8509,11.8976,11.771,11.7684,11.7938,11.3236,11.3231,11.331,10.9638,10.9638,10.9647,10.8045,10.8042,10.8085,11.7011,11.701,11.7179,12.427,12.4271,12.4697,11.7084,11.7083,11.7247,11.4076,11.4079,11.4508,11.9533,11.9522,11.9715,11.2891,11.289,11.2962,10.9125,10.9125,10.9131,10.7634,10.7633,10.7666
model.language_model.layers.35.mlp.down_proj.weight,linear,mlp,35,3840x15360,58982400,30,2.5907,10.6199,12.7851,12.7851,12.7973,13.0235,13.0234,13.034,12.7896,12.7897,12.8018,12.5128,12.5128,12.5301,11.6247,11.6243,11.6258,11.3936,11.3935,11.3941,10.9926,10.9926,10.993,10.8571,10.8572,10.8578,12.1188,12.1187,12.1261,12.4725,12.4714,12.4913,12.1234,12.1233,12.131,11.7895,11.7893,11.8063,11.7436,11.7431,11.7453,11.3115,11.3112,11.3114,10.8882,10.8882,10.8882,10.7734,10.7734,10.7738,11.6891,11.689,11.6957,12.3982,12.3974,12.4139,11.6964,11.6963,11.7032,11.3498,11.3496,11.3648,11.9251,11.9247,11.9278,11.2783,11.2782,11.2784,10.8365,10.8365,10.8366,10.7348,10.7349,10.7352
model.language_model.layers.35.mlp.gate_proj.weight,linear,mlp,35,15360x3840,58982400,30,2.5803,10.6136,12.7407,12.741,12.775,12.9887,12.9888,13.0258,12.7451,12.7453,12.779,12.4529,12.4527,12.5127,11.6009,11.6009,11.6034,11.3777,11.3777,11.3784,10.9689,10.9689,10.9706,10.8315,10.8315,10.8341,12.0914,12.0912,12.1119,12.4042,12.4036,12.4578,12.0952,12.095,12.1169,11.7291,11.7288,11.7824,11.712,11.7114,11.7162,11.2936,11.2934,11.2932,10.8659,10.8658,10.8664,10.749,10.7489,10.7506,11.666,11.6659,11.6821,12.3281,12.3276,12.3715,11.6729,11.6729,11.6901,11.294,11.294,11.3408,11.8972,11.897,11.9036,11.259,11.2589,11.2588,10.8148,10.8148,10.8149,10.7107,10.7106,10.7118
model.language_model.layers.35.mlp.up_proj.weight,linear,mlp,35,15360x3840,58982400,31,2.5821,10.6183,12.7542,12.7542,12.7799,12.9949,12.9946,13.0257,12.7582,12.7582,12.7832,12.4671,12.4669,12.5166,11.5913,11.5918,11.5931,11.372,11.3722,11.3732,10.9751,10.9751,10.9757,10.8297,10.8298,10.8317,12.0956,12.0956,12.1082,12.4053,12.4051,12.4374,12.0995,12.0995,12.113,11.7399,11.74,11.7798,11.6983,11.6991,11.7011,11.2843,11.2845,11.2845,10.8719,10.8719,10.872,10.7479,10.748,10.749,11.6661,11.6661,11.6735,12.3263,12.3269,12.3455,11.6731,11.6731,11.6814,11.3045,11.3044,11.339,11.8859,11.8877,11.8901,11.2484,11.2484,11.2483,10.8206,10.8206,10.8207,10.7092,10.7092,10.7097
model.language_model.layers.35.self_attn.k_proj.weight,linear,attn,35,512x3840,1966080,26,2.6557,10.6926,12.8433,12.8436,12.9006,13.0725,13.0734,13.1246,12.8465,12.8472,12.9035,12.5887,12.5898,12.6688,11.6854,11.6852,11.6885,11.4384,11.4381,11.4387,11.0967,11.0966,11.0979,10.9188,10.9187,10.9212,12.1466,12.1465,12.1781,12.5389,12.5366,12.6202,12.1515,12.1511,12.1845,11.8551,11.855,11.93,11.8106,11.8086,11.8164,11.3569,11.3565,11.3558,10.9931,10.993,10.9933,10.8333,10.8331,10.8346,11.7072,11.7072,11.7363,12.4528,12.453,12.5071,11.713,11.7128,11.7429,11.4133,11.4136,11.4803,11.9705,11.9691,11.9764,11.3231,11.3231,11.3226,10.9416,10.9416,10.9415,10.7922,10.792,10.7928
model.language_model.layers.35.self_attn.o_proj.weight,linear,attn,35,3840x8192,31457280,32,2.6632,10.697,12.8299,12.8903,12.9083,13.0376,13.1114,13.1297,12.8335,12.8933,12.9112,12.5532,12.6584,12.6857,11.6681,11.6745,11.6784,11.4275,11.4297,11.4307,11.1129,11.1158,11.1163,10.925,10.9302,10.9316,12.1315,12.1674,12.1774,12.4801,12.5836,12.6107,12.1357,12.1734,12.1839,11.8266,11.9172,11.9419,11.7896,11.7997,11.8053,11.3437,11.345,11.3458,11.0106,11.0116,11.0119,10.8401,10.8433,10.8445,11.6972,11.7229,11.7313,12.4238,12.4777,12.496,11.7035,11.7297,11.7382,11.4097,11.4696,11.4923,11.9596,11.967,11.9737,11.3104,11.3113,11.3122,10.9596,10.96,10.9603,10.7998,10.8013,10.8022
model.language_model.layers.35.self_attn.q_proj.weight,linear,attn,35,8192x3840,31457280,29,2.8141,10.8638,12.8165,12.8165,13.1118,13.0355,13.0355,13.3447,12.8193,12.8195,13.1149,12.5476,12.548,13.04,11.7112,11.7114,11.7671,11.495,11.4947,11.5067,11.4055,11.4054,11.4093,11.0221,11.0222,11.075,12.1209,12.1211,12.2695,12.4511,12.4512,12.8356,12.1256,12.1257,12.2808,11.8099,11.8102,12.2578,11.8067,11.8067,11.8974,11.4182,11.4182,11.4288,11.3039,11.304,11.3053,10.9415,10.9415,10.9804,11.679,11.679,11.8162,12.3666,12.3647,12.6041,11.686,11.686,11.8222,11.3709,11.3708,11.7946,11.9513,11.9505,12.0263,11.3845,11.3845,11.3975,11.2533,11.2533,11.2538,10.9002,10.9002,10.9344
model.language_model.layers.36.mlp.down_proj.weight,linear,mlp,36,3840x15360,58982400,31,2.5742,10.6138,12.781,12.781,12.7943,12.9839,12.9838,12.9931,12.7842,12.7842,12.797,12.4666,12.4665,12.4853,11.5887,11.5887,11.591,11.3707,11.3707,11.3715,10.9575,10.9575,10.9577,10.8176,10.8175,10.8184,12.0975,12.0977,12.102,12.3705,12.3709,12.3793,12.1004,12.1006,12.105,11.7362,11.7362,11.7516,11.6931,11.6932,11.6968,11.2737,11.2737,11.274,10.8547,10.8547,10.8548,10.7389,10.7389,10.7398,11.6546,11.6546,11.6564,12.2948,12.2956,12.3046,11.6601,11.6601,11.6619,11.3067,11.3067,11.3217,11.8812,11.8816,11.8858,11.2324,11.2324,11.2326,10.8033,10.8033,10.8034,10.7011,10.7012,10.702
model.language_model.layers.36.mlp.gate_proj.weight,linear,mlp,36,15360x3840,58982400,29,2.5785,10.6154,12.7469,12.7467,12.7734,12.9904,12.9904,13.0223,12.751,12.7507,12.7765,12.4564,12.4563,12.5081,11.5921,11.5922,11.5944,11.3713,11.3714,11.3725,10.9691,10.9691,10.9698,10.8257,10.8256,10.8278,12.0925,12.0924,12.1054,12.4001,12.4008,12.4338,12.0963,12.096,12.11,11.7304,11.7305,11.7717,11.6997,11.7,11.7033,11.2836,11.2836,11.2837,10.866,10.866,10.8661,10.7442,10.7442,10.7454,11.6644,11.6646,11.6723,12.3207,12.3233,12.3446,11.6712,11.6713,11.6798,11.2959,11.2961,11.3321,11.8864,11.888,11.8936,11.2471,11.2473,11.2474,10.8147,10.8147,10.8148,10.7057,10.7057,10.7063
model.language_model.layers.36.mlp.up_proj.weight,linear,mlp,36,15360x3840,58982400,28,2.5699,10.6073,12.7479,12.7483,12.76,12.999,12.9989,13.0139,12.7518,12.7521,12.7634,12.4684,12.4685,12.4922,11.5849,11.5851,11.5863,11.3674,11.3675,11.368,10.9574,10.9574,10.9577,10.8188,10.8188,10.8198,12.0936,12.0938,12.0994,12.4073,12.4082,12.4225,12.0978,12.098,12.104,11.7389,11.739,11.7579,11.6905,11.6902,11.6925,11.28,11.28,11.28,10.8539,10.8539,10.8539,10.7367,10.7367,10.7373,11.6659,11.6659,11.6692,12.3228,12.3224,12.3322,11.6734,11.6735,11.6771,11.3018,11.3016,11.3179,11.879,11.8788,11.883,11.244,11.2439,11.2442,10.8026,10.8025,10.8026,10.6981,10.6981,10.6984
model.language_model.layers.36.self_attn.k_proj.weight,linear,attn,36,2048x3840,7864320,28,2.6319,10.6669,12.7691,12.7689,12.856,13.0032,13.0029,13.087,12.7731,12.7728,12.8588,12.4824,12.4824,12.6188,11.634,11.6341,11.6425,11.4015,11.4011,11.4045,11.0528,11.0528,11.0557,10.877,10.877,10.8855,12.1039,12.104,12.1485,12.4222,12.4232,12.5363,12.1077,12.1078,12.1543,11.7564,11.7561,11.8765,11.7484,11.7489,11.7654,11.3163,11.316,11.317,10.9508,10.9508,10.9518,10.7942,10.7942,10.8001,11.6717,11.6717,11.7051,12.3492,12.3488,12.4365,11.6782,11.6782,11.7123,11.3214,11.3215,11.4312,11.9268,11.9259,11.9472,11.2808,11.2806,11.282,10.8999,10.8999,10.9004,10.7544,10.7545,10.7585
model.language_model.layers.36.self_attn.o_proj.weight,linear,attn,36,3840x4096,15728640,29,2.6053,10.6408,12.7554,12.7805,12.8102,12.9984,13.0285,13.0633,12.7596,12.7838,12.8132,12.4714,12.5141,12.564,11.6068,11.6093,11.6319,11.3845,11.3862,11.3944,11.0083,11.0087,11.01,10.8456,10.8475,10.8532,12.0962,12.1108,12.1307,12.4131,12.4502,12.5074,12.1003,12.1157,12.1357,11.743,11.7792,11.8249,11.7154,11.7185,11.7507,11.2981,11.2988,11.3077,10.9049,10.9051,10.9062,10.7628,10.7641,10.7692,11.6669,11.6788,11.6951,12.3352,12.36,12.4156,11.6741,11.6864,11.7019,11.3069,11.3381,11.3818,11.9001,11.9029,11.933,11.263,11.2636,11.2723,10.8538,10.8539,10.8548,10.7237,10.7246,10.7289
model.language_model.layers.36.self_attn.q_proj.weight,linear,attn,36,4096x3840,15728640,28,2.6257,10.6606,12.7695,12.7696,12.8445,13.0028,13.0026,13.0797,12.7732,12.7734,12.8476,12.4831,12.4833,12.6047,11.6233,11.6234,11.64,11.397,11.3971,11.4019,11.0421,11.0422,11.0451,10.8715,10.8718,10.879,12.1019,12.1024,12.1444,12.4149,12.4158,12.53,12.1059,12.1063,12.15,11.7544,11.7549,11.8648,11.7347,11.7356,11.7612,11.3114,11.3117,11.3148,10.94,10.94,10.9413,10.7888,10.789,10.794,11.669,11.6695,11.703,12.3379,12.3407,12.4316,11.6759,11.6762,11.7103,11.3194,11.3196,11.4203,11.9135,11.9164,11.9438,11.2762,11.2766,11.2798,10.8893,10.8893,10.8898,10.7493,10.7496,10.7529
model.language_model.layers.36.self_attn.v_proj.weight,linear,attn,36,2048x3840,7864320,27,2.6262,10.6576,12.812,12.8115,12.8369,13.0516,13.0509,13.0924,12.8158,12.8154,12.8402,12.5558,12.5557,12.5997,11.6388,11.6386,11.6775,11.4026,11.4023,11.4198,11.0379,11.0379,11.0395,10.8717,10.8716,10.8793,12.1321,12.1317,12.1536,12.5049,12.5039,12.5816,12.1373,12.1369,12.1585,11.8248,11.8248,11.8684,11.7598,11.759,11.808,11.3181,11.3181,11.3361,10.9336,10.9336,10.9351,10.7869,10.7869,10.7943,11.698,11.6983,11.7197,12.4173,12.4193,12.4871,11.7055,11.7057,11.7255,11.3817,11.382,11.4251,11.9432,11.9431,11.9819,11.284,11.2841,11.301,10.882,10.8821,10.8834,10.747,10.7472,10.7538
model.language_model.layers.37.mlp.down_proj.weight,linear,mlp,37,3840x15360,58982400,30,2.5733,10.615,12.7741,12.7737,12.7853,12.9896,12.9893,12.9998,12.777,12.7767,12.7878,12.4707,12.4705,12.4889,11.5791,11.5791,11.583,11.3664,11.3664,11.3676,10.9631,10.9631,10.9633,10.822,10.8219,10.8233,12.0949,12.0949,12.0996,12.3717,12.3721,12.3818,12.0983,12.0983,12.1031,11.7363,11.7364,11.7513,11.6788,11.679,11.6851,11.2706,11.2706,11.2715,10.8603,10.8603,10.8605,10.7435,10.7435,10.7449,11.6543,11.6543,11.6568,12.2878,12.288,12.3002,11.6606,11.6607,11.6631,11.3041,11.3042,11.3186,11.8687,11.8696,11.8768,11.2307,11.2307,11.2316,10.809,10.809,10.8091,10.7059,10.7059,10.7071
model.language_model.layers.37.mlp.gate_proj.weight,linear,mlp,37,15360x3840,58982400,29,2.572,10.6101,12.7445,12.7447,12.7648,12.9913,12.9911,13.0145,12.7483,12.7485,12.7679,12.4561,12.456,12.4954,11.5855,11.5853,11.5873,11.3677,11.3677,11.3684,10.9613,10.9613,10.9618,10.82,10.8199,10.8216,12.0903,12.0902,12.1001,12.3936,12.3936,12.419,12.0941,12.094,12.1045,11.727,11.727,11.7591,11.69,11.6897,11.6934,11.2791,11.279,11.2791,10.858,10.858,10.8581,10.7386,10.7385,10.7394,11.6616,11.6616,11.6677,12.31,12.3096,12.3293,11.6687,11.6686,11.6753,11.2917,11.2917,11.32,11.8792,11.8789,11.884,11.2423,11.2423,11.2424,10.8067,10.8067,10.8068,10.6999,10.7,10.7005
model.language_model.layers.37.mlp.up_proj.weight,linear,mlp,37,15360x3840,58982400,30,2.5671,10.6051,12.7445,12.744,12.7566,12.9949,12.9947,13.0094,12.7482,12.7478,12.7599,12.4615,12.4616,12.4862,11.581,11.5812,11.5824,11.3655,11.3653,11.3659,10.9539,10.9538,10.9542,10.8158,10.8158,10.8169,12.0909,12.0906,12.0966,12.3984,12.3989,12.4136,12.095,12.0947,12.1011,11.7316,11.7318,11.7514,11.6842,11.6848,11.6871,11.2773,11.2771,11.2773,10.8504,10.8504,10.8504,10.734,10.734,10.7346,11.6629,11.6629,11.6663,12.3123,12.3131,12.3228,11.6704,11.6704,11.6741,11.2948,11.2948,11.3122,11.8738,11.8745,11.8776,11.241,11.2409,11.2411,10.7991,10.7991,10.7991,10.6954,10.6955,10.6958
model.language_model.layers.37.self_attn.k_proj.weight,linear,attn,37,2048x3840,7864320,28,2.6191,10.6538,12.7701,12.7712,12.833,13.0032,13.0047,13.0738,12.774,12.7752,12.8355,12.4816,12.4831,12.5906,11.6288,11.6297,11.6386,11.3948,11.3946,11.3978,11.0306,11.0307,11.0318,10.8605,10.8608,10.8669,12.1042,12.1048,12.1375,12.4229,12.4243,12.5158,12.108,12.1084,12.1426,11.755,11.7555,11.8488,11.742,11.7455,11.7587,11.3073,11.3074,11.309,10.9275,10.9276,10.9281,10.7783,10.7784,10.783,11.6722,11.6721,11.6963,12.3556,12.3502,12.4205,11.6784,11.6784,11.703,11.3211,11.3205,11.4059,11.9257,11.9258,11.9445,11.271,11.2706,11.2728,10.8761,10.8761,10.8767,10.7384,10.7383,10.7419
model.language_model.layers.37.self_attn.o_proj.weight,linear,attn,37,3840x4096,15728640,27,2.6044,10.6402,12.7628,12.7976,12.8157,12.9983,13.0345,13.053,12.7666,12.8004,12.8182,12.4738,12.531,12.5625,11.6026,11.606,11.613,11.3815,11.3835,11.3851,11.0104,11.011,11.0116,10.8472,10.85,10.8525,12.098,12.1151,12.1246,12.4041,12.4464,12.4724,12.102,12.1198,12.1297,11.7437,11.7915,11.8193,11.709,11.714,11.7268,11.2928,11.2935,11.2951,10.9074,10.9076,10.908,10.7654,10.7672,10.7692,11.6654,11.6771,11.6835,12.3232,12.3531,12.3789,11.6725,11.6845,11.6909,11.3078,11.3509,11.3769,11.8936,11.9,11.9129,11.2565,11.2572,11.2586,10.8561,10.8563,10.8566,10.7261,10.7271,10.7286
model.language_model.layers.37.self_attn.q_proj.weight,linear,attn,37,4096x3840,15728640,28,2.631,10.665,12.7684,12.768,12.8516,12.9965,12.9964,13.0861,12.7723,12.772,12.8541,12.4743,12.4741,12.6145,11.6256,11.6259,11.6492,11.3963,11.3963,11.4046,11.0492,11.0491,11.0509,10.8717,10.8716,10.8801,12.1009,12.1004,12.1454,12.4085,12.4082,12.5323,12.1044,12.1039,12.1507,11.7473,11.7471,11.8707,11.7386,11.7395,11.7727,11.3086,11.3087,11.3153,10.9465,10.9464,10.9473,10.7899,10.7898,10.7957,11.6672,11.667,11.7019,12.3353,12.3353,12.4368,11.6734,11.6732,11.7083,11.3139,11.3139,11.428,11.9242,11.9238,11.9552,11.2725,11.2724,11.2788,10.8952,10.8952,10.8959,10.7504,10.7503,10.7542
model.language_model.layers.37.self_attn.v_proj.weight,linear,attn,37,2048x3840,7864320,26,2.6492,10.6841,12.8456,12.8465,12.875,13.0753,13.0766,13.12,12.8484,12.8495,12.8774,12.6011,12.6022,12.6528,11.6398,11.6407,11.6772,11.406,11.4061,11.4217,11.0789,11.0791,11.0803,10.8878,10.8881,10.8949,12.1414,12.1411,12.1636,12.5144,12.5152,12.5904,12.1471,12.1468,12.1692,11.8584,11.8588,11.9071,11.757,11.7586,11.8058,11.3181,11.3183,11.3343,10.9754,10.9755,10.9766,10.8026,10.8027,10.8089,11.6989,11.6989,11.7198,12.4153,12.4152,12.4838,11.7063,11.7063,11.726,11.4139,11.4137,11.4614,11.9422,11.9428,11.9774,11.2833,11.2833,11.2979,10.9241,10.9241,10.9251,10.761,10.761,10.7664
model.language_model.layers.38.mlp.down_proj.weight,linear,mlp,38,3840x15360,58982400,32,2.5733,10.605,12.7527,12.7526,12.7636,13.0057,13.0059,13.0176,12.757,12.757,12.768,12.4786,12.4786,12.4972,11.6006,11.6006,11.6018,11.3767,11.3766,11.377,10.9588,10.9589,10.9593,10.8279,10.8279,10.8286,12.1006,12.1006,12.1077,12.4343,12.4345,12.4532,12.105,12.105,12.1125,11.7537,11.7538,11.7711,11.7127,11.7124,11.7141,11.293,11.2929,11.293,10.8547,10.8547,10.8549,10.7448,10.7449,10.7453,11.6755,11.6754,11.6813,12.3556,12.356,12.37,11.683,11.683,11.6893,11.3151,11.3152,11.3303,11.8989,11.8997,11.9023,11.2589,11.2589,11.2589,10.8033,10.8033,10.8033,10.7066,10.7066,10.7069
model.language_model.layers.38.mlp.gate_proj.weight,linear,mlp,38,15360x3840,58982400,31,2.5825,10.6121,12.7486,12.7487,12.7797,12.99,12.9903,13.0271,12.7534,12.7535,12.7842,12.4576,12.4576,12.5138,11.615,11.6152,11.6174,11.3859,11.386,11.3866,10.9728,10.9728,10.9744,10.8404,10.8404,10.8426,12.0969,12.097,12.1179,12.4174,12.4183,12.4779,12.1005,12.1006,12.1227,11.7379,11.7379,11.7895,11.7306,11.7306,11.7352,11.3037,11.3038,11.3038,10.8692,10.8692,10.8697,10.7576,10.7576,10.7591,11.6717,11.6715,11.6901,12.3508,12.3504,12.3982,11.6782,11.678,11.6977,11.3044,11.3042,11.3483,11.914,11.9141,11.9202,11.2701,11.2701,11.2701,10.818,10.818,10.8181,10.7196,10.7196,10.7207
model.language_model.layers.38.mlp.up_proj.weight,linear,mlp,38,15360x3840,58982400,32,2.5751,10.6096,12.7522,12.7519,12.7666,13.0023,13.0025,13.0203,12.7566,12.7563,12.7707,12.4746,12.4747,12.5026,11.5969,11.5972,11.5982,11.3746,11.3746,11.375,10.9622,10.9622,10.9631,10.8264,10.8265,10.8282,12.0992,12.0992,12.1073,12.4274,12.4276,12.4491,12.1036,12.1035,12.1122,11.7497,11.7496,11.7729,11.7078,11.7077,11.7092,11.29,11.2901,11.29,10.8587,10.8587,10.859,10.7436,10.7437,10.7448,11.6734,11.6735,11.679,12.3492,12.3493,12.362,11.6809,11.681,11.6871,11.312,11.3119,11.3314,11.895,11.8949,11.8975,11.2555,11.2556,11.2555,10.8075,10.8075,10.8075,10.7052,10.7053,10.7061
model.language_model.layers.38.self_attn.k_proj.weight,linear,attn,38,2048x3840,7864320,29,2.621,10.6515,12.7793,12.7794,12.8478,13.0113,13.0117,13.0712,12.7834,12.7837,12.8514,12.4968,12.4966,12.5939,11.6421,11.6417,11.6477,11.4094,11.4097,11.4116,11.046,11.0459,11.0474,10.8868,10.8866,10.8927,12.1104,12.1103,12.1495,12.4402,12.441,12.5406,12.1145,12.1145,12.155,11.7713,11.7711,11.8638,11.7603,11.7599,11.7687,11.3278,11.3279,11.3278,10.9423,10.9424,10.9427,10.8029,10.8028,10.8072,11.6783,11.6784,11.7118,12.3678,12.3675,12.4515,11.6851,11.6852,11.7191,11.3349,11.3349,11.4187,11.9341,11.9354,11.9475,11.2947,11.2948,11.2958,10.891,10.891,10.8911,10.7637,10.7638,10.7671
model.language_model.layers.38.self_attn.o_proj.weight,linear,attn,38,3840x4096,15728640,30,2.6252,10.6559,12.7631,12.8125,12.8478,12.9956,13.0537,13.0805,12.7672,12.8162,12.8512,12.4714,12.5572,12.6046,11.6317,11.6363,11.6469,11.4031,11.4049,11.4078,11.0409,11.0429,11.0436,10.8739,10.8781,10.8836,12.0994,12.1312,12.1491,12.4091,12.4973,12.5432,12.1032,12.1364,12.155,11.7449,11.8238,11.8681,11.7457,11.7513,11.7707,11.3203,11.321,11.3227,10.9382,10.9387,10.9391,10.7911,10.794,10.7982,11.6676,11.6971,11.7097,12.3374,12.4062,12.4467,11.6743,11.7044,11.7172,11.3106,11.3807,11.4218,11.9215,11.9284,11.9525,11.2861,11.2871,11.2893,10.887,10.8872,10.8875,10.7521,10.7545,10.7577
model.language_model.layers.38.self_attn.q_proj.weight,linear,attn,38,4096x3840,15728640,29,2.6326,10.6634,12.7837,12.7834,12.8643,13.0129,13.0128,13.0863,12.7876,12.7874,12.8676,12.5016,12.5014,12.6199,11.6446,11.6441,11.6526,11.4123,11.4124,11.4147,11.0636,11.0636,11.0657,10.8963,10.8964,10.9026,12.1111,12.1111,12.1563,12.4393,12.4389,12.5562,12.1151,12.1152,12.1622,11.7745,11.7742,11.8847,11.7614,11.7611,11.7765,11.3299,11.3302,11.3307,10.9604,10.9604,10.961,10.8123,10.8124,10.8167,11.6772,11.6772,11.7157,12.3666,12.3647,12.4603,11.6838,11.6839,11.7232,11.3385,11.3381,11.4383,11.9345,11.934,11.9515,11.2966,11.2967,11.2978,10.9091,10.9091,10.9094,10.7727,10.7728,10.776
model.language_model.layers.38.self_attn.v_proj.weight,linear,attn,38,2048x3840,7864320,27,2.6261,10.6613,12.8183,12.8187,12.8586,13.0281,13.0276,13.074,12.8224,12.8226,12.8625,12.5318,12.5314,12.5913,11.6766,11.6762,11.6985,11.4341,11.4342,11.4425,11.0388,11.0387,11.0405,10.8738,10.8739,10.8814,12.1304,12.1292,12.1583,12.4805,12.4798,12.5685,12.1341,12.133,12.1624,11.8091,11.8082,11.8694,11.8029,11.8026,11.8335,11.3548,11.3544,11.3629,10.9347,10.9346,10.936,10.7908,10.7906,10.7972,11.6933,11.6928,11.7225,12.4212,12.419,12.5006,11.6988,11.6984,11.7272,11.374,11.3732,11.431,11.9688,11.9688,12.0003,11.3233,11.3232,11.3305,10.8829,10.8828,10.8838,10.7506,10.7505,10.7561
model.language_model.layers.39.mlp.down_proj.weight,linear,mlp,39,3840x15360,58982400,30,2.5747,10.6037,12.751,12.751,12.7682,13.0016,13.0016,13.016,12.7559,12.756,12.7731,12.4721,12.4721,12.4968,11.6122,11.6126,11.6138,11.3841,11.3842,11.3847,10.9639,10.9639,10.9642,10.8362,10.8362,10.8375,12.102,12.1021,12.1127,12.4415,12.4415,12.4668,12.1062,12.1063,12.1173,11.7524,11.7525,11.7765,11.7279,11.7283,11.7311,11.3029,11.3029,11.3029,10.8594,10.8594,10.8595,10.7529,10.753,10.754,11.679,11.6791,11.6878,12.3705,12.3718,12.3935,11.6863,11.6864,11.6954,11.3153,11.3153,11.3369,11.9115,11.9121,11.9158,11.2697,11.2697,11.2698,10.8078,10.8078,10.8078,10.7151,10.7152,10.716
model.language_model.layers.39.mlp.gate_proj.weight,linear,mlp,39,15360x3840,58982400,32,2.5822,10.6191,12.7439,12.7438,12.7766,12.9867,12.9867,13.0281,12.7485,12.7485,12.7804,12.4518,12.4516,12.5155,11.6013,11.6011,11.6033,11.3767,11.3767,11.3778,10.9723,10.9722,10.9746,10.83,10.83,10.8339,12.093,12.0932,12.1115,12.4064,12.4061,12.4569,12.0966,12.0969,12.1164,11.7302,11.7303,11.7833,11.7127,11.7121,11.7158,11.2917,11.2916,11.2917,10.8699,10.8699,10.8707,10.7478,10.7478,10.7507,11.6677,11.6675,11.6805,12.3364,12.3352,12.3688,11.6744,11.6743,11.6883,11.2967,11.2966,11.3419,11.8992,11.8987,11.9047,11.2566,11.2565,11.2567,10.8191,10.8191,10.8193,10.7095,10.7095,10.7117
model.language_model.layers.39.mlp.up_proj.weight,linear,mlp,39,15360x3840,58982400,30,2.5709,10.6088,12.7465,12.7466,12.7595,13.0005,13.0002,13.0159,12.7508,12.7509,12.7633,12.4693,12.4694,12.4942,11.5912,11.5913,11.5926,11.3708,11.3709,11.3713,10.958,10.958,10.9589,10.8209,10.821,10.8226,12.0958,12.0957,12.1026,12.4195,12.4198,12.4375,12.1001,12.1,12.1074,11.7431,11.743,11.7634,11.6998,11.7002,11.7016,11.2854,11.2855,11.2855,10.8547,10.8547,10.855,10.7383,10.7383,10.7395,11.6704,11.6704,11.6748,12.3384,12.339,12.3497,11.678,11.6781,11.6828,11.3052,11.3052,11.3226,11.8884,11.8891,11.8909,11.2505,11.2506,11.2506,10.8036,10.8036,10.8036,10.6998,10.6998,10.7007
model.language_model.layers.39.self_attn.k_proj.weight,linear,attn,39,2048x3840,7864320,29,2.6642,10.7026,12.8128,12.8127,12.9167,13.0351,13.0344,13.1268,12.8163,12.8161,12.9198,12.5384,12.5382,12.6876,11.6745,11.6753,11.6828,11.4362,11.4361,11.4379,11.1087,11.1088,11.1126,10.9161,10.9162,10.9256,12.1246,12.1248,12.1808,12.4694,12.4694,12.6165,12.129,12.129,12.1872,11.8073,11.8075,11.9469,11.7956,11.7953,11.8113,11.3553,11.3552,11.3552,11.0057,11.0058,11.008,10.8309,10.831,10.8375,11.6864,11.6867,11.7357,12.3909,12.3927,12.5047,11.6928,11.6932,11.7424,11.3695,11.3694,11.4966,11.9591,11.958,11.9764,11.3224,11.3222,11.3232,10.9558,10.9558,10.9563,10.7915,10.7915,10.7954
model.language_model.layers.39.self_attn.o_proj.weight,linear,attn,39,3840x4096,15728640,27,2.6054,10.6357,12.7576,12.7974,12.8193,12.9924,13.0338,13.0544,12.7623,12.8016,12.8235,12.4648,12.5284,12.5588,11.6355,11.6388,11.6447,11.4029,11.4044,11.4062,11.0159,11.0173,11.0178,10.8695,10.8724,10.8745,12.1002,12.1252,12.1389,12.4193,12.4892,12.5232,12.1039,12.1298,12.144,11.7441,11.8038,11.833,11.7538,11.7582,11.7678,11.3222,11.3227,11.3239,10.9124,10.9128,10.9131,10.7863,10.7881,10.7899,11.6723,11.6944,11.7065,12.352,12.4116,12.4432,11.6787,11.7014,11.7136,11.3107,11.3631,11.3906,11.9291,11.9362,11.9462,11.2892,11.29,11.291,10.8611,10.8611,10.8615,10.7478,10.7493,10.7508
model.language_model.layers.39.self_attn.q_proj.weight,linear,attn,39,4096x3840,15728640,28,2.6566,10.6916,12.79,12.7898,12.9032,13.0198,13.0198,13.1161,12.7938,12.7937,12.9062,12.5109,12.5109,12.6705,11.663,11.6619,11.676,11.429,11.4285,11.4327,11.1027,11.1027,11.1045,10.9155,10.9153,10.9236,12.115,12.1149,12.1748,12.4487,12.4489,12.602,12.1192,12.119,12.1811,11.7823,11.7823,11.9321,11.7795,11.7783,11.8033,11.3477,11.3475,11.3497,10.9993,10.9992,10.9998,10.8304,10.8303,10.836,11.6807,11.6805,11.7313,12.3759,12.373,12.4947,11.6873,11.6871,11.7382,11.3453,11.3454,11.4833,11.9451,11.9443,11.971,11.3147,11.3146,11.3177,10.9479,10.9479,10.9482,10.7903,10.7902,10.7942
model.language_model.layers.39.self_attn.v_proj.weight,linear,attn,39,2048x3840,7864320,27,2.6389,10.6728,12.8277,12.8285,12.8744,13.0443,13.0451,13.0971,12.8314,12.8322,12.8778,12.5523,12.5533,12.6222,11.6786,11.6784,11.7004,11.4326,11.4326,11.4424,11.0618,11.0618,11.0639,10.8897,10.8897,10.8982,12.1366,12.1365,12.1692,12.5031,12.5037,12.6002,12.1408,12.1407,12.1738,11.8272,11.8272,11.8962,11.8078,11.8065,11.8346,11.3521,11.3518,11.3615,10.9578,10.9578,10.9592,10.8056,10.8054,10.8128,11.6992,11.6992,11.7312,12.4361,12.4351,12.5129,11.7049,11.7048,11.7366,11.3896,11.3895,11.4532,11.9818,11.9814,12.0019,11.32,11.3202,11.3288,10.9063,10.9063,10.9071,10.7654,10.7653,10.7714
model.language_model.layers.4.mlp.down_proj.weight,linear,mlp,4,3840x15360,58982400,32,2.5837,10.6129,12.7614,12.7616,12.7821,13.0092,13.0094,13.0265,12.7663,12.7666,12.7869,12.4843,12.4845,12.5131,11.6212,11.6214,11.6257,11.3901,11.3902,11.3915,10.9787,10.9787,10.9792,10.8466,10.8467,10.8484,12.1082,12.1083,12.1207,12.4553,12.4561,12.4852,12.1124,12.1125,12.1253,11.7647,11.7648,11.7921,11.7383,11.7387,11.7465,11.3088,11.3089,11.3097,10.8743,10.8743,10.8746,10.7631,10.7632,10.7648,11.684,11.6842,11.6935,12.3849,12.386,12.4105,11.6912,11.6913,11.7009,11.327,11.3271,11.3522,11.9207,11.9213,11.9301,11.2757,11.2758,11.2764,10.8227,10.8227,10.8228,10.7251,10.7252,10.7266
model.language_model.layers.4.mlp.gate_proj.weight,linear,mlp,4,15360x3840,58982400,32,2.6118,10.6423,12.7915,12.7911,12.8279,13.0153,13.0153,13.0639,12.796,12.7956,12.8317,12.5059,12.5056,12.5739,11.6406,11.6406,11.6433,11.4036,11.4036,11.4048,11.022,11.0219,11.024,10.8728,10.8727,10.8763,12.1177,12.1174,12.1419,12.459,12.4584,12.5302,12.1216,12.1212,12.1471,11.7839,11.7837,11.8436,11.7621,11.7614,11.7655,11.3209,11.3207,11.3211,10.9188,10.9187,10.9194,10.7893,10.7892,10.7918,11.6852,11.6851,11.7065,12.3955,12.3951,12.4429,11.6912,11.6911,11.7137,11.3491,11.349,11.3997,11.939,11.9377,11.9433,11.2872,11.2871,11.2873,10.8674,10.8674,10.8677,10.7504,10.7503,10.7524
model.language_model.layers.4.mlp.up_proj.weight,linear,mlp,4,15360x3840,58982400,31,2.5986,10.6295,12.7913,12.7909,12.8044,13.0311,13.0304,13.0477,12.7954,12.795,12.8083,12.5234,12.5228,12.5491,11.6213,11.6211,11.6226,11.391,11.3907,11.3914,10.9981,10.9981,10.9989,10.8533,10.8531,10.8546,12.1201,12.1198,12.1281,12.4739,12.4738,12.4964,12.1247,12.1244,12.1334,11.7957,11.7954,11.8176,11.738,11.7377,11.7402,11.3067,11.3065,11.3066,10.8943,10.8942,10.8945,10.7695,10.7694,10.7705,11.6887,11.6886,11.6945,12.3943,12.3931,12.4074,11.6958,11.6957,11.7022,11.3555,11.3554,11.3742,11.9207,11.9199,11.9233,11.2725,11.2725,11.2726,10.8428,10.8428,10.8429,10.7303,10.7302,10.7312
model.language_model.layers.4.self_attn.k_proj.weight,linear,attn,4,2048x3840,7864320,30,2.635,10.6676,12.7696,12.7696,12.8626,12.9951,12.995,13.0976,12.7742,12.7743,12.8659,12.4691,12.4693,12.6218,11.663,11.6621,11.6725,11.4177,11.4175,11.4219,11.0593,11.0592,11.063,10.8911,10.8911,10.9011,12.1062,12.106,12.161,12.4294,12.4283,12.5788,12.1093,12.1093,12.1664,11.7504,11.7501,11.8869,11.7859,11.7852,11.8011,11.3358,11.3357,11.3376,10.957,10.957,10.9584,10.8083,10.8083,10.8159,11.6759,11.6759,11.7214,12.3719,12.3713,12.4809,11.6814,11.6814,11.7279,11.3195,11.3194,11.4405,11.9585,11.9579,11.976,11.3016,11.3016,11.3034,10.9059,10.9059,10.9067,10.7695,10.7694,10.7754
model.language_model.layers.4.self_attn.o_proj.weight,linear,attn,4,3840x4096,15728640,28,2.5993,10.6293,12.75,12.7749,12.8059,12.9865,13.0143,13.049,12.7552,12.7797,12.8102,12.4557,12.4953,12.5458,11.6301,11.6331,11.6393,11.3973,11.3986,11.401,11.0003,11.0014,11.0027,10.8576,10.8595,10.8632,12.0977,12.1143,12.1333,12.4172,12.4644,12.5173,12.1012,12.1184,12.1381,11.7388,11.7757,11.8207,11.7481,11.7514,11.762,11.3162,11.3168,11.3183,10.8969,10.8973,10.898,10.7748,10.776,10.7793,11.6724,11.6878,11.7024,12.3548,12.3965,12.4354,11.6788,11.6947,11.7094,11.3058,11.338,11.3785,11.9257,11.9297,11.9405,11.2829,11.2833,11.2846,10.8456,10.8457,10.8463,10.7368,10.7377,10.7405
model.language_model.layers.4.self_attn.q_proj.weight,linear,attn,4,4096x3840,15728640,30,2.6112,10.6418,12.7622,12.7612,12.8186,12.9975,12.9961,13.0704,12.7669,12.766,12.8226,12.4711,12.4705,12.5694,11.6337,11.6334,11.6605,11.3996,11.3993,11.4103,11.0153,11.0153,11.0181,10.8631,10.8631,10.8709,12.1039,12.1032,12.1424,12.4303,12.4295,12.5501,12.1075,12.1068,12.1472,11.7511,11.7508,11.8416,11.7524,11.7518,11.7895,11.3168,11.317,11.3272,10.9122,10.9121,10.9136,10.7803,10.7802,10.7869,11.6757,11.6756,11.7106,12.3649,12.364,12.46,11.6819,11.6818,11.717,11.3172,11.3173,11.3991,11.9357,11.9364,11.9668,11.2829,11.283,11.292,10.861,10.861,10.8618,10.742,10.742,10.7474
model.language_model.layers.4.self_attn.v_proj.weight,linear,attn,4,2048x3840,7864320,27,2.6088,10.6395,12.8058,12.8063,12.8292,13.0261,13.0261,13.0537,12.8103,12.8108,12.8337,12.5241,12.5238,12.5593,11.6529,11.6528,11.6653,11.4157,11.4161,11.4202,11.0193,11.0193,11.0203,10.8705,10.8704,10.8751,12.1278,12.128,12.1446,12.4846,12.4871,12.5369,12.132,12.1321,12.149,11.804,11.8038,11.8387,11.7774,11.7753,11.7941,11.3352,11.3354,11.3396,10.9149,10.9149,10.9157,10.787,10.7869,10.7913,11.6955,11.6954,11.7115,12.4242,12.4244,12.4672,11.7017,11.7014,11.7175,11.3673,11.3671,11.3992,11.9522,11.9496,11.9667,11.3035,11.3034,11.307,10.8631,10.8631,10.8636,10.7479,10.7478,10.7516
model.language_model.layers.40.mlp.down_proj.weight,linear,mlp,40,3840x15360,58982400,31,2.5829,10.6117,12.75,12.7499,12.7845,13.0005,12.9998,13.0235,12.7549,12.7549,12.7893,12.4704,12.47,12.5131,11.6196,11.6198,11.6222,11.3899,11.39,11.3913,10.9811,10.981,10.9815,10.8485,10.8484,10.8507,12.1013,12.1013,12.1205,12.4389,12.4395,12.4799,12.1054,12.1054,12.1252,11.7509,11.7507,11.7927,11.7361,11.7364,11.7415,11.3094,11.3096,11.3095,10.8767,10.8767,10.8768,10.765,10.765,10.7667,11.6782,11.6783,11.6928,12.3692,12.3695,12.4071,11.6854,11.6854,11.7002,11.3141,11.3141,11.3528,11.9168,11.918,11.9241,11.2765,11.2767,11.2767,10.8251,10.8251,10.8251,10.727,10.7271,10.7284
model.language_model.layers.40.mlp.gate_proj.weight,linear,mlp,40,15360x3840,58982400,31,2.5893,10.626,12.7487,12.7487,12.7866,12.9934,12.9934,13.0374,12.7536,12.7535,12.7901,12.4619,12.4617,12.5296,11.6091,11.6093,11.6122,11.3803,11.3803,11.3826,10.9834,10.9834,10.9859,10.835,10.835,10.8405,12.0979,12.0981,12.1168,12.4234,12.4237,12.4699,12.1017,12.1019,12.1217,11.7419,11.742,11.7957,11.7227,11.7232,11.7268,11.2953,11.2954,11.296,10.8812,10.8813,10.8822,10.7529,10.7529,10.7572,11.6735,11.6736,11.6843,12.354,12.3561,12.3825,11.6803,11.6804,11.6918,11.3071,11.3072,11.3542,11.9076,11.9082,11.9138,11.2601,11.2603,11.2607,10.8304,10.8304,10.8308,10.7145,10.7145,10.7179
model.language_model.layers.40.mlp.up_proj.weight,linear,mlp,40,15360x3840,58982400,29,2.5738,10.6107,12.7558,12.7555,12.7662,13.0057,13.0061,13.0178,12.7596,12.7593,12.7696,12.4809,12.481,12.5003,11.5877,11.5878,11.5888,11.3695,11.3696,11.3701,10.9636,10.9636,10.9638,10.8231,10.8231,10.824,12.0975,12.0976,12.1028,12.4163,12.4165,12.4295,12.1019,12.102,12.1076,11.7498,11.7497,11.7658,11.6946,11.6942,11.6961,11.2822,11.2823,11.2822,10.86,10.86,10.8601,10.7406,10.7406,10.7411,11.6685,11.6685,11.6715,12.3303,12.3298,12.3391,11.6762,11.6761,11.6794,11.3112,11.3111,11.3252,11.8839,11.8837,11.8859,11.2465,11.2466,11.2466,10.8087,10.8088,10.8088,10.7018,10.7018,10.7021
model.language_model.layers.40.self_attn.k_proj.weight,linear,attn,40,2048x3840,7864320,28,2.6256,10.6563,12.7804,12.7798,12.8539,13.007,13.0063,13.0796,12.7848,12.7841,12.8575,12.4925,12.4918,12.6046,11.6439,11.6437,11.6517,11.4108,11.4107,11.4138,11.051,11.051,11.0531,10.8882,10.8881,10.8956,12.111,12.1103,12.1531,12.4413,12.4376,12.5512,12.1148,12.1142,12.1588,11.7697,11.7691,11.8721,11.7634,11.762,11.776,11.3291,11.3287,11.3309,10.9478,10.9478,10.9484,10.8046,10.8045,10.8099,11.6791,11.6784,11.7147,12.3731,12.3711,12.4586,11.6852,11.6849,11.722,11.3348,11.3346,11.4262,11.938,11.9359,11.9503,11.2959,11.2953,11.2982,10.8966,10.8966,10.8968,10.7657,10.7655,10.7696
model.language_model.layers.40.self_attn.o_proj.weight,linear,attn,40,3840x4096,15728640,28,2.6281,10.6595,12.7664,12.821,12.8527,12.9949,13.0594,13.0823,12.7707,12.8244,12.8558,12.4721,12.569,12.6117,11.6309,11.6349,11.6421,11.4026,11.404,11.4064,11.0458,11.0483,11.049,10.8766,10.8823,10.8862,12.1018,12.1333,12.1492,12.412,12.501,12.5404,12.1054,12.1386,12.1552,11.7479,11.8332,11.8726,11.745,11.7495,11.7629,11.319,11.3192,11.3206,10.9435,10.9443,10.9446,10.794,10.7978,10.8007,11.6702,11.6966,11.7084,12.3436,12.4072,12.4403,11.6765,11.704,11.7161,11.3149,11.3892,11.4264,11.9225,11.9261,11.9409,11.2849,11.285,11.2867,10.8928,10.8928,10.8931,10.7552,10.7578,10.7599
model.language_model.layers.40.self_attn.q_proj.weight,linear,attn,40,4096x3840,15728640,28,2.6408,10.6721,12.7813,12.781,12.8746,13.0083,13.0087,13.0992,12.7854,12.785,12.8778,12.4954,12.4956,12.6381,11.6442,11.6445,11.6586,11.4132,11.4135,11.418,11.072,11.072,11.0746,10.8955,10.8955,10.9058,12.1099,12.1098,12.1619,12.435,12.4341,12.5718,12.1137,12.1136,12.168,11.7699,11.77,11.8996,11.7603,11.7602,11.7826,11.3309,11.3308,11.3337,10.9691,10.9691,10.97,10.8121,10.8122,10.8195,11.6767,11.6766,11.7197,12.3645,12.3645,12.469,11.6833,11.683,11.727,11.3348,11.3347,11.4519,11.9333,11.9332,11.956,11.2971,11.2971,11.3006,10.918,10.918,10.9184,10.7728,10.7728,10.7783
model.language_model.layers.40.self_attn.v_proj.weight,linear,attn,40,2048x3840,7864320,29,2.6598,10.6939,12.84,12.8408,12.9048,13.0501,13.0514,13.1269,12.8433,12.8439,12.9077,12.5721,12.5726,12.6791,11.6662,11.6651,11.6798,11.4271,11.4272,11.4321,11.1082,11.1081,11.1105,10.924,10.9238,10.9293,12.1344,12.135,12.1769,12.4839,12.4851,12.6122,12.1392,12.1397,12.1835,11.8365,11.8366,11.9366,11.7897,11.7874,11.8085,11.3438,11.3437,11.3481,11.0051,11.005,11.0059,10.8383,10.8381,10.8422,11.6908,11.691,11.7324,12.4071,12.4038,12.4985,11.6971,11.6974,11.7393,11.3975,11.3973,11.4863,11.9581,11.9569,11.9777,11.3111,11.3109,11.315,10.9538,10.9538,10.9543,10.7972,10.7971,10.8002
model.language_model.layers.41.mlp.down_proj.weight,linear,mlp,41,3840x15360,58982400,31,2.5712,10.6004,12.7411,12.7413,12.7643,12.9924,12.9921,13.0099,12.7464,12.7467,12.7695,12.4575,12.4573,12.4877,11.6151,11.6151,11.617,11.3855,11.3855,11.3865,10.9612,10.9611,10.9616,10.8362,10.8362,10.8378,12.0979,12.0979,12.1116,12.4338,12.4336,12.4652,12.1018,12.1018,12.1159,11.7417,11.7415,11.771,11.7321,11.732,11.7362,11.3055,11.3056,11.3056,10.8567,10.8567,10.8569,10.7531,10.7531,10.7544,11.6774,11.6774,11.6881,12.3683,12.3687,12.3983,11.6844,11.6844,11.6954,11.3062,11.3061,11.3329,11.9152,11.915,11.9205,11.2727,11.2728,11.2729,10.8051,10.8051,10.8051,10.7156,10.7155,10.7167
model.language_model.layers.41.mlp.gate_proj.weight,linear,mlp,41,15360x3840,58982400,30,2.5769,10.6074,12.7401,12.7405,12.7679,12.9858,12.9863,13.0217,12.7455,12.7461,12.7725,12.45,12.4504,12.5019,11.6107,11.6106,11.6124,11.3811,11.381,11.3825,10.9617,10.9617,10.9636,10.8301,10.8301,10.8339,12.0964,12.0963,12.1121,12.4256,12.4259,12.4693,12.1,12.1,12.1168,11.7357,11.7358,11.778,11.727,11.727,11.7289,11.2995,11.2995,11.2997,10.8585,10.8585,10.8591,10.7477,10.7477,10.7506,11.6755,11.6754,11.6866,12.3655,12.3644,12.3903,11.6821,11.6821,11.6942,11.3023,11.3022,11.3375,11.9114,11.9109,11.9144,11.2658,11.2657,11.2659,10.8072,10.8072,10.8074,10.7101,10.71,10.7125
model.language_model.layers.41.mlp.up_proj.weight,linear,mlp,41,15360x3840,58982400,29,2.5654,10.5995,12.7416,12.7418,12.7497,13.0005,13.0003,13.0101,12.7461,12.7463,12.7541,12.4676,12.4675,12.4825,11.5932,11.5932,11.594,11.3711,11.3711,11.3715,10.9471,10.9471,10.9476,10.8177,10.8177,10.8186,12.0955,12.0954,12.1003,12.4264,12.4255,12.4386,12.0999,12.0998,12.105,11.7433,11.7429,11.7559,11.7034,11.7028,11.7049,11.2872,11.2872,11.2874,10.8431,10.8431,10.8433,10.7347,10.7348,10.7354,11.6726,11.6725,11.676,12.3464,12.3453,12.3545,11.6804,11.6804,11.6841,11.3047,11.3044,11.3154,11.8914,11.8911,11.8938,11.253,11.2529,11.2532,10.7917,10.7917,10.7918,10.6966,10.6966,10.6972
model.language_model.layers.41.self_attn.k_proj.weight,linear,attn,41,512x3840,1966080,27,2.7254,10.7649,12.9173,12.917,12.991,13.1828,13.1836,13.2721,12.92,12.9194,12.9927,12.6991,12.6992,12.8046,11.8183,11.8173,11.8739,11.5351,11.5347,11.5682,11.1931,11.1932,11.1949,10.9462,10.946,10.9589,12.2065,12.2059,12.2568,12.7217,12.7228,12.8641,12.21,12.2096,12.26,11.9679,11.9674,12.0707,11.9408,11.9423,12.0004,11.4592,11.459,11.492,11.0885,11.0885,11.0897,10.858,10.8581,10.8689,11.7702,11.7699,11.8191,12.5801,12.58,12.6699,11.7733,11.7727,11.8207,11.5224,11.5219,11.6208,12.0538,12.0553,12.0888,11.4218,11.4223,11.4517,11.0362,11.0363,11.0371,10.8131,10.813,10.8218
model.language_model.layers.41.self_attn.o_proj.weight,linear,attn,41,3840x8192,31457280,33,2.7392,10.7874,12.935,12.9973,13.0138,13.133,13.2032,13.2242,12.9378,12.9995,13.016,12.7239,12.8299,12.8582,11.7028,11.7088,11.7114,11.4541,11.4564,11.457,11.2534,11.2563,11.2569,10.9928,10.9986,10.9997,12.1762,12.206,12.2156,12.5889,12.6727,12.7003,12.1827,12.2138,12.2241,11.9804,12.0676,12.0919,11.8274,11.8366,11.8403,11.3687,11.3701,11.3704,11.1519,11.1531,11.1532,10.9051,10.9081,10.9088,11.7279,11.7499,11.7586,12.4834,12.5285,12.542,11.7341,11.7562,11.765,11.5578,11.6158,11.6375,11.9846,11.9909,11.9952,11.3352,11.3362,11.3366,11.101,11.1016,11.1017,10.8613,10.8628,10.8632
model.language_model.layers.41.self_attn.q_proj.weight,linear,attn,41,8192x3840,31457280,30,2.832,10.8776,12.8004,12.8003,13.132,13.0244,13.0242,13.3822,12.8037,12.8037,13.1352,12.523,12.523,13.081,11.7237,11.7238,11.7909,11.507,11.5067,11.5237,11.4347,11.4348,11.4398,11.0259,11.026,11.0887,12.1163,12.1161,12.2861,12.4465,12.4448,12.8786,12.1205,12.1203,12.2972,11.7908,11.7904,12.2961,11.8181,11.8183,11.9212,11.4318,11.4317,11.4475,11.334,11.3339,11.3358,10.9468,10.9469,10.9939,11.6781,11.6778,11.8336,12.3659,12.3657,12.6262,11.6846,11.6845,11.8388,11.3536,11.3531,11.8316,11.959,11.9592,12.0406,11.3979,11.3977,11.4152,11.2835,11.2835,11.2843,10.9064,10.9064,10.9478
model.language_model.layers.42.mlp.down_proj.weight,linear,mlp,42,3840x15360,58982400,31,2.566,10.6072,12.7626,12.7625,12.7807,12.9732,12.9726,12.9865,12.7659,12.7659,12.7835,12.4455,12.445,12.4717,11.5735,11.5735,11.5759,11.3631,11.3631,11.3642,10.9456,10.9457,10.9458,10.8104,10.8105,10.8116,12.0886,12.0885,12.0954,12.3502,12.3502,12.3635,12.0917,12.0915,12.0986,11.715,11.7149,11.7366,11.6723,11.6726,11.6763,11.2667,11.2667,11.2673,10.8429,10.8429,10.843,10.7322,10.7322,10.7335,11.6486,11.6487,11.6515,12.2682,12.2688,12.2813,11.6547,11.6547,11.6575,11.2851,11.2852,11.3056,11.8623,11.8628,11.8677,11.2259,11.226,11.2264,10.7915,10.7915,10.7916,10.695,10.6951,10.6963
model.language_model.layers.42.mlp.gate_proj.weight,linear,mlp,42,15360x3840,58982400,31,2.5698,10.6122,12.737,12.737,12.7634,12.9904,12.9906,13.0116,12.7408,12.7407,12.7662,12.4532,12.4532,12.4871,11.5862,11.5862,11.5924,11.3671,11.367,11.3701,10.9615,10.9615,10.9624,10.8186,10.8186,10.8202,12.0868,12.0868,12.0988,12.3906,12.39,12.415,12.0908,12.0908,12.1028,11.7233,11.7232,11.7513,11.6882,11.6878,11.6988,11.2773,11.2772,11.2792,10.8583,10.8583,10.859,10.7375,10.7375,10.7391,11.6598,11.6598,11.6658,12.3038,12.303,12.3312,11.6673,11.6673,11.6725,11.2867,11.2865,11.3149,11.8748,11.8748,11.8895,11.2397,11.2397,11.2414,10.8069,10.8069,10.8076,10.6986,10.6986,10.7002
model.language_model.layers.42.mlp.up_proj.weight,linear,mlp,42,15360x3840,58982400,29,2.5567,10.6003,12.744,12.7439,12.7483,12.9901,12.9903,12.9944,12.7471,12.747,12.7512,12.4563,12.4563,12.4637,11.5687,11.5687,11.5689,11.3586,11.3585,11.3588,10.9411,10.9411,10.9412,10.807,10.807,10.8076,12.0861,12.0863,12.088,12.3753,12.3758,12.3789,12.09,12.0902,12.092,11.7217,11.7218,11.7275,11.6672,11.6672,11.6678,11.2671,11.2672,11.2672,10.8378,10.8378,10.8378,10.7265,10.7266,10.727,11.6549,11.6549,11.6556,12.2839,12.2848,12.2881,11.6623,11.6623,11.663,11.2857,11.2856,11.291,11.8584,11.8591,11.8602,11.2294,11.2295,11.2295,10.7865,10.7865,10.7865,10.6885,10.6885,10.6889
model.language_model.layers.42.self_attn.k_proj.weight,linear,attn,42,2048x3840,7864320,26,2.6129,10.6476,12.7622,12.7621,12.8244,12.9936,12.9934,13.0647,12.7664,12.7662,12.8271,12.4671,12.4666,12.5773,11.6213,11.6224,11.6322,11.3905,11.3904,11.3943,11.0199,11.0199,11.0214,10.8554,10.8556,10.861,12.0996,12.099,12.1321,12.4104,12.4092,12.4997,12.103,12.1024,12.1369,11.7426,11.7422,11.8359,11.7334,11.7352,11.7502,11.3032,11.3032,11.3049,10.9171,10.917,10.9178,10.7736,10.7738,10.7776,11.6679,11.668,11.6917,12.3403,12.342,12.41,11.6739,11.6742,11.6983,11.3094,11.3098,11.3946,11.9171,11.9172,11.9349,11.2668,11.2666,11.2685,10.8657,10.8657,10.8664,10.7343,10.7345,10.7371
model.language_model.layers.42.self_attn.o_proj.weight,linear,attn,42,3840x4096,15728640,27,2.5878,10.624,12.7455,12.763,12.7864,12.9938,13.0133,13.0359,12.7495,12.7667,12.7895,12.4612,12.4901,12.5277,11.5966,11.5991,11.6056,11.3764,11.3775,11.3798,10.9834,10.9839,10.9843,10.8329,10.8345,10.8367,12.0918,12.1021,12.1142,12.4034,12.4287,12.4583,12.0958,12.1066,12.1191,11.7329,11.7575,11.7907,11.7027,11.7067,11.7174,11.2898,11.2903,11.292,10.8801,10.8803,10.8806,10.7506,10.7517,10.7535,11.6644,11.6718,11.6804,12.3218,12.3405,12.3684,11.6718,11.6794,11.688,11.2966,11.318,11.3493,11.8878,11.8919,11.9048,11.2541,11.2545,11.2565,10.8289,10.829,10.8293,10.7118,10.7124,10.7139
model.language_model.layers.42.self_attn.q_proj.weight,linear,attn,42,4096x3840,15728640,30,2.6175,10.652,12.7596,12.7586,12.8344,12.9864,12.9855,13.0642,12.7633,12.7623,12.8369,12.459,12.4587,12.5871,11.608,11.6083,11.6241,11.3874,11.387,11.3918,11.029,11.029,11.0306,10.8601,10.86,10.8664,12.0934,12.0929,12.1323,12.3847,12.3828,12.4891,12.0968,12.0965,12.1374,11.7307,11.7303,11.8434,11.7141,11.7145,11.7402,11.298,11.2978,11.3009,10.9263,10.9263,10.9271,10.7788,10.7787,10.7829,11.659,11.6588,11.6884,12.3073,12.3048,12.3973,11.6654,11.6652,11.6953,11.2982,11.298,11.4017,11.8978,11.8975,11.9243,11.2612,11.2611,11.2642,10.8751,10.8751,10.8757,10.7396,10.7396,10.742
model.language_model.layers.42.self_attn.v_proj.weight,linear,attn,42,2048x3840,7864320,27,2.6212,10.6574,12.794,12.7934,12.8274,13.0291,13.0286,13.085,12.7975,12.797,12.8304,12.5237,12.5232,12.589,11.622,11.6221,11.665,11.391,11.3915,11.4104,11.0326,11.0325,11.0345,10.8607,10.8605,10.8695,12.1172,12.1175,12.1443,12.4597,12.4605,12.5552,12.1216,12.122,12.1489,11.7928,11.7926,11.8539,11.7362,11.7377,11.7932,11.3041,11.3043,11.3241,10.9291,10.9291,10.9308,10.7769,10.777,10.785,11.683,11.6831,11.7085,12.3776,12.3801,12.4639,11.69,11.69,11.7142,11.3536,11.354,11.4123,11.9244,11.9267,11.9717,11.2687,11.269,11.2874,10.8777,10.8778,10.8793,10.7369,10.737,10.7441
model.language_model.layers.43.mlp.down_proj.weight,linear,mlp,43,3840x15360,58982400,31,2.5656,10.608,12.7575,12.7575,12.7763,12.9737,12.974,12.9896,12.7609,12.7609,12.779,12.4438,12.444,12.4732,11.5714,11.5716,11.5728,11.3618,11.3618,11.3629,10.9487,10.9487,10.9488,10.8128,10.8128,10.8141,12.0871,12.0874,12.0943,12.3514,12.352,12.366,12.0903,12.0905,12.0977,11.7133,11.7133,11.7368,11.6697,11.6696,11.6717,11.2662,11.2663,11.2664,10.846,10.846,10.8461,10.7347,10.7346,10.736,11.649,11.6491,11.652,12.2676,12.2685,12.2802,11.6553,11.6554,11.6583,11.2827,11.2827,11.3045,11.8599,11.8594,11.8631,11.226,11.2262,11.2263,10.7946,10.7946,10.7948,10.6975,10.6975,10.6988
model.language_model.layers.43.mlp.gate_proj.weight,linear,mlp,43,15360x3840,58982400,30,2.5737,10.6163,12.7375,12.7377,12.7689,12.9925,12.9922,13.018,12.7413,12.7414,12.7717,12.4552,12.455,12.495,11.5913,11.5913,11.6015,11.3706,11.3706,11.3744,10.9669,10.9668,10.968,10.822,10.822,10.824,12.0873,12.0874,12.1027,12.3933,12.3928,12.4267,12.0914,12.0915,12.1066,11.7249,11.7248,11.7588,11.6927,11.6932,11.7106,11.2808,11.2807,11.2834,10.8636,10.8636,10.8645,10.7407,10.7407,10.7428,11.6607,11.6607,11.6692,12.306,12.3071,12.3452,11.6682,11.6681,11.6757,11.2881,11.288,11.3224,11.8781,11.8785,11.8986,11.2432,11.2432,11.2453,10.8121,10.8121,10.8131,10.7016,10.7016,10.7037
model.language_model.layers.43.mlp.up_proj.weight,linear,mlp,43,15360x3840,58982400,31,2.5563,10.6019,12.7459,12.7457,12.7499,12.9887,12.9888,12.9922,12.749,12.7488,12.7527,12.4556,12.4558,12.462,11.5666,11.5667,11.5677,11.3579,11.3578,11.3584,10.9391,10.9391,10.9392,10.8065,10.8065,10.8071,12.0858,12.086,12.0876,12.3706,12.371,12.374,12.0897,12.0898,12.0915,11.7204,11.7206,11.7255,11.6636,11.6645,11.6659,11.2657,11.2657,11.2659,10.8359,10.8359,10.8359,10.7267,10.7267,10.7272,11.6533,11.6533,11.654,12.2773,12.2784,12.2827,11.6606,11.6607,11.6614,11.2846,11.2847,11.2897,11.8546,11.8564,11.8581,11.2275,11.2276,11.2278,10.7846,10.7846,10.7846,10.689,10.6891,10.6895
model.language_model.layers.43.self_attn.k_proj.weight,linear,attn,43,2048x3840,7864320,27,2.6155,10.6506,12.7564,12.7554,12.8317,12.9851,12.9851,13.0631,12.7599,12.7591,12.8341,12.4558,12.4556,12.5835,11.6113,11.6098,11.6244,11.3874,11.387,11.392,11.0262,11.0261,11.0276,10.8564,10.8563,10.8639,12.092,12.092,12.1315,12.3816,12.3814,12.4898,12.0955,12.0955,12.1366,11.7267,11.7271,11.8394,11.718,11.7168,11.7407,11.2977,11.2976,11.3016,10.9233,10.9233,10.924,10.7751,10.775,10.7803,11.6582,11.6582,11.6886,12.2998,12.3027,12.3987,11.6647,11.6646,11.6956,11.294,11.2942,11.3978,11.898,11.8992,11.9263,11.2602,11.2603,11.2647,10.872,10.872,10.8726,10.7356,10.7358,10.7394
model.language_model.layers.43.self_attn.o_proj.weight,linear,attn,43,3840x4096,15728640,28,2.6007,10.6358,12.7512,12.7835,12.8066,12.9956,13.0282,13.0521,12.755,12.7869,12.8096,12.4639,12.5167,12.5551,11.606,11.61,11.6159,11.3832,11.3853,11.387,11.0027,11.0034,11.0039,10.8448,10.8474,10.8495,12.0945,12.1116,12.1246,12.4048,12.4469,12.4824,12.0985,12.1163,12.1297,11.7356,11.781,11.8155,11.7145,11.7182,11.7302,11.2966,11.2978,11.299,10.8996,10.8997,10.9001,10.7624,10.7639,10.7658,11.6653,11.6782,11.6876,12.3267,12.3593,12.3898,11.6724,11.6857,11.695,11.2995,11.3402,11.3725,11.8981,11.9014,11.9156,11.2611,11.2625,11.2635,10.8482,10.8483,10.8488,10.7232,10.724,10.7256
model.language_model.layers.43.self_attn.q_proj.weight,linear,attn,43,4096x3840,15728640,28,2.5995,10.6353,12.7542,12.754,12.8087,12.9854,12.9848,13.0419,12.7578,12.7576,12.8113,12.4552,12.4552,12.5498,11.5952,11.5952,11.6054,11.378,11.378,11.3806,11.0029,11.0029,11.0041,10.8441,10.8442,10.8487,12.0907,12.0908,12.1187,12.3793,12.3803,12.4543,12.0942,12.0943,12.1235,11.7258,11.7259,11.8084,11.6991,11.6993,11.7157,11.2885,11.2885,11.2898,10.9001,10.9001,10.9005,10.7629,10.763,10.766,11.6575,11.6576,11.6779,12.2986,12.2982,12.3644,11.664,11.6641,11.6852,11.2928,11.2926,11.3687,11.8847,11.8832,11.9042,11.2515,11.2513,11.2529,10.8488,10.8488,10.8492,10.7241,10.7241,10.7259
model.language_model.layers.43.self_attn.v_proj.weight,linear,attn,43,2048x3840,7864320,26,2.6142,10.6499,12.7889,12.7887,12.8182,13.0311,13.03,13.0737,12.7922,12.792,12.821,12.5249,12.5244,12.5759,11.6083,11.6082,11.6512,11.3844,11.3839,11.4028,11.023,11.023,11.0249,10.8534,10.8534,10.8623,12.1132,12.1135,12.1371,12.4521,12.453,12.5322,12.1181,12.1185,12.1417,11.7893,11.7898,11.8395,11.7199,11.7196,11.775,11.2963,11.2961,11.3159,10.9194,10.9195,10.9211,10.7696,10.7697,10.7779,11.6794,11.6796,11.7014,12.3592,12.3612,12.4416,11.6869,11.6874,11.7073,11.3484,11.3487,11.3982,11.9096,11.9095,11.9581,11.2609,11.2608,11.2794,10.8681,10.8681,10.8697,10.7295,10.7296,10.7371
model.language_model.layers.44.mlp.down_proj.weight,linear,mlp,44,3840x15360,58982400,32,2.5621,10.5905,12.7352,12.7355,12.7513,12.9837,12.9837,12.9957,12.741,12.7413,12.7571,12.445,12.4451,12.4656,11.6174,11.6178,11.6191,11.3862,11.3864,11.3868,10.9487,10.9487,10.9493,10.8302,10.8304,10.8317,12.0954,12.0956,12.1057,12.4288,12.4284,12.4528,12.0991,12.0992,12.1095,11.7332,11.7333,11.7541,11.7366,11.7371,11.7397,11.3077,11.3077,11.3078,10.8442,10.8442,10.8446,10.7478,10.7478,10.7489,11.6768,11.6768,11.6855,12.3704,12.371,12.3958,11.6835,11.6834,11.6923,11.3001,11.3001,11.3192,11.9195,11.9199,11.9228,11.2754,11.2754,11.2754,10.7925,10.7925,10.7926,10.7106,10.7106,10.7114
model.language_model.layers.44.mlp.gate_proj.weight,linear,mlp,44,15360x3840,58982400,32,2.5733,10.6038,12.7441,12.7443,12.7674,12.9795,12.9795,13.0126,12.7502,12.7503,12.7727,12.4441,12.444,12.4878,11.6264,11.6264,11.6291,11.3917,11.3917,11.3932,10.9638,10.9639,10.9659,10.8385,10.8385,10.843,12.099,12.0991,12.115,12.428,12.4291,12.4771,12.1022,12.1023,12.119,11.7353,11.7355,11.773,11.7475,11.7475,11.7506,11.3128,11.3128,11.3133,10.8602,10.8602,10.8612,10.7569,10.7568,10.7599,11.6782,11.6783,11.6923,12.3823,12.3822,12.4145,11.684,11.6841,11.699,11.3053,11.3053,11.3362,11.928,11.9278,11.9317,11.2803,11.2803,11.2806,10.8089,10.8089,10.8094,10.72,10.72,10.7224
model.language_model.layers.44.mlp.up_proj.weight,linear,mlp,44,15360x3840,58982400,31,2.5598,10.5908,12.7357,12.7355,12.7402,12.9979,12.998,13.0024,12.7408,12.7405,12.7451,12.4612,12.4613,12.4688,11.5975,11.5977,11.5981,11.3728,11.3727,11.3731,10.9378,10.9378,10.938,10.8157,10.8156,10.816,12.0954,12.0952,12.0983,12.4335,12.4338,12.4415,12.0997,12.0995,12.1027,11.7411,11.7411,11.7482,11.7106,11.7107,11.7113,11.2912,11.291,11.2911,10.8333,10.8333,10.8333,10.7326,10.7326,10.7328,11.6758,11.6758,11.6783,12.3581,12.3585,12.3645,11.6835,11.6835,11.6862,11.3028,11.303,11.309,11.8979,11.8988,11.8996,11.2575,11.2575,11.2575,10.7817,10.7817,10.7817,10.6949,10.695,10.6951
model.language_model.layers.44.self_attn.k_proj.weight,linear,attn,44,2048x3840,7864320,29,2.6181,10.6476,12.775,12.7747,12.839,13.0103,13.0099,13.0686,12.7791,12.779,12.8427,12.4929,12.4932,12.5885,11.6356,11.6351,11.6419,11.404,11.4039,11.4057,11.0345,11.0344,11.0361,10.8767,10.8766,10.8823,12.1087,12.1085,12.1457,12.438,12.4387,12.5337,12.1128,12.1128,12.1512,11.767,11.7674,11.8566,11.7518,11.7515,11.764,11.3214,11.3215,11.322,10.931,10.9309,10.9315,10.7931,10.793,10.7971,11.6772,11.6775,11.7078,12.3631,12.361,12.4415,11.6841,11.6843,11.7154,11.3304,11.3306,11.4117,11.9273,11.9285,11.9414,11.288,11.288,11.2885,10.8796,10.8796,10.8798,10.754,10.7541,10.7569
model.language_model.layers.44.self_attn.o_proj.weight,linear,attn,44,3840x4096,15728640,30,2.5955,10.6264,12.746,12.7797,12.7992,12.987,13.0238,13.0435,12.7506,12.7837,12.803,12.4545,12.5121,12.5422,11.6104,11.6131,11.6206,11.386,11.3871,11.3889,10.9923,10.9939,10.9946,10.8465,10.8495,10.8515,12.0928,12.1128,12.1252,12.4035,12.4563,12.4881,12.0966,12.1175,12.1304,11.7314,11.7826,11.811,11.7209,11.7269,11.7394,11.3024,11.3026,11.3041,10.8893,10.8898,10.8901,10.7638,10.7657,10.7674,11.6659,11.6823,11.6918,12.3295,12.3727,12.3993,11.6728,11.69,11.6997,11.2977,11.3422,11.3683,11.9032,11.9106,11.9284,11.2681,11.2686,11.27,10.8383,10.8384,10.8386,10.7254,10.7266,10.7281
model.language_model.layers.44.self_attn.q_proj.weight,linear,attn,44,4096x3840,15728640,29,2.6342,10.6657,12.7657,12.7651,12.8668,13.0068,13.0061,13.0882,12.77,12.7694,12.8702,12.483,12.482,12.6202,11.6512,11.6501,11.6611,11.4165,11.4162,11.4202,11.0696,11.0696,11.0713,10.9007,10.9005,10.9077,12.1059,12.1054,12.1592,12.4389,12.4381,12.5658,12.1098,12.1093,12.1649,11.7589,11.7583,11.888,11.7686,11.767,11.7862,11.3358,11.3359,11.3365,10.9661,10.966,10.9666,10.8165,10.8164,10.8215,11.6772,11.6768,11.719,12.3657,12.365,12.4713,11.6837,11.6835,11.7261,11.3227,11.3225,11.4424,11.9392,11.9379,11.9582,11.3025,11.3024,11.3036,10.9147,10.9147,10.9149,10.7773,10.7772,10.7808
model.language_model.layers.44.self_attn.v_proj.weight,linear,attn,44,2048x3840,7864320,28,2.6279,10.6599,12.8046,12.8047,12.8505,13.0297,13.0296,13.0842,12.8087,12.8087,12.8542,12.5294,12.5298,12.6004,11.6516,11.6527,11.6778,11.4133,11.413,11.4249,11.0546,11.0545,11.0562,10.893,10.893,10.8992,12.1238,12.1241,12.157,12.4716,12.4729,12.5762,12.1283,12.1287,12.1619,11.8023,11.8023,11.8736,11.7764,11.7775,11.8095,11.3316,11.3317,11.3429,10.9505,10.9505,10.9516,10.8082,10.8082,10.8138,11.689,11.6896,11.7217,12.395,12.3963,12.4885,11.6959,11.6962,11.7277,11.3639,11.3639,11.4307,11.9592,11.9582,11.9859,11.2992,11.2991,11.3095,10.899,10.899,10.8999,10.7688,10.7688,10.7739
model.language_model.layers.45.mlp.down_proj.weight,linear,mlp,45,3840x15360,58982400,33,2.5722,10.6008,12.74,12.7399,12.7687,12.9878,12.9879,13.0076,12.7455,12.7455,12.7741,12.4521,12.4522,12.4873,11.6213,11.6212,11.6232,11.3901,11.39,11.391,10.9659,10.9659,10.9668,10.8408,10.8409,10.8431,12.0966,12.0966,12.1136,12.4286,12.4285,12.4668,12.1004,12.1004,12.1177,11.7374,11.7377,11.7729,11.7396,11.7394,11.7443,11.311,11.3109,11.3111,10.8615,10.8615,10.862,10.758,10.758,10.76,11.676,11.6761,11.6898,12.365,12.3656,12.4052,11.6829,11.6829,11.6967,11.3032,11.3034,11.3363,11.9191,11.9195,11.9261,11.2785,11.2785,11.2786,10.81,10.81,10.8101,10.7207,10.7207,10.7221
model.language_model.layers.45.mlp.gate_proj.weight,linear,mlp,45,15360x3840,58982400,31,2.575,10.6072,12.7369,12.7369,12.7622,12.9904,12.9907,13.022,12.7424,12.7422,12.7666,12.4534,12.4537,12.4982,11.6076,11.6078,11.6116,11.3785,11.3787,11.3808,10.9583,10.9583,10.9599,10.8251,10.8251,10.8292,12.0957,12.0957,12.1097,12.4295,12.431,12.4672,12.0996,12.0996,12.1142,11.7375,11.7377,11.7732,11.7219,11.7226,11.7277,11.2964,11.2967,11.2976,10.8548,10.8548,10.8555,10.7425,10.7425,10.7461,11.6762,11.6763,11.6848,12.3631,12.3637,12.3862,11.6834,11.6834,11.6923,11.3019,11.302,11.333,11.9066,11.907,11.9131,11.2625,11.2626,11.2633,10.8034,10.8034,10.8039,10.7047,10.7047,10.7078
model.language_model.layers.45.mlp.up_proj.weight,linear,mlp,45,15360x3840,58982400,29,2.5607,10.5992,12.7407,12.7408,12.7463,12.9976,12.9977,13.0038,12.7444,12.7444,12.7498,12.4643,12.4643,12.4745,11.5777,11.5777,11.5786,11.3629,11.363,11.3632,10.9448,10.9448,10.945,10.8105,10.8106,10.811,12.0896,12.0894,12.0926,12.3996,12.3992,12.4074,12.0939,12.0937,12.097,11.7329,11.7326,11.7413,11.6808,11.6812,11.6824,11.2753,11.2753,11.2755,10.8411,10.8411,10.8412,10.7284,10.7284,10.7287,11.6626,11.6626,11.6647,12.3109,12.3103,12.3172,11.6706,11.6704,11.6726,11.2946,11.2944,11.3019,11.8713,11.8713,11.8731,11.2393,11.2393,11.2395,10.7898,10.7898,10.7899,10.6898,10.6899,10.6901
model.language_model.layers.45.self_attn.k_proj.weight,linear,attn,45,2048x3840,7864320,27,2.6343,10.6718,12.7633,12.7621,12.8764,12.9858,12.9843,13.084,12.768,12.767,12.8798,12.4588,12.4584,12.6146,11.6767,11.6761,11.6892,11.4364,11.4355,11.4424,11.0513,11.0513,11.0546,10.8739,10.8739,10.8864,12.1011,12.1011,12.1632,12.4124,12.4129,12.5741,12.1042,12.1043,12.1679,11.7411,11.7415,11.8875,11.7974,11.7983,11.8192,11.3587,11.3585,11.3625,10.9481,10.9482,10.9499,10.7914,10.7916,10.8011,11.6706,11.6709,11.7239,12.3526,12.3559,12.495,11.6762,11.6766,11.7292,11.311,11.3111,11.4455,11.9609,11.9597,11.9798,11.327,11.3265,11.3314,10.8972,10.8972,10.8977,10.7527,10.7528,10.7591
model.language_model.layers.45.self_attn.o_proj.weight,linear,attn,45,3840x4096,15728640,30,2.6024,10.6363,12.7515,12.7915,12.8106,12.9908,13.0354,13.0516,12.7561,12.7953,12.8141,12.4601,12.5297,12.5586,11.613,11.6148,11.6185,11.3869,11.3884,11.3894,11.0032,11.0053,11.006,10.8491,10.8536,10.8555,12.0961,12.1177,12.1284,12.4102,12.4653,12.4916,12.0998,12.1227,12.1338,11.7373,11.7967,11.8229,11.7257,11.728,11.7345,11.3027,11.3027,11.3031,10.9011,10.9016,10.9019,10.7669,10.7699,10.7713,11.6686,11.6848,11.6922,12.3394,12.3781,12.4002,11.6753,11.6923,11.6998,11.3027,11.3558,11.3789,11.9079,11.9103,11.9193,11.2681,11.2681,11.2688,10.8502,10.8503,10.8505,10.7282,10.7305,10.7314
model.language_model.layers.45.self_attn.q_proj.weight,linear,attn,45,4096x3840,15728640,27,2.641,10.6776,12.757,12.7572,12.8863,12.9874,12.9872,13.0923,12.7618,12.7621,12.8896,12.4592,12.4589,12.6307,11.672,11.6729,11.6879,11.4347,11.435,11.4413,11.0638,11.0638,11.0671,10.8814,10.8813,10.8949,12.0988,12.0994,12.1674,12.4127,12.414,12.5832,12.1022,12.1028,12.1723,11.74,11.7401,11.9016,11.7913,11.793,11.8163,11.3576,11.358,11.3604,10.9604,10.9605,10.9624,10.7981,10.7982,10.809,11.6708,11.6707,11.7266,12.3508,12.3502,12.4976,11.6768,11.6768,11.7324,11.3084,11.308,11.4577,11.9549,11.9548,11.9792,11.3257,11.3258,11.3288,10.9096,10.9096,10.9103,10.7592,10.7592,10.7666
model.language_model.layers.45.self_attn.v_proj.weight,linear,attn,45,2048x3840,7864320,26,2.6504,10.6863,12.8419,12.8417,12.8891,13.0514,13.0513,13.1186,12.8457,12.8452,12.8922,12.5703,12.57,12.6533,11.6744,11.6744,11.6919,11.4315,11.4317,11.438,11.0885,11.0884,11.0905,10.9133,10.9132,10.9188,12.1387,12.1381,12.1752,12.4997,12.4973,12.6168,12.1432,12.1426,12.181,11.8391,11.8385,11.9186,11.8016,11.8002,11.8242,11.3501,11.3498,11.3556,10.985,10.9849,10.9858,10.8279,10.8279,10.8322,11.6965,11.6965,11.735,12.4244,12.4237,12.5088,11.7023,11.7022,11.7412,11.401,11.4009,11.4705,11.9674,11.967,11.9923,11.3176,11.3175,11.3225,10.9336,10.9336,10.9341,10.7875,10.7875,10.7912
model.language_model.layers.46.mlp.down_proj.weight,linear,mlp,46,3840x15360,58982400,30,2.5731,10.6023,12.7542,12.7543,12.7686,12.9986,12.9982,13.0097,12.7596,12.7598,12.7739,12.4698,12.4698,12.4888,11.6222,11.6222,11.6248,11.3904,11.3903,11.3914,10.9666,10.9666,10.9672,10.8415,10.8416,10.8433,12.105,12.1051,12.1141,12.4477,12.4476,12.4702,12.1089,12.1091,12.1182,11.7548,11.7549,11.7738,11.7413,11.7419,11.746,11.3107,11.3107,11.3113,10.8621,10.8621,10.8624,10.7585,10.7585,10.7601,11.6828,11.6829,11.6906,12.3851,12.3864,12.408,11.6897,11.6897,11.6975,11.3195,11.3196,11.337,11.9233,11.9236,11.9282,11.2781,11.2782,11.2787,10.8105,10.8105,10.8106,10.721,10.721,10.7222
model.language_model.layers.46.mlp.gate_proj.weight,linear,mlp,46,15360x3840,58982400,31,2.5754,10.6055,12.7454,12.7456,12.7736,12.9743,12.9744,13.0133,12.7514,12.7514,12.7789,12.4393,12.4394,12.492,11.6286,11.6288,11.6302,11.3938,11.3941,11.395,10.9689,10.969,10.9716,10.8428,10.8428,10.8476,12.0967,12.0968,12.1174,12.4141,12.4144,12.4775,12.0997,12.0998,12.1215,11.7294,11.7295,11.7771,11.7497,11.7502,11.7523,11.3147,11.3147,11.3149,10.8655,10.8656,10.8669,10.7612,10.7613,10.7647,11.6734,11.6734,11.693,12.3684,12.3685,12.4161,11.6788,11.6789,11.6997,11.3009,11.3009,11.3401,11.9299,11.93,11.933,11.2822,11.2822,11.2822,10.8146,10.8145,10.8149,10.7246,10.7245,10.727
model.language_model.layers.46.mlp.up_proj.weight,linear,mlp,46,15360x3840,58982400,30,2.5621,10.5957,12.7347,12.7348,12.7445,12.9942,12.9944,13.0059,12.7395,12.7394,12.749,12.4575,12.4575,12.4753,11.5917,11.5919,11.5924,11.37,11.3701,11.3703,10.9418,10.9418,10.9424,10.8149,10.8149,10.8157,12.0917,12.0918,12.0979,12.418,12.4182,12.4353,12.0959,12.096,12.1025,11.7344,11.7344,11.7503,11.7014,11.7021,11.7026,11.2866,11.2866,11.2866,10.8378,10.8378,10.838,10.7321,10.7322,10.7327,11.6701,11.6701,11.6752,12.3395,12.3395,12.3522,11.6778,11.6778,11.6833,11.2968,11.2967,11.3105,11.8906,11.8902,11.8914,11.2525,11.2525,11.2524,10.7864,10.7865,10.7865,10.6943,10.6943,10.6946
model.language_model.layers.46.self_attn.k_proj.weight,linear,attn,46,2048x3840,7864320,28,2.6834,10.7189,12.7736,12.7731,12.9471,12.9973,12.9989,13.1566,12.778,12.7775,12.9493,12.4758,12.4757,12.7212,11.7248,11.7238,11.7448,11.4764,11.4767,11.4866,11.1419,11.142,11.1459,10.9059,10.9059,10.9228,12.1066,12.1064,12.1978,12.4271,12.4288,12.6678,12.1098,12.1096,12.2027,11.7541,11.7545,11.9813,11.8484,11.8461,11.8764,11.4025,11.4018,11.4085,11.0393,11.0393,11.0412,10.8224,10.8223,10.8339,11.6739,11.674,11.7532,12.3626,12.3649,12.556,11.6794,11.6794,11.7575,11.3223,11.3227,11.5336,11.992,11.9911,12.0171,11.3704,11.3699,11.3775,10.9885,10.9886,10.9891,10.7815,10.7816,10.7881
model.language_model.layers.46.self_attn.o_proj.weight,linear,attn,46,3840x4096,15728640,29,2.6174,10.6482,12.747,12.7897,12.8422,12.9781,13.0241,13.0668,12.752,12.7939,12.8461,12.4443,12.5167,12.5866,11.6367,11.64,11.6455,11.4062,11.4076,11.409,11.0389,11.0406,11.0417,10.8819,10.8862,10.8898,12.0926,12.1167,12.147,12.3946,12.4601,12.5357,12.096,12.1211,12.1524,11.7245,11.7891,11.8566,11.7522,11.7586,11.7683,11.3251,11.3257,11.3256,10.9361,10.9367,10.937,10.799,10.802,10.8047,11.6644,11.6842,11.7094,12.3287,12.3823,12.447,11.6706,11.6911,11.7168,11.2935,11.3506,11.4117,11.9271,11.9335,11.9451,11.2919,11.2924,11.2926,10.8851,10.8853,10.8853,10.761,10.7629,10.7648
model.language_model.layers.46.self_attn.q_proj.weight,linear,attn,46,4096x3840,15728640,27,2.6472,10.6918,12.7595,12.7585,12.8999,12.9888,12.9888,13.098,12.7639,12.7632,12.9027,12.4607,12.4606,12.6418,11.6984,11.697,11.7118,11.4353,11.4346,11.4591,11.0761,11.0761,11.0799,10.8786,10.8784,10.891,12.0992,12.0992,12.1704,12.4114,12.4112,12.5866,12.1026,12.1027,12.1749,11.7397,11.7398,11.9099,11.8213,11.819,11.842,11.3555,11.3552,11.3782,10.9723,10.9723,10.9754,10.7952,10.795,10.8048,11.6694,11.6696,11.7272,12.3458,12.3465,12.5093,11.6755,11.6757,11.7318,11.3074,11.3075,11.4679,11.9753,11.9734,11.9961,11.3293,11.329,11.3465,10.9216,10.9216,10.9232,10.7547,10.7547,10.7609
model.language_model.layers.46.self_attn.v_proj.weight,linear,attn,46,2048x3840,7864320,29,2.6506,10.6866,12.8604,12.8589,12.8935,13.0732,13.0736,13.1152,12.8639,12.8627,12.8968,12.5994,12.5994,12.6517,11.6887,11.6878,11.6987,11.4411,11.4408,11.4456,11.0827,11.0826,11.0844,10.9047,10.9044,10.9111,12.1522,12.1519,12.1772,12.5434,12.5424,12.6189,12.1571,12.1566,12.1825,11.8694,11.869,11.9199,11.8156,11.8164,11.8302,11.3602,11.3605,11.3646,10.9788,10.9787,10.9797,10.8198,10.8197,10.8251,11.7125,11.7125,11.7371,12.4607,12.4632,12.5182,11.7181,11.7182,11.7428,11.429,11.4292,11.4736,11.9777,11.9781,11.991,11.3283,11.3282,11.3319,10.9273,10.9272,10.9277,10.7792,10.7792,10.7832
model.language_model.layers.47.mlp.down_proj.weight,linear,mlp,47,3840x15360,58982400,31,2.6202,10.6511,12.821,12.8207,12.8497,13.0467,13.0466,13.0669,12.8253,12.8249,12.8537,12.5539,12.5535,12.5896,11.6523,11.6522,11.658,11.4163,11.4164,11.4187,11.0448,11.0448,11.0452,10.8874,10.8874,10.8911,12.1368,12.1366,12.1509,12.5129,12.5114,12.543,12.1415,12.1413,12.156,11.8295,11.8291,11.8627,11.7741,11.7737,11.7836,11.3355,11.3355,11.3369,10.9402,10.9402,10.9405,10.8027,10.8027,10.8058,11.7033,11.7032,11.7138,12.4365,12.4358,12.4626,11.7101,11.71,11.7206,11.3885,11.3884,11.4196,11.9475,11.9478,11.9569,11.3032,11.3032,11.3048,10.8885,10.8885,10.8886,10.7632,10.7632,10.7654
model.language_model.layers.47.mlp.gate_proj.weight,linear,mlp,47,15360x3840,58982400,29,2.585,10.6156,12.7463,12.746,12.7908,12.981,12.9807,13.0249,12.7513,12.7512,12.7957,12.4469,12.4463,12.515,11.628,11.6278,11.6303,11.396,11.3959,11.3968,10.9864,10.9864,10.9891,10.8541,10.8541,10.8588,12.0945,12.0943,12.1244,12.4068,12.4063,12.4875,12.0978,12.0977,12.1289,11.7296,11.7293,11.796,11.7469,11.7467,11.7515,11.3158,11.3158,11.3157,10.8828,10.8828,10.8844,10.7715,10.7716,10.7751,11.6686,11.6686,11.6959,12.3453,12.3456,12.4191,11.6747,11.6747,11.7029,11.2981,11.298,11.3566,11.9255,11.9253,11.9322,11.2831,11.2831,11.2831,10.8322,10.8321,10.8325,10.7347,10.7347,10.7369
model.language_model.layers.47.mlp.up_proj.weight,linear,mlp,47,15360x3840,58982400,30,2.5861,10.6165,12.7517,12.7517,12.7859,12.9958,12.9958,13.0311,12.7563,12.7562,12.7901,12.4676,12.4673,12.5239,11.6073,11.6075,11.6094,11.3825,11.3825,11.3834,10.9786,10.9786,10.9801,10.8403,10.8402,10.8429,12.0978,12.0979,12.1182,12.419,12.4193,12.472,12.1019,12.1018,12.1233,11.7444,11.7441,11.7952,11.7198,11.7203,11.7238,11.299,11.2992,11.2989,10.8752,10.8752,10.8756,10.7573,10.7573,10.7592,11.6714,11.6714,11.6873,12.3449,12.3459,12.3858,11.6785,11.6786,11.6954,11.3084,11.3083,11.353,11.9035,11.9046,11.9089,11.265,11.2651,11.2649,10.824,10.824,10.824,10.719,10.719,10.7203
model.language_model.layers.47.self_attn.k_proj.weight,linear,attn,47,512x3840,1966080,25,2.5774,10.6173,12.781,12.7827,12.8004,12.9782,12.9774,12.9934,12.7858,12.7879,12.805,12.4595,12.4594,12.4837,11.672,11.6705,11.6766,11.4088,11.4078,11.4118,10.9624,10.9622,10.9629,10.8262,10.8259,10.8293,12.1072,12.1062,12.1161,12.4108,12.407,12.4314,12.1094,12.1087,12.1186,11.7466,11.7472,11.7692,11.7999,11.8005,11.8035,11.317,11.3164,11.3189,10.8589,10.8588,10.8591,10.7461,10.7459,10.7485,11.6713,11.6707,11.6788,12.3733,12.3734,12.3931,11.675,11.6747,11.6828,11.322,11.3218,11.3429,11.9713,11.9698,11.9732,11.2744,11.2739,11.2769,10.8068,10.8067,10.8069,10.7075,10.7074,10.7093
model.language_model.layers.47.self_attn.o_proj.weight,linear,attn,47,3840x8192,31457280,31,2.6025,10.6512,12.7851,12.8126,12.8378,12.9843,13.0011,13.027,12.7895,12.8165,12.8414,12.4724,12.5018,12.537,11.6987,11.7013,11.7048,11.4173,11.4221,11.4279,11.0037,11.0044,11.0056,10.8427,10.8455,10.8492,12.104,12.1177,12.1344,12.3992,12.4293,12.4792,12.1068,12.1204,12.1371,11.7519,11.7803,11.8154,11.8273,11.8317,11.8373,11.322,11.3267,11.3323,10.9004,10.901,10.902,10.7616,10.7641,10.7672,11.6659,11.6754,11.6911,12.3418,12.3809,12.4323,11.6708,11.6796,11.6948,11.3253,11.3524,11.3851,11.9841,11.988,11.9946,11.2788,11.283,11.2879,10.8489,10.8492,10.8497,10.722,10.7237,10.7258
model.language_model.layers.47.self_attn.q_proj.weight,linear,attn,47,8192x3840,31457280,30,2.5996,10.6346,12.765,12.7649,12.8281,12.9798,12.9792,13.0266,12.7704,12.7703,12.8324,12.4544,12.4545,12.5351,11.6661,11.6659,11.6729,11.4159,11.4158,11.427,11.0,11.0,11.0017,10.8481,10.8481,10.855,12.1027,12.1026,12.1352,12.4139,12.4143,12.4928,12.1055,12.1054,12.1386,11.7417,11.7418,11.8185,11.7904,11.7901,11.8013,11.3362,11.3362,11.3461,10.896,10.896,10.8973,10.7665,10.7665,10.7723,11.6729,11.6729,11.6984,12.3665,12.3671,12.4446,11.6781,11.6781,11.7032,11.3138,11.3137,11.3855,11.9573,11.9576,11.9692,11.3053,11.3054,11.3135,10.8443,10.8444,10.8451,10.7277,10.7277,10.7318
model.language_model.layers.5.mlp.down_proj.weight,linear,mlp,5,3840x15360,58982400,31,2.5969,10.6271,12.7814,12.7816,12.8156,13.0088,13.0093,13.0341,12.7864,12.7865,12.8202,12.4919,12.4921,12.534,11.6505,11.6502,11.6558,11.4126,11.4127,11.4147,10.9995,10.9995,11.0004,10.8578,10.8578,10.8615,12.1164,12.1164,12.1355,12.4631,12.4633,12.5073,12.12,12.1201,12.1395,11.7754,11.7754,11.8163,11.7739,11.7732,11.7825,11.3337,11.3336,11.3344,10.8952,10.8952,10.8958,10.775,10.7749,10.7783,11.6879,11.6879,11.7032,12.407,12.4069,12.4475,11.6937,11.6938,11.7092,11.3412,11.3413,11.3791,11.9478,11.9469,11.9575,11.3018,11.3017,11.3024,10.8434,10.8434,10.8436,10.7362,10.7362,10.7388
model.language_model.layers.5.mlp.gate_proj.weight,linear,mlp,5,15360x3840,58982400,32,2.5949,10.6264,12.7589,12.7588,12.7982,12.9927,12.993,13.0439,12.7637,12.7638,12.8021,12.4662,12.4664,12.541,11.618,11.6179,11.6207,11.3879,11.3878,11.3895,10.9901,10.9902,10.9926,10.8469,10.8469,10.8512,12.1014,12.1015,12.125,12.4239,12.4245,12.4911,12.105,12.105,12.1302,11.7471,11.7472,11.8102,11.7339,11.7334,11.7373,11.3043,11.3043,11.3045,10.8875,10.8875,10.8883,10.7644,10.7644,10.7675,11.6739,11.674,11.6924,12.3595,12.3611,12.4047,11.6802,11.6803,11.7,11.3139,11.314,11.3675,11.915,11.9156,11.9211,11.2699,11.27,11.2702,10.8364,10.8365,10.8367,10.7261,10.726,10.7285
model.language_model.layers.5.mlp.up_proj.weight,linear,mlp,5,15360x3840,58982400,30,2.5829,10.6185,12.7628,12.7627,12.7785,13.0082,13.0082,13.0286,12.7671,12.7668,12.7822,12.4863,12.4862,12.5178,11.6012,11.6015,11.6025,11.3775,11.3777,11.3782,10.9745,10.9746,10.9757,10.8332,10.8332,10.8352,12.104,12.1038,12.1125,12.435,12.4342,12.4575,12.1083,12.1081,12.1175,11.7601,11.7599,11.7857,11.7125,11.7131,11.7139,11.2923,11.2923,11.2922,10.8713,10.8713,10.8717,10.7504,10.7503,10.7518,11.6758,11.6757,11.6812,12.3563,12.3569,12.3693,11.6832,11.6831,11.6892,11.3223,11.3222,11.3439,11.8992,11.8997,11.9009,11.2574,11.2576,11.2575,10.8202,10.8202,10.8203,10.7116,10.7116,10.7127
model.language_model.layers.5.self_attn.k_proj.weight,linear,attn,5,512x3840,1966080,24,2.5933,10.6244,12.7633,12.7613,12.7984,13.0029,13.0016,13.0433,12.7686,12.7667,12.8027,12.4763,12.4761,12.5308,11.6343,11.6338,11.6525,11.4003,11.4004,11.41,10.9951,10.9953,10.9964,10.8545,10.8543,10.862,12.1101,12.109,12.1327,12.4596,12.4579,12.5209,12.114,12.1127,12.1374,11.7619,11.7616,11.8112,11.7554,11.7529,11.7768,11.3207,11.3207,11.3296,10.8909,10.8909,10.8915,10.7721,10.7718,10.7784,11.6867,11.687,11.7072,12.3971,12.4041,12.4528,11.6932,11.6934,11.7138,11.3267,11.3272,11.3714,11.9328,11.9339,11.9515,11.2877,11.2886,11.298,10.8392,10.8392,10.8397,10.7346,10.7343,10.7398
model.language_model.layers.5.self_attn.o_proj.weight,linear,attn,5,3840x8192,31457280,30,2.611,10.6419,12.7881,12.8084,12.8311,13.0123,13.0328,13.0572,12.7927,12.8128,12.8353,12.5048,12.535,12.5691,11.6435,11.6469,11.6509,11.4087,11.4098,11.4114,11.03,11.0313,11.0324,10.879,10.8821,10.8849,12.1154,12.1292,12.1437,12.4558,12.4911,12.5302,12.1194,12.1338,12.1486,11.7851,11.8127,11.8443,11.7647,11.7699,11.776,11.3281,11.3284,11.3293,10.9264,10.9271,10.9277,10.7954,10.7981,10.8001,11.6857,11.6964,11.709,12.3934,12.4211,12.4524,11.6921,11.7031,11.7159,11.3529,11.3739,11.4023,11.9409,11.9447,11.9519,11.2956,11.2957,11.2968,10.8754,10.8756,10.8759,10.7576,10.7589,10.7605
model.language_model.layers.5.self_attn.q_proj.weight,linear,attn,5,8192x3840,31457280,32,2.5898,10.625,12.7503,12.7501,12.7822,12.9996,12.9992,13.0421,12.7546,12.7544,12.7859,12.4696,12.4696,12.5267,11.6069,11.6072,11.6294,11.3806,11.3806,11.3893,10.9816,10.9817,10.9834,10.8351,10.8352,10.8408,12.0976,12.0977,12.1197,12.4227,12.4221,12.4926,12.1016,12.1017,12.1243,11.7451,11.7451,11.7973,11.7204,11.7206,11.7506,11.296,11.296,11.3045,10.8784,10.8784,10.8793,10.7525,10.7526,10.7574,11.6715,11.6713,11.691,12.3454,12.3455,12.4075,11.6787,11.6786,11.698,11.3082,11.3083,11.3568,11.9113,11.9115,11.9377,11.2612,11.2611,11.269,10.8272,10.8272,10.8278,10.7141,10.7141,10.7182
model.language_model.layers.6.mlp.down_proj.weight,linear,mlp,6,3840x15360,58982400,32,2.5893,10.6317,12.7731,12.7732,12.7971,13.0023,13.0021,13.0263,12.7761,12.7761,12.7995,12.4837,12.4837,12.5252,11.5913,11.5911,11.6025,11.3738,11.374,11.3765,10.9947,10.9947,10.9954,10.8363,10.8363,10.8409,12.0991,12.0992,12.1108,12.3969,12.3969,12.4285,12.1029,12.103,12.1149,11.7488,11.7488,11.7851,11.6951,11.6941,11.7131,11.2812,11.2811,11.2835,10.8919,10.8919,10.8922,10.756,10.756,10.7598,11.6619,11.6618,11.6699,12.3135,12.3132,12.3439,11.6685,11.6685,11.6765,11.3142,11.3141,11.3482,11.8833,11.8825,11.9061,11.2429,11.2429,11.2451,10.8406,10.8406,10.8408,10.7173,10.7173,10.7201
model.language_model.layers.6.mlp.gate_proj.weight,linear,mlp,6,15360x3840,58982400,30,2.6243,10.6599,12.7584,12.7582,12.8414,12.9898,12.9897,13.0812,12.763,12.7629,12.8437,12.4611,12.4612,12.5999,11.6392,11.6393,11.6559,11.3999,11.3998,11.4063,11.0345,11.0346,11.0371,10.8656,10.8655,10.8723,12.0995,12.0994,12.1418,12.4154,12.4148,12.5289,12.1029,12.1028,12.1464,11.7411,11.7409,11.8578,11.7516,11.7514,11.7786,11.3124,11.3123,11.3162,10.932,10.932,10.9335,10.7842,10.7841,10.7891,11.6709,11.6708,11.6999,12.3518,12.3496,12.4402,11.6768,11.6769,11.7055,11.3088,11.3088,11.4168,11.9252,11.9241,11.9533,11.2751,11.2749,11.278,10.8806,10.8805,10.8819,10.7447,10.7447,10.748
model.language_model.layers.6.mlp.up_proj.weight,linear,mlp,6,15360x3840,58982400,30,2.5822,10.6219,12.7653,12.765,12.7846,13.0022,13.0018,13.0212,12.7688,12.7685,12.7872,12.4806,12.4803,12.5136,11.5904,11.5902,11.5922,11.3708,11.3709,11.3723,10.98,10.9799,10.9806,10.8306,10.8305,10.8326,12.0983,12.0984,12.1061,12.4063,12.4065,12.4223,12.1023,12.1024,12.1105,11.7491,11.7491,11.7744,11.6956,11.6959,11.6984,11.2801,11.2801,11.2805,10.877,10.877,10.8771,10.7496,10.7497,10.7509,11.6652,11.6653,11.6682,12.323,12.3226,12.3343,11.6722,11.6723,11.6753,11.3133,11.3132,11.3364,11.8836,11.8835,11.8876,11.2426,11.2426,11.2429,10.8257,10.8257,10.8258,10.7107,10.7107,10.7115
model.language_model.layers.6.self_attn.k_proj.weight,linear,attn,6,2048x3840,7864320,27,2.6567,10.6918,12.7708,12.7699,12.8902,12.9966,12.9963,13.1264,12.7752,12.7745,12.8925,12.4723,12.4722,12.6711,11.6641,11.6631,11.6811,11.417,11.4167,11.4245,11.0894,11.0893,11.0918,10.8966,10.8964,10.9076,12.1055,12.1051,12.1676,12.4278,12.4271,12.5957,12.1088,12.1085,12.1732,11.7515,11.7513,11.9234,11.783,11.7815,11.8083,11.331,11.3307,11.3364,10.9868,10.9868,10.988,10.8139,10.8137,10.8219,11.6746,11.6741,11.7213,12.3697,12.3645,12.4858,11.6801,11.6798,11.7271,11.32,11.3193,11.4769,11.9536,11.9503,11.9783,11.2948,11.2944,11.2997,10.9352,10.9351,10.9365,10.7733,10.7732,10.7794
model.language_model.layers.6.self_attn.o_proj.weight,linear,attn,6,3840x4096,15728640,29,2.6055,10.6407,12.7456,12.7611,12.8044,12.9928,13.0122,13.0673,12.7503,12.7654,12.8079,12.4608,12.4894,12.5592,11.6174,11.6192,11.6587,11.3908,11.3921,11.4054,11.0034,11.0043,11.0065,10.846,10.8481,10.856,12.0959,12.1052,12.1352,12.4183,12.4448,12.5398,12.0999,12.1098,12.1396,11.7394,11.7637,11.8288,11.7288,11.7317,11.7852,11.3071,11.308,11.3209,10.9002,10.9005,10.9023,10.7633,10.7649,10.7721,11.6713,11.6791,11.7049,12.346,12.3665,12.452,11.6785,11.6867,11.7108,11.3036,11.3246,11.3871,11.9154,11.9183,11.9632,11.2729,11.2737,11.2847,10.8491,10.8494,10.8507,10.7251,10.7267,10.7322
model.language_model.layers.6.self_attn.q_proj.weight,linear,attn,6,4096x3840,15728640,27,2.6183,10.6532,12.7605,12.7606,12.8274,12.9978,12.9972,13.0748,12.7646,12.7646,12.8302,12.4713,12.4707,12.5859,11.6202,11.6206,11.6505,11.3918,11.3918,11.403,11.0269,11.0269,11.0286,10.8589,10.8589,10.8667,12.0996,12.0994,12.1387,12.4133,12.4153,12.5288,12.1033,12.103,12.1434,11.7449,11.7451,11.8473,11.7329,11.7341,11.7745,11.305,11.3052,11.3155,10.924,10.924,10.925,10.777,10.777,10.7828,11.6689,11.6692,11.7008,12.3394,12.3407,12.4371,11.6753,11.6755,11.707,11.3107,11.3108,11.4059,11.9185,11.9203,11.9563,11.2689,11.2693,11.2785,10.8728,10.8728,10.8735,10.7377,10.7378,10.7422
model.language_model.layers.6.self_attn.v_proj.weight,linear,attn,6,2048x3840,7864320,27,2.5992,10.6349,12.7825,12.7839,12.8005,13.0242,13.0264,13.0504,12.786,12.7874,12.8035,12.5177,12.5195,12.5485,11.602,11.6022,11.6241,11.3792,11.3797,11.388,11.0004,11.0005,11.0012,10.8432,10.8433,10.8474,12.1098,12.1108,12.1234,12.4417,12.4423,12.4861,12.1148,12.1157,12.1282,11.7826,11.7839,11.8112,11.7128,11.7126,11.7419,11.2913,11.2915,11.3003,10.8968,10.8968,10.8975,10.7599,10.76,10.7639,11.6759,11.676,11.6879,12.3534,12.3526,12.3983,11.6839,11.6841,11.695,11.3417,11.3421,11.37,11.9051,11.9049,11.9304,11.2562,11.256,11.2644,10.8455,10.8455,10.8461,10.7203,10.7202,10.7238
model.language_model.layers.7.mlp.down_proj.weight,linear,mlp,7,3840x15360,58982400,31,2.6,10.6412,12.7868,12.7869,12.8126,13.0118,13.012,13.0382,12.7896,12.7897,12.8149,12.5024,12.5026,12.5468,11.6017,11.6018,11.6125,11.3789,11.3789,11.3824,11.0107,11.0108,11.0114,10.8481,10.8481,10.8512,12.1052,12.1052,12.1181,12.4105,12.4106,12.4469,12.109,12.1091,12.1224,11.766,11.7661,11.805,11.7099,11.7094,11.7254,11.286,11.286,11.2893,10.9079,10.9079,10.9082,10.7674,10.7673,10.7697,11.6656,11.6657,11.6751,12.3273,12.3273,12.3613,11.6721,11.6722,11.6816,11.3308,11.3309,11.3675,11.9012,11.901,11.9165,11.2476,11.2478,11.2509,10.8565,10.8565,10.8568,10.7278,10.7278,10.7294
model.language_model.layers.7.mlp.gate_proj.weight,linear,mlp,7,15360x3840,58982400,29,2.6508,10.6863,12.7465,12.7468,12.8822,12.9722,12.9725,13.1158,12.7516,12.7518,12.8846,12.4355,12.4358,12.658,11.6555,11.6556,11.6726,11.4131,11.4133,11.4203,11.0788,11.0788,11.0821,10.8942,10.8942,10.9034,12.0916,12.0918,12.1625,12.388,12.3887,12.5796,12.0945,12.0948,12.1679,11.7182,11.7184,11.9117,11.771,11.7713,11.7977,11.3277,11.3278,11.3316,10.9766,10.9767,10.9785,10.8121,10.8121,10.8186,11.663,11.663,11.7163,12.3277,12.328,12.4755,11.6686,11.6686,11.7221,11.2893,11.2893,11.4664,11.9384,11.9385,11.9654,11.2917,11.2918,11.2945,10.9251,10.9251,10.9269,10.7719,10.772,10.7765
model.language_model.layers.7.mlp.up_proj.weight,linear,mlp,7,15360x3840,58982400,29,2.5813,10.6184,12.7541,12.7544,12.7794,12.9947,12.9945,13.0237,12.7581,12.7584,12.7824,12.4667,12.4664,12.5136,11.5919,11.5915,11.5941,11.3714,11.3715,11.3729,10.9741,10.974,10.9748,10.8282,10.8282,10.8306,12.095,12.0952,12.1067,12.4043,12.404,12.432,12.0988,12.0991,12.1113,11.7392,11.7392,11.7759,11.6992,11.6984,11.702,11.283,11.2828,11.2831,10.871,10.871,10.8712,10.747,10.7469,10.7483,11.6655,11.6655,11.6716,12.3253,12.3251,12.3431,11.6724,11.6724,11.679,11.3041,11.304,11.3364,11.8874,11.8865,11.891,11.2463,11.2462,11.2464,10.8197,10.8197,10.8198,10.7083,10.7083,10.709
model.language_model.layers.7.self_attn.k_proj.weight,linear,attn,7,2048x3840,7864320,26,2.6587,10.6946,12.7593,12.7591,12.8935,12.9903,12.9921,13.1317,12.7636,12.7635,12.896,12.4615,12.462,12.6767,11.6615,11.6617,11.6836,11.418,11.4178,11.4281,11.095,11.0951,11.0975,10.8979,10.8978,10.9108,12.1002,12.1008,12.1714,12.4155,12.4192,12.6074,12.1036,12.1042,12.1773,11.7412,11.7421,11.9293,11.7772,11.7787,11.8114,11.3328,11.3328,11.3408,10.9923,10.9924,10.9938,10.8149,10.8151,10.8247,11.6713,11.6719,11.7259,12.352,12.3575,12.4932,11.6774,11.6778,11.7319,11.3091,11.3094,11.4814,11.9445,11.9467,11.9778,11.2965,11.2967,11.3046,10.9407,10.9408,10.9422,10.7745,10.7748,10.7822
model.language_model.layers.7.self_attn.o_proj.weight,linear,attn,7,3840x4096,15728640,28,2.5969,10.6342,12.7466,12.7553,12.7927,12.994,13.0044,13.0529,12.7511,12.7596,12.7961,12.4627,12.4783,12.5422,11.6038,11.6056,11.6374,11.3813,11.3821,11.3935,10.9937,10.9943,10.9962,10.8379,10.8392,10.8463,12.0942,12.0999,12.1251,12.41,12.4256,12.5068,12.0984,12.1042,12.1298,11.7377,11.7512,11.8099,11.7135,11.7171,11.7596,11.2959,11.2967,11.3081,10.8907,10.8911,10.8923,10.7552,10.7565,10.7626,11.6681,11.6725,11.6943,12.3321,12.3455,12.4199,11.6756,11.68,11.7008,11.3016,11.3133,11.3689,11.9041,11.9085,11.9446,11.261,11.2617,11.2723,10.8399,10.8401,10.8409,10.7168,10.718,10.7227
model.language_model.layers.7.self_attn.q_proj.weight,linear,attn,7,4096x3840,15728640,29,2.6065,10.6428,12.7509,12.7504,12.8072,12.9897,12.9893,13.0646,12.7552,12.755,12.8105,12.4589,12.4587,12.5611,11.6113,11.6102,11.6472,11.3859,11.3855,11.3997,11.0076,11.0076,11.011,10.8467,10.8464,10.8562,12.0949,12.0952,12.1324,12.4068,12.4057,12.5236,12.0985,12.099,12.137,11.7357,11.7354,11.8276,11.7229,11.7223,11.7707,11.3002,11.3001,11.3136,10.9055,10.9055,10.9073,10.7645,10.7644,10.7725,11.6673,11.6674,11.6993,12.3369,12.3352,12.4328,11.6739,11.6742,11.7052,11.3018,11.3018,11.3863,11.912,11.9115,11.9533,11.265,11.2648,11.2774,10.8549,10.8549,10.8558,10.7261,10.7261,10.7326
model.language_model.layers.7.self_attn.v_proj.weight,linear,attn,7,2048x3840,7864320,24,2.5937,10.6304,12.7706,12.7709,12.7896,13.019,13.0173,13.0464,12.7745,12.7748,12.793,12.5048,12.504,12.5366,11.6015,11.6011,11.626,11.3786,11.3788,11.3884,10.9921,10.9922,10.9931,10.8384,10.8388,10.8434,12.1063,12.1068,12.121,12.4398,12.4386,12.4897,12.1112,12.1117,12.1259,11.7732,11.7728,11.8032,11.713,11.7132,11.7465,11.2922,11.2923,11.3023,10.8884,10.8886,10.8894,10.7551,10.7554,10.7597,11.6759,11.6762,11.6892,12.353,12.3535,12.4029,11.684,11.6843,11.6962,11.3323,11.3324,11.3618,11.9049,11.9055,11.9342,11.2571,11.2573,11.2667,10.8372,10.8373,10.838,10.716,10.716,10.7199
model.language_model.layers.8.mlp.down_proj.weight,linear,mlp,8,3840x15360,58982400,30,2.6184,10.6505,12.8066,12.8066,12.8509,13.0301,13.0304,13.0602,12.811,12.811,12.8549,12.5295,12.5295,12.5812,11.661,11.6612,11.6682,11.4229,11.423,11.4257,11.0326,11.0326,11.0335,10.8737,10.8736,10.8788,12.127,12.1272,12.1506,12.4854,12.4861,12.5397,12.1312,12.1314,12.1553,11.8068,11.8069,11.8578,11.7842,11.7844,11.796,11.3436,11.3439,11.3447,10.9282,10.9282,10.9288,10.7897,10.7896,10.7942,11.6942,11.6943,11.7132,12.4184,12.4188,12.4687,11.7006,11.7006,11.7193,11.3694,11.3694,11.4172,11.9533,11.9539,11.9676,11.3118,11.312,11.313,10.8765,10.8765,10.8767,10.7499,10.7499,10.7534
model.language_model.layers.8.mlp.gate_proj.weight,linear,mlp,8,15360x3840,58982400,29,2.634,10.6704,12.7614,12.7614,12.8705,12.9851,12.9854,13.092,12.7659,12.766,12.874,12.4578,12.4579,12.62,11.6609,11.6604,11.669,11.4219,11.4218,11.4251,11.0555,11.0555,11.0589,10.8899,10.8899,10.8973,12.0988,12.0986,12.1626,12.4045,12.4036,12.576,12.102,12.1018,12.1682,11.7374,11.7371,11.8872,11.7814,11.7811,11.795,11.3413,11.3413,11.342,10.9531,10.9531,10.9543,10.8062,10.8062,10.8115,11.6676,11.6674,11.7226,12.3415,12.3395,12.4819,11.6734,11.6732,11.7293,11.3064,11.3062,11.4407,11.9485,11.9479,11.9646,11.3083,11.3082,11.3092,10.902,10.902,10.9026,10.7673,10.7672,10.7711
model.language_model.layers.8.mlp.up_proj.weight,linear,mlp,8,15360x3840,58982400,30,2.5916,10.6206,12.7682,12.7678,12.8036,12.9985,12.9979,13.0299,12.7734,12.7729,12.8084,12.4753,12.4745,12.5267,11.6365,11.6363,11.6408,11.403,11.4031,11.4047,11.0005,11.0005,11.0022,10.8619,10.8619,10.8674,12.1091,12.1088,12.13,12.4439,12.4439,12.4979,12.1127,12.1123,12.1344,11.7596,11.7593,11.8082,11.7571,11.7569,11.7641,11.3237,11.3237,11.324,10.8965,10.8965,10.8974,10.7795,10.7795,10.7837,11.682,11.6819,11.6999,12.3862,12.3848,12.4332,11.688,11.6878,11.7066,11.3268,11.3266,11.3697,11.9339,11.9336,11.9423,11.2914,11.2914,11.2919,10.8452,10.8452,10.8455,10.7419,10.7418,10.7449
model.language_model.layers.8.self_attn.k_proj.weight,linear,attn,8,2048x3840,7864320,28,2.6167,10.6476,12.7517,12.7509,12.8343,12.9845,12.9833,13.0713,12.7566,12.7558,12.8379,12.4528,12.4515,12.587,11.6281,11.6284,11.6396,11.3981,11.3985,11.4039,11.0259,11.0258,11.029,10.8658,10.8655,10.8762,12.0963,12.0958,12.1436,12.406,12.4068,12.5333,12.0997,12.0991,12.1494,11.7334,11.733,11.8526,11.7432,11.7425,11.7617,11.3153,11.3155,11.3196,10.9235,10.9235,10.9246,10.7833,10.783,10.7914,11.6687,11.6687,11.7066,12.3452,12.3432,12.4395,11.675,11.6748,11.714,11.3018,11.3016,11.407,11.9214,11.9201,11.9396,11.2814,11.2813,11.286,10.8726,10.8726,10.873,10.7452,10.7448,10.7515
model.language_model.layers.8.self_attn.o_proj.weight,linear,attn,8,3840x4096,15728640,31,2.5953,10.6256,12.758,12.7798,12.811,12.9827,13.0047,13.0335,12.7634,12.785,12.8157,12.4544,12.4869,12.5283,11.6517,11.6524,11.6622,11.4133,11.414,11.4174,10.9959,10.997,10.998,10.8534,10.8558,10.8608,12.1016,12.1161,12.1348,12.4212,12.4612,12.5106,12.1047,12.1196,12.1387,11.7416,11.7725,11.8122,11.7746,11.7755,11.7899,11.3353,11.3353,11.3376,10.8921,10.8927,10.8934,10.7717,10.7734,10.7779,11.6746,11.6881,11.7042,12.3675,12.4077,12.4541,11.6803,11.6939,11.7099,11.3116,11.3391,11.3769,11.947,11.9502,11.9628,11.3032,11.3038,11.3053,10.8405,10.8407,10.8412,10.7336,10.7348,10.7386
model.language_model.layers.8.self_attn.q_proj.weight,linear,attn,8,4096x3840,15728640,29,2.6068,10.6373,12.7561,12.7562,12.8152,12.9907,12.9907,13.0595,12.7606,12.7609,12.8189,12.4628,12.4627,12.5628,11.6238,11.624,11.6411,11.3958,11.3959,11.4008,11.0091,11.0092,11.0119,10.8595,10.8595,10.8657,12.0985,12.0985,12.1364,12.4131,12.413,12.5238,12.1021,12.1021,12.1415,11.7412,11.7412,11.833,11.7372,11.7384,11.7632,11.3127,11.3131,11.3165,10.906,10.9061,10.9074,10.7767,10.7767,10.7815,11.6699,11.67,11.7028,12.3459,12.346,12.4359,11.6763,11.6764,11.7098,11.308,11.308,11.3899,11.9178,11.9186,11.9448,11.2787,11.2787,11.2823,10.855,10.855,10.8558,10.7384,10.7384,10.7421
model.language_model.layers.8.self_attn.v_proj.weight,linear,attn,8,2048x3840,7864320,29,2.5991,10.6325,12.7866,12.7866,12.8198,13.0041,13.0046,13.0362,12.7914,12.7913,12.8244,12.4895,12.4899,12.5335,11.6598,11.6596,11.6716,11.4202,11.4201,11.4248,10.9966,10.9966,10.9978,10.8511,10.8513,10.8564,12.116,12.1162,12.1386,12.4519,12.4522,12.5166,12.1194,12.1196,12.1422,11.7724,11.7727,11.8177,11.7856,11.7835,11.8015,11.3415,11.3412,11.345,10.8924,10.8924,10.8933,10.769,10.769,10.7737,11.6845,11.6846,11.7058,12.4012,12.3986,12.4608,11.6899,11.6901,11.7109,11.3406,11.3403,11.3825,11.9566,11.9547,11.9737,11.3098,11.3096,11.3131,10.8406,10.8405,10.841,10.7301,10.73,10.7341
model.language_model.layers.9.mlp.down_proj.weight,linear,mlp,9,3840x15360,58982400,32,2.6489,10.6861,12.7758,12.7759,12.8506,13.0218,13.0217,13.1571,12.7799,12.78,12.8533,12.5101,12.5102,12.6423,11.6269,11.6267,11.7802,11.3984,11.3983,11.4681,11.0666,11.0666,11.0712,10.8686,10.8688,10.8946,12.1106,12.1108,12.1828,12.4531,12.4528,12.7102,12.1154,12.1155,12.1862,11.7814,11.7817,11.9163,11.7432,11.7431,11.9213,11.3128,11.3127,11.3849,10.9631,10.9631,10.9668,10.7868,10.7869,10.809,11.6811,11.6812,11.7575,12.3694,12.3693,12.5887,11.6888,11.6889,11.7603,11.3413,11.3414,11.4748,11.9431,11.9426,12.0611,11.2779,11.2778,11.3435,10.9123,10.9123,10.9144,10.7499,10.7499,10.7663
model.language_model.layers.9.mlp.gate_proj.weight,linear,mlp,9,15360x3840,58982400,29,2.6095,10.6452,12.7675,12.7672,12.8243,12.9946,12.9946,13.0522,12.7711,12.771,12.8267,12.4724,12.4721,12.5702,11.6089,11.6087,11.613,11.3839,11.3839,11.3857,11.0177,11.0177,11.0189,10.8543,10.8543,10.8585,12.0987,12.0986,12.1254,12.4005,12.4003,12.4674,12.1022,12.1021,12.1303,11.7441,11.744,11.8268,11.7178,11.718,11.7244,11.2939,11.2941,11.2942,10.9151,10.9151,10.9155,10.7732,10.7732,10.7758,11.6641,11.6643,11.6818,12.3233,12.3249,12.3765,11.6705,11.6705,11.6889,11.3106,11.3106,11.3864,11.9,11.9014,11.9096,11.2567,11.2569,11.257,10.8637,10.8638,10.8641,10.7338,10.7339,10.7352
model.language_model.layers.9.mlp.up_proj.weight,linear,mlp,9,15360x3840,58982400,31,2.5993,10.6344,12.7704,12.7707,12.8058,13.0051,13.0054,13.0446,12.7743,12.7746,12.8087,12.4857,12.486,12.5505,11.6059,11.6064,11.609,11.3808,11.3811,11.3824,11.0006,11.0007,11.0015,10.8448,10.8449,10.8483,12.1042,12.1042,12.1202,12.424,12.4244,12.4646,12.1081,12.1081,12.1253,11.7585,11.7587,11.8103,11.7165,11.7174,11.7211,11.2928,11.293,11.293,10.8977,10.8977,10.8978,10.7631,10.7631,10.7651,11.6721,11.6723,11.6814,12.3474,12.3479,12.3718,11.6789,11.679,11.6889,11.323,11.323,11.369,11.9023,11.9031,11.9083,11.2565,11.2566,11.2566,10.8463,10.8463,10.8465,10.7239,10.7239,10.7251
model.language_model.layers.9.self_attn.k_proj.weight,linear,attn,9,2048x3840,7864320,27,2.6545,10.6892,12.7536,12.7542,12.895,12.9788,12.9801,13.1268,12.7583,12.759,12.8981,12.4473,12.4475,12.668,11.658,11.6575,11.6805,11.4208,11.4209,11.432,11.0925,11.0925,11.0968,10.9043,10.9046,10.9219,12.0949,12.0951,12.1755,12.3966,12.398,12.6122,12.098,12.0981,12.1817,11.7281,11.7283,11.9258,11.7745,11.7744,11.8082,11.3384,11.3383,11.3485,10.9908,10.9907,10.9923,10.8216,10.8218,10.8354,11.6658,11.6656,11.7329,12.3367,12.3366,12.4992,11.6715,11.6715,11.7396,11.2985,11.2984,11.4755,11.9444,11.9444,11.9716,11.3043,11.3039,11.3149,10.94,10.9399,10.9406,10.7832,10.7831,10.7939
model.language_model.layers.9.self_attn.o_proj.weight,linear,attn,9,3840x4096,15728640,29,2.6514,10.6846,12.768,12.8112,12.8879,12.9962,13.0402,13.1196,12.7724,12.8153,12.891,12.4748,12.5438,12.6565,11.6556,11.6605,11.6877,11.4225,11.4247,11.4339,11.09,11.0915,11.0934,10.9046,10.9079,10.9196,12.1031,12.129,12.1738,12.4188,12.4893,12.6125,12.1067,12.1337,12.1795,11.7516,11.8154,11.9197,11.7703,11.778,11.8188,11.3414,11.3428,11.3503,10.9869,10.9874,10.9888,10.8213,10.8236,10.8333,11.6715,11.694,11.7325,12.3503,12.4079,12.5058,11.6778,11.701,11.7386,11.318,11.3752,11.4725,11.9414,11.9499,11.986,11.3081,11.3096,11.3164,10.9359,10.9359,10.9371,10.7825,10.7841,10.7918
model.language_model.layers.9.self_attn.q_proj.weight,linear,attn,9,4096x3840,15728640,29,2.6252,10.6562,12.7545,12.7553,12.8423,12.987,12.9871,13.0872,12.7592,12.76,12.8459,12.4584,12.4585,12.5992,11.6385,11.6387,11.6711,11.4073,11.4077,11.4182,11.0392,11.0392,11.0429,10.8764,10.8766,10.887,12.0975,12.0979,12.1534,12.4102,12.4118,12.5723,12.101,12.1015,12.1585,11.7386,11.7388,11.8683,11.7534,11.754,11.8,11.3256,11.3259,11.3347,10.9362,10.9363,10.9383,10.7936,10.7937,10.8021,11.6696,11.6696,11.7183,12.3439,12.3463,12.4777,11.6759,11.6759,11.7244,11.3061,11.3063,11.4247,11.9288,11.9311,11.9739,11.2921,11.2924,11.2999,10.8852,10.8853,10.8866,10.7555,10.7557,10.7621
model.language_model.layers.9.self_attn.v_proj.weight,linear,attn,9,2048x3840,7864320,27,2.5983,10.6294,12.7784,12.7779,12.8092,13.0056,13.0052,13.0428,12.783,12.7825,12.8136,12.4882,12.4884,12.5394,11.639,11.6402,11.6472,11.4044,11.4045,11.4071,11.0085,11.0086,11.0105,10.8679,10.868,10.8726,12.1123,12.1119,12.1347,12.4513,12.4479,12.5163,12.116,12.1157,12.1391,11.7699,11.7693,11.8185,11.7596,11.7596,11.7718,11.3235,11.3233,11.3257,10.9045,10.9045,10.9058,10.785,10.7849,10.7885,11.6828,11.6825,11.7045,12.3893,12.3909,12.4448,11.6888,11.6886,11.711,11.3356,11.3358,11.3793,11.9388,11.9367,11.9487,11.291,11.2908,11.2927,10.8534,10.8534,10.854,10.7472,10.7472,10.7499
