name,cls,sub,layer,shape,numel,distinct,entropy,huffman_tensor,T32_best_real,T32_best_shuf_row,T32_best_shuf_tensor,T32_bump_real,T32_bump_shuf_row,T32_bump_shuf_tensor,T32_escape_real,T32_escape_shuf_row,T32_escape_shuf_tensor,T32_unary_real,T32_unary_shuf_row,T32_unary_shuf_tensor,T32_rank_fixed_real,T32_rank_fixed_shuf_row,T32_rank_fixed_shuf_tensor,T32_rank_best_real,T32_rank_best_shuf_row,T32_rank_best_shuf_tensor,T32_rank_unary_real,T32_rank_unary_shuf_row,T32_rank_unary_shuf_tensor,T32_rank_rice_real,T32_rank_rice_shuf_row,T32_rank_rice_shuf_tensor,T64_best_real,T64_best_shuf_row,T64_best_shuf_tensor,T64_bump_real,T64_bump_shuf_row,T64_bump_shuf_tensor,T64_escape_real,T64_escape_shuf_row,T64_escape_shuf_tensor,T64_unary_real,T64_unary_shuf_row,T64_unary_shuf_tensor,T64_rank_fixed_real,T64_rank_fixed_shuf_row,T64_rank_fixed_shuf_tensor,T64_rank_best_real,T64_rank_best_shuf_row,T64_rank_best_shuf_tensor,T64_rank_unary_real,T64_rank_unary_shuf_row,T64_rank_unary_shuf_tensor,T64_rank_rice_real,T64_rank_rice_shuf_row,T64_rank_rice_shuf_tensor,T128_best_real,T128_best_shuf_row,T128_best_shuf_tensor,T128_bump_real,T128_bump_shuf_row,T128_bump_shuf_tensor,T128_escape_real,T128_escape_shuf_row,T128_escape_shuf_tensor,T128_unary_real,T128_unary_shuf_row,T128_unary_shuf_tensor,T128_rank_fixed_real,T128_rank_fixed_shuf_row,T128_rank_fixed_shuf_tensor,T128_rank_best_real,T128_rank_best_shuf_row,T128_rank_best_shuf_tensor,T128_rank_unary_real,T128_rank_unary_shuf_row,T128_rank_unary_shuf_tensor,T128_rank_rice_real,T128_rank_rice_shuf_row,T128_rank_rice_shuf_tensor
lm_head.weight,embed,lm_head,,248320x4096,1017118720,34,2.5717,10.6061,12.7369,12.7368,12.7587,12.9899,12.9898,13.0171,12.7417,12.7416,12.7629,12.4512,12.451,12.4937,11.5986,11.5985,11.6004,11.3743,11.3743,11.3751,10.9553,10.9553,10.9567,10.8216,10.8216,10.8244,12.0922,12.0922,12.1049,12.4153,12.415,12.4495,12.096,12.0959,12.1096,11.7302,11.7301,11.7661,11.7099,11.7098,11.7128,11.2906,11.2906,11.2906,10.8521,10.8521,10.8525,10.7393,10.7393,10.7413,11.6697,11.6698,11.679,12.3432,12.3431,12.3654,11.6766,11.6767,11.6868,11.2952,11.2953,11.3256,11.8965,11.8964,11.9007,11.256,11.2559,11.256,10.8009,10.8009,10.801,10.7013,10.7013,10.7028
model.language_model.embed_tokens.weight,embed,embed_tokens,,248320x4096,1017118720,34,2.5799,10.6075,12.729,12.729,12.7853,12.9724,12.9724,13.0144,12.7349,12.7349,12.7905,12.4296,12.4297,12.501,11.6288,11.6288,11.6381,11.3978,11.3978,11.4023,10.9809,10.9808,10.9821,10.8466,10.8466,10.8541,12.089,12.089,12.1215,12.4053,12.4055,12.4803,12.0923,12.0923,12.1254,11.7177,11.7177,11.7869,11.7466,11.7469,11.7612,11.3204,11.3204,11.3231,10.8766,10.8766,10.8774,10.7647,10.7647,10.7712,11.6692,11.6692,11.695,12.3479,12.3482,12.4241,11.6754,11.6754,11.7013,11.2869,11.2869,11.3511,11.9225,11.9229,11.9384,11.2883,11.2883,11.2913,10.8251,10.8251,10.8253,10.7276,10.7276,10.7327
model.language_model.layers.14.mlp.down_proj.weight,linear,mlp,14,4096x12288,50331648,32,2.5845,10.6303,12.7763,12.7762,12.8156,12.9733,12.9737,12.9967,12.7811,12.781,12.8192,12.4512,12.4512,12.4988,11.6477,11.648,11.6525,11.3964,11.3964,11.3998,10.9832,10.9832,10.9834,10.8251,10.8252,10.8311,12.1014,12.1013,12.1154,12.389,12.3891,12.4155,12.1038,12.1037,12.1178,11.7341,11.7339,11.7763,11.769,11.7694,11.7758,11.3001,11.3001,11.3009,10.8801,10.8801,10.8803,10.7452,10.7452,10.7504,11.6636,11.6635,11.6701,12.3401,12.3404,12.3672,11.6678,11.6678,11.6741,11.309,11.3089,11.3501,11.9395,11.9398,11.9484,11.2554,11.2554,11.256,10.8281,10.8281,10.8283,10.7063,10.7064,10.7103
model.language_model.layers.14.mlp.gate_proj.weight,linear,mlp,14,12288x4096,50331648,29,2.588,10.6297,12.7746,12.7749,12.8186,12.9796,12.9804,13.0073,12.7788,12.779,12.8218,12.4592,12.4593,12.5082,11.6414,11.6413,11.656,11.3976,11.3976,11.402,10.9824,10.9824,10.9835,10.8288,10.8288,10.8313,12.099,12.0991,12.1191,12.385,12.3855,12.4294,12.1018,12.1018,12.1216,11.7364,11.7363,11.7826,11.7531,11.7525,11.7794,11.3003,11.3002,11.3035,10.8793,10.8793,10.8803,10.7482,10.7481,10.7507,11.6612,11.6612,11.6737,12.3237,12.3226,12.3785,11.6663,11.6662,11.6777,11.3084,11.3083,11.3545,11.9222,11.922,11.9509,11.2563,11.2562,11.2591,10.8276,10.8276,10.8283,10.7085,10.7085,10.7107
model.language_model.layers.14.mlp.up_proj.weight,linear,mlp,14,12288x4096,50331648,30,2.5756,10.6223,12.7891,12.7888,12.8009,12.9817,12.9813,12.9886,12.7936,12.7934,12.8054,12.4678,12.4676,12.48,11.6737,11.6736,11.6803,11.4082,11.4081,11.4099,10.962,10.962,10.9624,10.8236,10.8236,10.8247,12.1074,12.1072,12.1139,12.4041,12.4032,12.4199,12.1099,12.1097,12.1162,11.7506,11.7503,11.7635,11.7954,11.7957,11.809,11.3116,11.3117,11.3131,10.8585,10.8585,10.8589,10.7431,10.7429,10.7443,11.6684,11.6684,11.6735,12.3558,12.3565,12.3796,11.6726,11.6726,11.6773,11.3247,11.3246,11.3377,11.9543,11.955,11.9695,11.2656,11.2656,11.2668,10.8064,10.8064,10.8068,10.7037,10.7037,10.7048
model.language_model.layers.15.mlp.down_proj.weight,linear,mlp,15,4096x12288,50331648,31,2.5902,10.6357,12.7765,12.7765,12.8232,12.9773,12.9771,13.0042,12.7812,12.7813,12.8267,12.4553,12.4554,12.5112,11.6608,11.6605,11.6661,11.4026,11.4024,11.4066,10.9917,10.9917,10.992,10.8303,10.8303,10.837,12.1027,12.1027,12.1202,12.3966,12.3961,12.4296,12.1052,12.1052,12.1227,11.7381,11.7382,11.7885,11.7833,11.7831,11.7918,11.3067,11.3066,11.3078,10.8884,10.8884,10.8887,10.7501,10.7501,10.7559,11.666,11.666,11.6749,12.3489,12.3487,12.3835,11.6703,11.6704,11.6787,11.3122,11.3124,11.3613,11.9487,11.949,11.9603,11.2619,11.2618,11.2628,10.8364,10.8364,10.8367,10.711,10.711,10.7153
model.language_model.layers.15.mlp.gate_proj.weight,linear,mlp,15,12288x4096,50331648,28,2.5842,10.6262,12.7751,12.775,12.8131,12.9805,12.9804,13.0036,12.7791,12.7789,12.8164,12.46,12.46,12.5009,11.634,11.6342,11.6497,11.3943,11.3942,11.3984,10.9748,10.9748,10.9759,10.8247,10.8247,10.827,12.0981,12.0981,12.1166,12.3809,12.3808,12.423,12.101,12.1009,12.1192,11.7353,11.7353,11.7748,11.7432,11.7435,11.7722,11.2966,11.2967,11.3002,10.8717,10.8717,10.8728,10.7442,10.7443,10.7468,11.6593,11.6594,11.6717,12.3143,12.3153,12.3719,11.6645,11.6646,11.6757,11.3068,11.3068,11.347,11.9146,11.9151,11.9466,11.2529,11.253,11.2561,10.82,10.82,10.8209,10.705,10.705,10.7072
model.language_model.layers.15.mlp.up_proj.weight,linear,mlp,15,12288x4096,50331648,31,2.5754,10.6212,12.7873,12.7874,12.8002,12.9804,12.9807,12.9889,12.792,12.792,12.8048,12.4658,12.4659,12.4797,11.681,11.6815,11.6819,11.409,11.4093,11.411,10.9612,10.9612,10.9616,10.8238,10.8238,10.8247,12.1065,12.1063,12.1141,12.4014,12.4017,12.4222,12.1089,12.1089,12.1165,11.7488,11.7487,11.7636,11.8102,11.8102,11.8109,11.3133,11.3134,11.3148,10.8577,10.8577,10.8582,10.7434,10.7433,10.7442,11.6677,11.6677,11.6743,12.3529,12.3536,12.383,11.672,11.672,11.6781,11.323,11.3229,11.3378,11.97,11.9699,11.9712,11.2679,11.268,11.2688,10.8057,10.8057,10.806,10.7041,10.7041,10.7048
model.language_model.layers.25.mlp.down_proj.weight,linear,mlp,25,4096x12288,50331648,30,2.5764,10.6128,12.7504,12.7505,12.7977,12.9649,12.9649,12.9898,12.7564,12.7564,12.8027,12.431,12.4306,12.4819,11.6655,11.6653,11.6705,11.4044,11.4044,11.4104,10.9626,10.9626,10.963,10.8252,10.8251,10.83,12.0958,12.0958,12.1154,12.3985,12.3984,12.4319,12.0982,12.0983,12.1179,11.7222,11.722,11.7693,11.7909,11.7905,11.7987,11.3164,11.3165,11.3198,10.8589,10.8589,10.8592,10.7446,10.7445,10.7493,11.6687,11.6687,11.6788,12.3577,12.3584,12.3956,11.6733,11.6734,11.6827,11.2971,11.2972,11.3433,11.954,11.9537,11.962,11.2761,11.276,11.278,10.8067,10.8067,10.8069,10.706,10.7061,10.71
model.language_model.layers.26.mlp.down_proj.weight,linear,mlp,26,4096x12288,50331648,32,2.5789,10.6129,12.7473,12.7473,12.7995,12.9675,12.9673,12.9956,12.7533,12.7533,12.8044,12.4322,12.4318,12.4885,11.6621,11.6619,11.6669,11.4059,11.4058,11.4129,10.9673,10.9673,10.9678,10.8295,10.8295,10.8345,12.0958,12.0958,12.1185,12.4036,12.4043,12.4456,12.0985,12.0985,12.1212,11.7236,11.7234,11.7764,11.7865,11.7864,11.7937,11.3214,11.3214,11.3255,10.8634,10.8634,10.8639,10.7487,10.7487,10.7534,11.6706,11.6706,11.6834,12.3619,12.3628,12.4074,11.6755,11.6755,11.6875,11.2974,11.2974,11.3491,11.9507,11.9502,11.9593,11.2843,11.2843,11.2867,10.8113,10.8113,10.8116,10.7101,10.7101,10.714
model.language_model.layers.26.mlp.gate_proj.weight,linear,mlp,26,12288x4096,50331648,32,2.5666,10.5947,12.7375,12.7375,12.7609,12.9778,12.9778,12.9993,12.7432,12.7433,12.7665,12.4387,12.4387,12.4727,11.6238,11.6236,11.6257,11.3912,11.391,11.3917,10.9573,10.9573,10.9586,10.8366,10.8365,10.839,12.0939,12.0941,12.1101,12.4159,12.4169,12.4591,12.0972,12.0974,12.1139,11.7269,11.7271,11.7613,11.7437,11.7436,11.7476,11.3125,11.3126,11.3126,10.8531,10.8531,10.8539,10.7544,10.7544,10.7566,11.6732,11.6732,11.688,12.3623,12.3631,12.4046,11.6793,11.6793,11.6946,11.2964,11.2963,11.3267,11.9247,11.9241,11.9287,11.2803,11.2803,11.2803,10.8017,10.8016,10.8018,10.7174,10.7174,10.7188
model.language_model.layers.26.mlp.up_proj.weight,linear,mlp,26,12288x4096,50331648,28,2.5599,10.592,12.758,12.758,12.7679,12.968,12.9678,12.9741,12.7639,12.7639,12.7738,12.4373,12.4377,12.4483,11.6516,11.6514,11.652,11.4014,11.4014,11.4029,10.9381,10.938,10.9384,10.8183,10.8182,10.819,12.0994,12.0994,12.1052,12.4051,12.4044,12.4183,12.1019,12.1019,12.1077,11.7294,11.7295,11.7408,11.7772,11.7774,11.7784,11.3171,11.3171,11.3184,10.8342,10.8341,10.8345,10.738,10.738,10.7387,11.6711,11.6711,11.676,12.3681,12.3672,12.3864,11.6755,11.6756,11.6802,11.3048,11.3047,11.3158,11.9483,11.9469,11.9487,11.2801,11.2799,11.2808,10.782,10.782,10.7821,10.7001,10.7001,10.7006
model.language_model.layers.27.mlp.down_proj.weight,linear,mlp,27,4096x12288,50331648,32,2.57,10.6035,12.7511,12.751,12.7851,12.968,12.9678,12.9852,12.7572,12.7569,12.7905,12.4344,12.4342,12.4694,11.6567,11.6564,11.6597,11.4031,11.4031,11.4078,10.9531,10.9531,10.9534,10.8237,10.8237,10.8265,12.0973,12.0971,12.1123,12.4048,12.4047,12.4318,12.0999,12.0997,12.1148,11.7261,11.726,11.7595,11.7815,11.7811,11.787,11.3185,11.3185,11.3216,10.8491,10.8491,10.8495,10.7431,10.743,10.7459,11.671,11.6709,11.6794,12.3654,12.3639,12.3961,11.6758,11.6758,11.6836,11.3005,11.3001,11.3331,11.9485,11.9475,11.9543,11.2812,11.2811,11.283,10.797,10.797,10.7972,10.7047,10.7047,10.7072
model.language_model.layers.27.mlp.gate_proj.weight,linear,mlp,27,12288x4096,50331648,32,2.5688,10.5969,12.7399,12.7399,12.7658,12.9775,12.9779,13.0016,12.7457,12.7456,12.7714,12.4394,12.4396,12.477,11.6274,11.6276,11.629,11.3937,11.3937,11.3945,10.9624,10.9624,10.9638,10.8403,10.8403,10.8429,12.0949,12.0948,12.1125,12.4162,12.4165,12.4636,12.0981,12.098,12.1163,11.7279,11.7281,11.7654,11.7487,11.7482,11.751,11.3154,11.3152,11.3152,10.8583,10.8583,10.8591,10.7584,10.7583,10.7605,11.6731,11.6732,11.6893,12.3632,12.3634,12.4093,11.679,11.6791,11.6958,11.2976,11.2977,11.331,11.9279,11.9283,11.932,11.2831,11.2831,11.2831,10.8069,10.8068,10.807,10.7211,10.7211,10.7227
model.language_model.layers.0.mlp.down_proj.weight,linear,mlp,0,4096x12288,50331648,33,2.555,10.6084,12.7717,12.772,12.7745,12.9581,12.9584,12.9609,12.7762,12.7765,12.779,12.4324,12.4326,12.436,11.6102,11.6101,11.6158,11.3782,11.3783,11.3792,10.9325,10.9326,10.9327,10.8006,10.8006,10.8012,12.0933,12.0934,12.0955,12.3526,12.3524,12.3596,12.0954,12.0955,12.0975,11.7136,11.7136,11.7176,11.7228,11.7231,11.7331,11.2799,11.2799,11.281,10.8296,10.8296,10.8298,10.7216,10.7216,10.7223,11.6516,11.6517,11.6538,12.2944,12.2956,12.3075,11.6558,11.6558,11.6578,11.2906,11.2905,11.2948,11.9047,11.9059,11.9203,11.2352,11.2353,11.2364,10.7778,10.7778,10.778,10.684,10.684,10.6846
model.language_model.layers.0.mlp.gate_proj.weight,linear,mlp,0,12288x4096,50331648,32,2.5543,10.6029,12.7631,12.7633,12.772,12.9537,12.9538,12.9598,12.7683,12.7685,12.7769,12.4234,12.4237,12.4334,11.6248,11.625,11.6331,11.3834,11.3834,11.3856,10.9273,10.9273,10.9276,10.8006,10.8005,10.8018,12.0916,12.0918,12.0966,12.3546,12.3556,12.3673,12.0937,12.0939,12.0986,11.7084,11.7086,11.7186,11.7408,11.7413,11.7556,11.2869,11.287,11.2886,10.8242,10.8242,10.8246,10.7217,10.7216,10.7229,11.6532,11.6533,11.6572,12.3026,12.3031,12.3238,11.6572,11.6573,11.661,11.2862,11.2863,11.2964,11.9197,11.9194,11.9358,11.242,11.242,11.2434,10.7724,10.7724,10.7726,10.6842,10.6842,10.6853
model.language_model.layers.0.mlp.up_proj.weight,linear,mlp,0,12288x4096,50331648,31,2.552,10.6006,12.7686,12.7684,12.7721,12.9566,12.9569,12.9581,12.7727,12.7725,12.7762,12.4295,12.4294,12.433,11.5848,11.5851,11.5855,11.3674,11.3676,11.3676,10.9275,10.9275,10.9275,10.7965,10.7965,10.7967,12.0895,12.0896,12.0908,12.3386,12.3392,12.3402,12.0917,12.0918,12.093,11.7072,11.7071,11.7101,11.6909,11.6906,11.6918,11.2684,11.2686,11.2686,10.8247,10.8246,10.8247,10.718,10.7179,10.7182,11.6466,11.6467,11.6469,12.273,12.2734,12.2749,11.6512,11.6513,11.6515,11.283,11.2832,11.2861,11.8789,11.8786,11.88,11.2249,11.2249,11.225,10.7731,10.7731,10.7731,10.6807,10.6807,10.6809
model.language_model.layers.1.mlp.down_proj.weight,linear,mlp,1,4096x12288,50331648,33,2.5612,10.6125,12.7806,12.7806,12.7824,12.9658,12.9658,12.9681,12.785,12.785,12.7867,12.4458,12.4456,12.4483,11.6159,11.6158,11.6208,11.3812,11.3815,11.3821,10.9434,10.9434,10.9435,10.8065,10.8065,10.8071,12.0974,12.0976,12.0993,12.3627,12.3631,12.3701,12.0996,12.0997,12.1014,11.7257,11.7258,11.7289,11.7298,11.73,11.7399,11.2826,11.2827,11.2837,10.8404,10.8404,10.8406,10.7273,10.7274,10.7279,11.6546,11.6547,11.6567,12.3037,12.3047,12.3189,11.6588,11.6588,11.6606,11.3017,11.302,11.3055,11.9143,11.915,11.9269,11.2381,11.2382,11.2392,10.7887,10.7887,10.7888,10.6893,10.6894,10.6899
model.language_model.layers.1.mlp.gate_proj.weight,linear,mlp,1,12288x4096,50331648,32,2.5532,10.5968,12.7607,12.7606,12.7683,12.9527,12.9529,12.9578,12.7662,12.7661,12.7737,12.4218,12.4218,12.4304,11.6388,11.6386,11.6436,11.3875,11.3875,11.389,10.9249,10.9248,10.925,10.8018,10.8018,10.8029,12.0923,12.0922,12.0961,12.362,12.3619,12.3709,12.0942,12.0942,12.0981,11.7099,11.7099,11.7183,11.7601,11.7598,11.7682,11.2921,11.2919,11.293,10.8217,10.8216,10.8219,10.7228,10.7228,10.7239,11.6561,11.656,11.6587,12.3167,12.3168,12.3299,11.6599,11.6598,11.6624,11.2885,11.2885,11.2967,11.9352,11.9344,11.9447,11.2465,11.2464,11.2473,10.7697,10.7697,10.7699,10.6854,10.6854,10.6863
model.language_model.layers.1.mlp.up_proj.weight,linear,mlp,1,12288x4096,50331648,31,2.5536,10.6058,12.7702,12.7703,12.774,12.9561,12.9565,12.9575,12.7748,12.7747,12.7785,12.4303,12.4306,12.4339,11.6003,11.6005,11.6008,11.3734,11.3736,11.3737,10.9326,10.9326,10.9326,10.7996,10.7997,10.8,12.0916,12.0915,12.093,12.3469,12.3471,12.349,12.0938,12.0936,12.095,11.7113,11.7113,11.7143,11.7114,11.7117,11.713,11.2748,11.2749,11.2751,10.8297,10.8297,10.8298,10.7207,10.7208,10.7212,11.6499,11.6499,11.6503,12.2889,12.2889,12.293,11.6541,11.6541,11.6544,11.2884,11.2884,11.2916,11.897,11.8969,11.8992,11.2306,11.2306,11.2309,10.778,10.778,10.7781,10.6832,10.6832,10.6837
model.language_model.layers.10.mlp.down_proj.weight,linear,mlp,10,4096x12288,50331648,31,2.5802,10.6274,12.775,12.775,12.8094,12.9699,12.9703,12.9895,12.7798,12.7798,12.8132,12.4466,12.4467,12.489,11.6411,11.6409,11.6457,11.3927,11.3925,11.3958,10.9755,10.9755,10.9756,10.8214,10.8214,10.8269,12.0999,12.1002,12.112,12.3838,12.3845,12.405,12.1021,12.1024,12.1143,11.73,11.7304,11.7676,11.7615,11.7619,11.7685,11.2961,11.2961,11.297,10.8724,10.8724,10.8725,10.7416,10.7416,10.7465,11.6618,11.6619,11.6671,12.335,12.3353,12.3569,11.6659,11.6659,11.671,11.306,11.306,11.3422,11.9362,11.9363,11.9452,11.2516,11.2515,11.2523,10.8205,10.8205,10.8206,10.7031,10.7031,10.7069
model.language_model.layers.10.mlp.gate_proj.weight,linear,mlp,10,12288x4096,50331648,31,2.5822,10.628,12.7655,12.7659,12.8094,12.9743,12.975,12.9984,12.7704,12.7709,12.8137,12.4478,12.4485,12.4938,11.6826,11.6825,11.6859,11.4096,11.4095,11.4151,10.9718,10.9718,10.9725,10.8275,10.8275,10.8309,12.0991,12.0994,12.1193,12.3949,12.3966,12.4367,12.1018,12.102,12.1218,11.7323,11.7327,11.7769,11.8099,11.8099,11.8165,11.3158,11.3158,11.3197,10.8682,10.8682,10.8689,10.7467,10.7466,10.7501,11.6664,11.6664,11.6791,12.344,12.3433,12.3977,11.6711,11.6711,11.6829,11.306,11.306,11.3501,11.9694,11.9693,11.9782,11.2724,11.2723,11.2748,10.8163,10.8163,10.8167,10.7074,10.7074,10.7101
model.language_model.layers.10.mlp.up_proj.weight,linear,mlp,10,12288x4096,50331648,32,2.5728,10.62,12.7879,12.7883,12.7973,12.9784,12.9784,12.983,12.7925,12.7929,12.8017,12.4641,12.4643,12.4732,11.6609,11.661,11.6649,11.4014,11.4015,11.4027,10.958,10.958,10.9582,10.8204,10.8204,10.8212,12.1058,12.1058,12.1104,12.397,12.3974,12.4073,12.1082,12.1082,12.1127,11.7471,11.7472,11.7566,11.783,11.7834,11.7915,11.3046,11.3047,11.3055,10.8547,10.8547,10.8549,10.7401,10.7402,10.7411,11.6663,11.6662,11.6694,12.3507,12.3501,12.3663,11.6703,11.6703,11.6731,11.3221,11.322,11.3318,11.9481,11.9479,11.9584,11.259,11.2589,11.2598,10.8026,10.8026,10.8028,10.7011,10.7011,10.702
model.language_model.layers.11.mlp.down_proj.weight,linear,mlp,11,4096x12288,50331648,31,2.584,10.6319,12.7702,12.7705,12.8143,12.9697,12.9697,12.9945,12.7752,12.7755,12.8181,12.4439,12.4439,12.4969,11.6533,11.6533,11.6576,11.3978,11.3977,11.4016,10.9803,10.9803,10.9805,10.8247,10.8247,10.8312,12.0995,12.0997,12.1154,12.3873,12.3873,12.4161,12.1018,12.102,12.1178,11.7288,11.7289,11.7762,11.7766,11.7765,11.7822,11.3022,11.3022,11.3032,10.877,10.8771,10.8773,10.7447,10.7447,10.7506,11.6634,11.6635,11.6708,12.3411,12.3417,12.37,11.6676,11.6677,11.6746,11.3042,11.3043,11.3502,11.945,11.9448,11.9528,11.2574,11.2574,11.2581,10.8251,10.8251,10.8253,10.7061,10.7061,10.7106
model.language_model.layers.11.mlp.gate_proj.weight,linear,mlp,11,12288x4096,50331648,31,2.5754,10.6237,12.766,12.7656,12.8006,12.9699,12.9697,12.9893,12.7709,12.7705,12.805,12.4435,12.4432,12.4792,11.6681,11.668,11.6832,11.4059,11.4057,11.4112,10.961,10.961,10.9619,10.8208,10.8208,10.8239,12.0968,12.0967,12.1143,12.3833,12.3825,12.4211,12.0993,12.0993,12.1166,11.7265,11.7263,11.7625,11.7849,11.7847,11.8131,11.3104,11.3103,11.3143,10.8575,10.8575,10.8585,10.7402,10.7401,10.7434,11.6619,11.6618,11.6741,12.3314,12.3294,12.3829,11.6666,11.6665,11.6778,11.3007,11.3005,11.3368,11.9443,11.9435,11.975,11.2651,11.265,11.268,10.8055,10.8055,10.8063,10.7011,10.701,10.704
model.language_model.layers.11.mlp.up_proj.weight,linear,mlp,11,12288x4096,50331648,31,2.5698,10.6147,12.7842,12.7842,12.7924,12.9759,12.9752,12.9806,12.789,12.789,12.7971,12.4591,12.4586,12.4673,11.6685,11.6684,11.6737,11.4044,11.4044,11.4058,10.9522,10.9522,10.9525,10.8188,10.8188,10.8197,12.1048,12.1046,12.1094,12.3955,12.3953,12.4079,12.1071,12.107,12.1116,11.7432,11.7429,11.7522,11.7911,11.7909,11.802,11.3082,11.3081,11.3094,10.8487,10.8487,10.8491,10.7386,10.7385,10.7396,11.6661,11.666,11.6701,12.3508,12.3505,12.3698,11.6703,11.6701,11.6738,11.3184,11.3181,11.3277,11.9526,11.9528,11.9652,11.2622,11.2622,11.2632,10.7966,10.7966,10.7969,10.6998,10.6997,10.7006
model.language_model.layers.16.mlp.down_proj.weight,linear,mlp,16,4096x12288,50331648,33,2.5897,10.6352,12.785,12.7846,12.8224,12.9832,12.9821,13.0048,12.7896,12.7892,12.8259,12.4652,12.4645,12.5103,11.6627,11.662,11.6676,11.4038,11.4036,11.4072,10.9906,10.9905,10.9908,10.8306,10.8305,10.8362,12.1066,12.1064,12.1203,12.4048,12.404,12.4316,12.109,12.1089,12.1228,11.7468,11.7464,11.7874,11.7862,11.7854,11.7937,11.3075,11.3074,11.3084,10.8873,10.8872,10.8875,10.7503,10.7502,10.7551,11.6682,11.668,11.6751,12.3579,12.3567,12.3847,11.6724,11.6723,11.679,11.3205,11.3203,11.3601,11.9522,11.9512,11.9614,11.2624,11.2624,11.2632,10.8352,10.8352,10.8355,10.711,10.711,10.7146
model.language_model.layers.16.mlp.gate_proj.weight,linear,mlp,16,12288x4096,50331648,31,2.5887,10.6293,12.778,12.7781,12.8185,12.9852,12.9856,13.0108,12.7818,12.7819,12.8215,12.4662,12.4665,12.5106,11.6373,11.6375,11.6565,11.3967,11.3966,11.4014,10.9803,10.9804,10.9815,10.8281,10.8281,10.8309,12.0999,12.1001,12.1199,12.3864,12.3865,12.434,12.1028,12.103,12.1225,11.7402,11.7405,11.7833,11.7459,11.7462,11.781,11.2993,11.2993,11.3036,10.8772,10.8772,10.8784,10.7476,10.7477,10.7506,11.661,11.6608,11.6747,12.3187,12.3183,12.3819,11.6663,11.6662,11.6787,11.3111,11.311,11.3546,11.918,11.9179,11.9555,11.2558,11.2558,11.2594,10.8255,10.8255,10.8264,10.7082,10.7082,10.7108
model.language_model.layers.16.mlp.up_proj.weight,linear,mlp,16,12288x4096,50331648,31,2.5783,10.6248,12.7887,12.7886,12.8047,12.9837,12.9839,12.9934,12.7931,12.7931,12.809,12.4693,12.4695,12.486,11.6837,11.6831,11.6843,11.4107,11.4108,11.4129,10.9657,10.9657,10.9662,10.8261,10.8261,10.8273,12.1073,12.1073,12.1166,12.4048,12.4044,12.4281,12.1099,12.1098,12.1189,11.7514,11.7512,11.7693,11.812,11.8109,11.8134,11.315,11.315,11.3168,10.8622,10.8622,10.8627,10.7455,10.7454,10.7467,11.6687,11.6687,11.6761,12.355,12.3553,12.3874,11.6731,11.6731,11.6799,11.3249,11.3249,11.3427,11.971,11.97,11.9731,11.2699,11.2699,11.2709,10.8102,10.8102,10.8104,10.7061,10.706,10.707
model.language_model.layers.17.mlp.down_proj.weight,linear,mlp,17,4096x12288,50331648,33,2.5865,10.6341,12.7818,12.7815,12.8177,12.9813,12.9806,13.0009,12.7864,12.7862,12.8213,12.4609,12.4608,12.5031,11.6649,11.6648,11.6692,11.4041,11.404,11.4074,10.9839,10.9839,10.9841,10.8283,10.8282,10.8334,12.1056,12.1054,12.1187,12.4041,12.4031,12.4276,12.1081,12.1079,12.1212,11.7436,11.7435,11.7818,11.7885,11.7887,11.7952,11.3081,11.308,11.3088,10.8806,10.8805,10.8808,10.748,10.748,10.7524,11.6682,11.6681,11.6746,12.357,12.3565,12.3822,11.6723,11.6722,11.6784,11.3178,11.3176,11.3551,11.9537,11.9539,11.9622,11.263,11.2629,11.2635,10.8285,10.8285,10.8288,10.7088,10.7088,10.7122
model.language_model.layers.17.mlp.gate_proj.weight,linear,mlp,17,12288x4096,50331648,31,2.5866,10.6269,12.7773,12.7774,12.8148,12.9841,12.9844,13.0084,12.781,12.7811,12.8177,12.4649,12.4649,12.5063,11.6281,11.6278,11.646,11.3915,11.3915,11.3962,10.9758,10.9758,10.9769,10.8256,10.8256,10.8282,12.099,12.0988,12.1173,12.3825,12.3823,12.426,12.1019,12.1017,12.1199,11.7383,11.738,11.7781,11.7367,11.7363,11.7683,11.2943,11.2942,11.2983,10.8727,10.8727,10.8738,10.7456,10.7455,10.7482,11.6595,11.6593,11.6718,12.3119,12.3106,12.3704,11.6648,11.6647,11.6759,11.3089,11.3087,11.3493,11.9137,11.9127,11.9481,11.2511,11.2509,11.2548,10.8211,10.8211,10.8219,10.7066,10.7065,10.7088
model.language_model.layers.17.mlp.up_proj.weight,linear,mlp,17,12288x4096,50331648,31,2.5783,10.6226,12.7842,12.7844,12.8038,12.981,12.9813,12.9933,12.7888,12.789,12.8083,12.4647,12.4651,12.4859,11.6801,11.6807,11.6815,11.41,11.4101,11.4129,10.9646,10.9647,10.9653,10.8262,10.8262,10.8277,12.1058,12.1061,12.1171,12.4022,12.4037,12.4319,12.1083,12.1087,12.1195,11.7478,11.7481,11.7702,11.8078,11.8092,11.8108,11.3159,11.316,11.3183,10.8611,10.8611,10.8617,10.7456,10.7456,10.7471,11.6683,11.6683,11.6778,12.3534,12.3545,12.3943,11.6727,11.6728,11.6816,11.3217,11.3216,11.3436,11.9689,11.9696,11.9717,11.2722,11.2723,11.2737,10.8092,10.8092,10.8095,10.7065,10.7065,10.7075
model.language_model.layers.18.mlp.down_proj.weight,linear,mlp,18,4096x12288,50331648,31,2.586,10.6334,12.8018,12.8024,12.8164,12.9955,12.9955,13.0021,12.8059,12.8065,12.8202,12.4855,12.4859,12.5019,11.6721,11.6719,11.6755,11.408,11.4081,11.4095,10.9833,10.9834,10.9835,10.8302,10.8303,10.8326,12.1145,12.1148,12.1193,12.4236,12.4236,12.4312,12.117,12.1172,12.1218,11.7659,11.7661,11.7805,11.7987,11.7985,11.8036,11.3106,11.3107,11.3111,10.88,10.88,10.8802,10.7493,10.7494,10.7515,11.6737,11.6739,11.6756,12.3744,12.3747,12.3863,11.6776,11.6778,11.6795,11.339,11.3392,11.3536,11.9643,11.9647,11.9717,11.265,11.2651,11.2655,10.828,10.828,10.8281,10.7095,10.7096,10.7112
model.language_model.layers.18.mlp.gate_proj.weight,linear,mlp,18,12288x4096,50331648,30,2.6079,10.6453,12.7833,12.7831,12.8427,12.9929,12.9925,13.0394,12.787,12.7868,12.8453,12.4766,12.4765,12.5512,11.6523,11.6524,11.6913,11.4093,11.4092,11.4195,11.0088,11.0088,11.0109,10.844,10.844,10.8494,12.104,12.1039,12.1349,12.4006,12.4006,12.4816,12.1071,12.107,12.1378,11.7504,11.7502,11.8211,11.7603,11.76,11.8206,11.3126,11.3126,11.3218,10.9057,10.9057,10.9075,10.763,10.763,10.7679,11.6652,11.665,11.6891,12.3314,12.3305,12.4267,11.6706,11.6704,11.6929,11.3199,11.3196,11.3897,11.9293,11.9293,11.9839,11.2695,11.2694,11.2772,10.8542,10.8542,10.8554,10.7233,10.7233,10.7267
model.language_model.layers.18.mlp.up_proj.weight,linear,mlp,18,12288x4096,50331648,30,2.5901,10.6334,12.788,12.7881,12.8205,12.9883,12.9883,13.0101,12.7925,12.7925,12.8246,12.4751,12.4751,12.5122,11.6823,11.6822,11.6851,11.4148,11.4148,11.4198,10.9828,10.9828,10.984,10.8365,10.8364,10.8392,12.1085,12.1085,12.1264,12.413,12.4132,12.4585,12.1113,12.1112,12.1291,11.7568,11.7567,11.7944,11.81,11.81,11.8147,11.3234,11.3234,11.3276,10.8792,10.8792,10.8802,10.7553,10.7552,10.7577,11.6712,11.6712,11.6862,12.3604,12.3602,12.4168,11.6759,11.6758,11.6902,11.3292,11.329,11.3655,11.9705,11.9709,11.9751,11.2828,11.2828,11.2852,10.8274,10.8274,10.8279,10.7157,10.7157,10.7174
model.language_model.layers.19.mlp.down_proj.weight,linear,mlp,19,4096x12288,50331648,31,2.5818,10.6269,12.7848,12.7844,12.8091,12.9858,12.9852,12.997,12.7897,12.7894,12.8134,12.4677,12.4672,12.4932,11.6817,11.6818,11.6847,11.4112,11.4112,11.4144,10.9719,10.9719,10.972,10.8283,10.8282,10.8311,12.1099,12.1097,12.1188,12.4203,12.4196,12.4353,12.1124,12.1122,12.1212,11.7528,11.7525,11.7765,11.8097,11.8096,11.8139,11.3173,11.3172,11.3187,10.8683,10.8683,10.8685,10.7475,10.7475,10.7502,11.6741,11.6741,11.6783,12.3775,12.3773,12.3944,11.6783,11.6782,11.6821,11.3265,11.3262,11.3496,11.9695,11.9698,11.9748,11.2727,11.2727,11.2735,10.8162,10.8161,10.8162,10.7081,10.7081,10.7103
model.language_model.layers.21.mlp.down_proj.weight,linear,mlp,21,4096x12288,50331648,31,2.5727,10.6182,12.7739,12.7737,12.7966,12.9727,12.9725,12.9831,12.779,12.7788,12.8011,12.4488,12.4484,12.4731,11.6692,11.6692,11.6723,11.403,11.4031,11.4053,10.9577,10.9577,10.9579,10.8191,10.8191,10.8221,12.1024,12.1024,12.1108,12.3969,12.3975,12.4098,12.1048,12.1047,12.1131,11.7351,11.735,11.7572,11.7954,11.7954,11.8004,11.3077,11.3078,11.3085,10.8543,10.8543,10.8545,10.7389,10.7389,10.7419,11.667,11.667,11.6703,12.3545,12.3549,12.3696,11.6711,11.671,11.6741,11.3107,11.3105,11.3324,11.9588,11.9591,11.9642,11.2619,11.2619,11.2624,10.8021,10.8021,10.8023,10.7002,10.7002,10.7027
model.language_model.layers.21.mlp.gate_proj.weight,linear,mlp,21,12288x4096,50331648,31,2.5883,10.6308,12.7681,12.768,12.815,12.9776,12.9773,13.0133,12.7728,12.7726,12.8194,12.4523,12.4523,12.5082,11.6781,11.6783,11.6807,11.4135,11.4135,11.4217,10.9761,10.976,10.9781,10.8332,10.8332,10.8367,12.0991,12.0991,12.1282,12.3925,12.3924,12.4709,12.1019,12.1019,12.1311,11.7335,11.7335,11.7919,11.8064,11.8062,11.8109,11.3263,11.3262,11.3337,10.8724,10.8724,10.8742,10.7522,10.7521,10.7552,11.6645,11.6645,11.6908,12.3341,12.3337,12.4302,11.6696,11.6696,11.6949,11.3055,11.3056,11.3617,11.9702,11.9695,11.9762,11.2899,11.2898,11.2949,10.821,10.8209,10.8218,10.7132,10.7132,10.7152
model.language_model.layers.21.mlp.up_proj.weight,linear,mlp,21,12288x4096,50331648,31,2.5686,10.6085,12.7747,12.7746,12.7881,12.9727,12.9733,12.9803,12.7799,12.7798,12.7931,12.4511,12.4514,12.4648,11.671,11.6713,11.6721,11.4051,11.405,11.4068,10.949,10.9491,10.9493,10.8194,10.8194,10.8203,12.1028,12.1028,12.1099,12.3989,12.3989,12.4153,12.1051,12.1052,12.1122,11.738,11.738,11.7524,11.7983,11.7992,11.801,11.3123,11.3123,11.3137,10.8455,10.8455,10.8458,10.7392,10.7393,10.7402,11.6677,11.6679,11.673,12.3545,12.3555,12.3788,11.672,11.672,11.6769,11.3131,11.3131,11.3275,11.9623,11.9628,11.9644,11.2686,11.2686,11.2694,10.7934,10.7934,10.7935,10.7007,10.7007,10.7014
model.language_model.layers.22.mlp.down_proj.weight,linear,mlp,22,4096x12288,50331648,31,2.5766,10.6226,12.7814,12.7811,12.8021,12.9789,12.9788,12.9884,12.7863,12.7861,12.8066,12.4589,12.4586,12.4814,11.6763,11.6762,11.6785,11.407,11.407,11.409,10.9641,10.9641,10.9642,10.8231,10.823,10.8259,12.1064,12.1063,12.1137,12.4069,12.4069,12.4186,12.1088,12.1086,12.1161,11.7444,11.7444,11.765,11.8041,11.8039,11.8067,11.3115,11.3116,11.3122,10.8607,10.8607,10.8608,10.7427,10.7427,10.7455,11.6701,11.6701,11.673,12.3654,12.364,12.3781,11.674,11.674,11.6768,11.3194,11.3192,11.3396,11.9645,11.9644,11.9696,11.2656,11.2656,11.2661,10.8085,10.8085,10.8086,10.7037,10.7036,10.706
model.language_model.layers.22.mlp.gate_proj.weight,linear,mlp,22,12288x4096,50331648,33,2.5981,10.6339,12.7648,12.765,12.8238,12.984,12.9844,13.0317,12.7696,12.7698,12.8282,12.4575,12.4577,12.533,11.6665,11.6662,11.6703,11.4247,11.4248,11.4263,10.9936,10.9936,10.9958,10.8472,10.8471,10.8526,12.1009,12.1009,12.1374,12.4083,12.409,12.5054,12.104,12.104,12.1409,11.7396,11.7397,11.816,11.7928,11.7916,11.7987,11.3469,11.3468,11.3468,10.8901,10.8901,10.8913,10.7655,10.7655,10.7698,11.6695,11.6695,11.7024,12.3506,12.3501,12.4544,11.6748,11.6748,11.7074,11.3102,11.3102,11.3811,11.9598,11.9594,11.9689,11.3151,11.3151,11.3154,10.8387,10.8387,10.8391,10.7269,10.7269,10.7297
model.language_model.layers.22.mlp.up_proj.weight,linear,mlp,22,12288x4096,50331648,29,2.5731,10.6118,12.7763,12.776,12.7939,12.9779,12.9779,12.9873,12.7813,12.7811,12.7989,12.457,12.4568,12.4751,11.6705,11.6704,11.6716,11.4073,11.4072,11.4096,10.956,10.9559,10.9563,10.8241,10.824,10.8252,12.1048,12.1046,12.1141,12.4068,12.4069,12.4282,12.1073,12.1071,12.1165,11.7435,11.7433,11.7624,11.7981,11.7973,11.7999,11.3164,11.3163,11.3183,10.8523,10.8522,10.8527,10.7435,10.7435,10.7447,11.6706,11.6704,11.6775,12.3618,12.363,12.3929,11.675,11.6749,11.6814,11.3175,11.3173,11.3365,11.9609,11.9613,11.9641,11.2745,11.2745,11.2758,10.8002,10.8002,10.8004,10.7047,10.7047,10.7057
model.language_model.layers.23.mlp.down_proj.weight,linear,mlp,23,4096x12288,50331648,33,2.5741,10.6143,12.7642,12.7642,12.7965,12.9701,12.97,12.9857,12.7698,12.7698,12.8013,12.4422,12.4421,12.4765,11.6717,11.6718,11.675,11.4052,11.4052,11.4092,10.9588,10.9588,10.959,10.8222,10.8223,10.8256,12.1005,12.1005,12.1132,12.4013,12.4003,12.422,12.1029,12.1029,12.1155,11.7312,11.7311,11.763,11.7979,11.7983,11.8034,11.3131,11.3132,11.3153,10.8552,10.8552,10.8555,10.7418,10.7418,10.7452,11.6688,11.6689,11.6749,12.3604,12.3603,12.3851,11.6731,11.6732,11.6787,11.3063,11.3063,11.3375,11.9604,11.9606,11.9663,11.2697,11.2697,11.271,10.8031,10.8031,10.8032,10.7032,10.7032,10.706
model.language_model.layers.23.mlp.gate_proj.weight,linear,mlp,23,12288x4096,50331648,31,2.5761,10.6106,12.7531,12.7528,12.7916,12.9712,12.9709,13.0001,12.7585,12.7582,12.7969,12.4385,12.4381,12.4852,11.6559,11.6554,11.6579,11.4076,11.4073,11.4152,10.961,10.9609,10.9628,10.8302,10.83,10.8332,12.0956,12.0956,12.1199,12.3964,12.3963,12.4591,12.0983,12.0983,12.1229,11.725,11.7248,11.7734,11.7819,11.7812,11.7855,11.3285,11.3282,11.3355,10.8569,10.8569,10.8585,10.7492,10.7491,10.7518,11.6668,11.6668,11.6884,12.3456,12.3455,12.4187,11.6719,11.672,11.6932,11.2977,11.2976,11.3432,11.9532,11.953,11.9589,11.2982,11.2982,11.303,10.8054,10.8054,10.8061,10.711,10.711,10.7129
model.language_model.layers.23.mlp.up_proj.weight,linear,mlp,23,12288x4096,50331648,30,2.5632,10.5991,12.7634,12.7639,12.7776,12.9676,12.968,12.9752,12.769,12.7694,12.783,12.4398,12.4401,12.4539,11.6616,11.6617,11.6624,11.402,11.4022,11.4042,10.9405,10.9405,10.9409,10.8167,10.8168,10.8176,12.0992,12.0992,12.107,12.3953,12.3953,12.4146,12.1016,12.1016,12.1093,11.729,11.7292,11.7442,11.7884,11.7886,11.7896,11.3128,11.3127,11.3145,10.8368,10.8368,10.8372,10.7367,10.7366,10.7375,11.6674,11.6674,11.6736,12.355,12.3547,12.3799,11.6718,11.6717,11.6775,11.3046,11.3045,11.3196,11.9551,11.9549,11.9564,11.2716,11.2716,11.2726,10.7847,10.7847,10.7849,10.6985,10.6984,10.6991
model.language_model.layers.27.mlp.up_proj.weight,linear,mlp,27,12288x4096,50331648,29,2.5583,10.5898,12.753,12.7529,12.7643,12.9662,12.9661,12.9729,12.7592,12.759,12.7703,12.4335,12.4337,12.4457,11.6485,11.6483,11.6488,11.4005,11.4005,11.4022,10.9368,10.9368,10.9371,10.8183,10.8183,10.8191,12.0978,12.0979,12.1045,12.4047,12.4045,12.4193,12.1003,12.1003,12.1069,11.7265,11.7265,11.739,11.7736,11.7734,11.7749,11.3179,11.3179,11.3195,10.8328,10.8328,10.8332,10.738,10.7379,10.7388,11.6713,11.6711,11.6761,12.3672,12.3673,12.3862,11.6758,11.6757,11.6805,11.3016,11.3016,11.3135,11.9439,11.9444,11.9464,11.2819,11.2819,11.2829,10.7806,10.7807,10.7808,10.7001,10.7001,10.7007
model.language_model.layers.3.mlp.down_proj.weight,linear,mlp,3,4096x12288,50331648,32,2.5541,10.6071,12.7673,12.7672,12.7737,12.955,12.9545,12.9578,12.7723,12.7721,12.7784,12.427,12.4266,12.4339,11.6102,11.6103,11.6117,11.3769,11.3769,11.3776,10.9307,10.9307,10.9307,10.7996,10.7997,10.8009,12.0923,12.0922,12.0943,12.3532,12.3522,12.3563,12.0943,12.0942,12.0963,11.7104,11.7102,11.7165,11.7251,11.7251,11.7275,11.2795,11.2796,11.2797,10.8278,10.8277,10.8278,10.7208,10.7209,10.722,11.6521,11.6518,11.6526,12.2991,12.2983,12.3026,11.656,11.6558,11.6565,11.2881,11.2879,11.294,11.9087,11.9085,11.9115,11.2349,11.2349,11.235,10.776,10.776,10.776,10.6834,10.6834,10.6845
model.language_model.layers.3.mlp.gate_proj.weight,linear,mlp,3,12288x4096,50331648,30,2.5508,10.5921,12.7587,12.7588,12.7637,12.953,12.9531,12.9556,12.7643,12.7644,12.7693,12.4209,12.421,12.426,11.6489,11.6492,11.6524,11.3912,11.3913,11.3922,10.9209,10.9209,10.921,10.8018,10.8018,10.8024,12.0927,12.0927,12.0954,12.3668,12.3663,12.3726,12.0946,12.0947,12.0974,11.7103,11.7102,11.7155,11.7728,11.7729,11.7788,11.2965,11.2964,11.2972,10.8175,10.8176,10.8177,10.7227,10.7227,10.7233,11.658,11.658,11.6599,12.3256,12.3255,12.3357,11.6619,11.6618,11.6635,11.2888,11.2888,11.2941,11.9433,11.9435,11.9497,11.2506,11.2506,11.2512,10.7655,10.7655,10.7656,10.6852,10.6852,10.6858
model.language_model.layers.3.mlp.up_proj.weight,linear,mlp,3,12288x4096,50331648,30,2.5532,10.6055,12.7701,12.7702,12.7724,12.9559,12.9558,12.9568,12.7749,12.7749,12.7771,12.4301,12.4302,12.4323,11.6106,11.6108,11.611,11.377,11.3773,11.3775,10.929,10.929,10.929,10.7999,10.8,10.8002,12.0929,12.0929,12.094,12.3533,12.3523,12.3547,12.0949,12.0949,12.096,11.7134,11.7131,11.7153,11.7253,11.7253,11.7261,11.2793,11.2793,11.2795,10.8261,10.8261,10.8261,10.721,10.7211,10.7213,11.6521,11.6521,11.6524,12.3005,12.3006,12.302,11.6561,11.6561,11.6563,11.2911,11.291,11.2929,11.908,11.9076,11.9091,11.2347,11.2347,11.2348,10.7743,10.7743,10.7743,10.6836,10.6836,10.6838
model.language_model.layers.30.mlp.down_proj.weight,linear,mlp,30,4096x12288,50331648,32,2.5823,10.6173,12.7738,12.7743,12.8036,12.9878,12.988,13.0029,12.7793,12.7796,12.8084,12.466,12.4661,12.4966,11.6634,11.6641,11.6667,11.4119,11.4122,11.4165,10.9717,10.9717,10.9721,10.8344,10.8345,10.837,12.1095,12.1095,12.1226,12.4341,12.4338,12.4588,12.1124,12.1124,12.1255,11.7543,11.7541,11.7837,11.7901,11.7901,11.7946,11.3291,11.329,11.332,10.8677,10.8677,10.8681,10.753,10.753,10.7556,11.6798,11.6798,11.6879,12.3905,12.391,12.4191,11.6847,11.6847,11.6923,11.3255,11.3255,11.3543,11.957,11.9572,11.9624,11.294,11.294,11.2956,10.8155,10.8155,10.8157,10.7139,10.7139,10.7161
model.language_model.layers.30.mlp.gate_proj.weight,linear,mlp,30,12288x4096,50331648,32,2.5816,10.611,12.7487,12.7491,12.7869,12.9842,12.984,13.0183,12.7539,12.7544,12.7921,12.4502,12.4501,12.5044,11.6352,11.6348,11.6371,11.3996,11.3996,11.4005,10.9832,10.9831,10.9851,10.8535,10.8536,10.8572,12.0978,12.0979,12.123,12.4186,12.4184,12.485,12.101,12.1012,12.1271,11.7346,11.7346,11.7887,11.7561,11.7562,11.7607,11.3203,11.3203,11.3204,10.8793,10.8793,10.8804,10.7713,10.7714,10.7742,11.6728,11.6728,11.6958,12.3614,12.3605,12.4252,11.6787,11.6786,11.7023,11.3034,11.3035,11.3518,11.934,11.9333,11.9405,11.2878,11.2878,11.288,10.8281,10.8281,10.8284,10.734,10.734,10.7359
model.language_model.layers.30.mlp.up_proj.weight,linear,mlp,30,12288x4096,50331648,30,2.5642,10.5938,12.7477,12.7476,12.7666,12.9717,12.9719,12.987,12.7537,12.7534,12.7725,12.4372,12.4368,12.4614,11.6407,11.6405,11.6416,11.403,11.4032,11.4037,10.9506,10.9506,10.9514,10.8296,10.8296,10.8313,12.097,12.097,12.1099,12.4109,12.4113,12.4439,12.0999,12.0998,12.1129,11.7281,11.7282,11.7535,11.765,11.7646,11.7672,11.3258,11.3259,11.326,10.8465,10.8465,10.8469,10.7486,10.7487,10.75,11.6725,11.6726,11.6845,12.367,12.3661,12.4054,11.6777,11.6777,11.6898,11.3006,11.3007,11.3243,11.9417,11.9404,11.9444,11.2945,11.2944,11.2945,10.7945,10.7945,10.7946,10.711,10.7109,10.7119
model.language_model.layers.31.mlp.down_proj.weight,linear,mlp,31,4096x12288,50331648,31,2.609,10.6539,12.8407,12.8412,12.8476,13.0303,13.0307,13.0356,12.8443,12.8447,12.8509,12.5452,12.5455,12.553,11.7051,11.7054,11.7061,11.4299,11.43,11.4308,11.0199,11.02,11.0202,10.8541,10.8543,10.8552,12.1346,12.1347,12.1384,12.4784,12.4791,12.4896,12.1376,12.1377,12.1414,11.8213,11.8214,11.8291,11.8368,11.8367,11.8374,11.3349,11.3349,11.3353,10.9163,10.9163,10.9165,10.7715,10.7715,10.7723,11.6911,11.691,11.6945,12.4272,12.427,12.4414,11.6952,11.695,11.6984,11.39,11.3899,11.3975,11.9922,11.9922,11.9935,11.2912,11.2912,11.2916,10.8641,10.8641,10.8642,10.7296,10.7296,10.7301
model.language_model.layers.31.mlp.gate_proj.weight,linear,mlp,31,12288x4096,50331648,31,2.5892,10.6194,12.7506,12.7505,12.7947,12.9893,12.989,13.0323,12.7556,12.7554,12.7993,12.4565,12.4562,12.5242,11.6297,11.6295,11.6321,11.396,11.3959,11.3969,10.9907,10.9907,10.9922,10.8569,10.8568,10.8593,12.0982,12.0979,12.1266,12.4208,12.4199,12.4958,12.1016,12.1013,12.1312,11.7383,11.7378,11.8029,11.7488,11.7486,11.7539,11.3153,11.3152,11.3152,10.8871,10.8871,10.8875,10.7737,10.7737,10.7755,11.6723,11.6723,11.6975,12.3569,12.3568,12.4225,11.6785,11.6784,11.7046,11.3056,11.3054,11.3626,11.9276,11.9279,11.9357,11.2822,11.2822,11.2823,10.8357,10.8357,10.8358,10.7357,10.7358,10.7372
model.language_model.layers.31.mlp.up_proj.weight,linear,mlp,31,12288x4096,50331648,31,2.5757,10.604,12.7487,12.7485,12.7807,12.9777,12.9779,13.0076,12.7544,12.7542,12.786,12.4445,12.4446,12.4896,11.6371,11.6371,11.6394,11.4012,11.4012,11.4024,10.9714,10.9714,10.9731,10.8441,10.8441,10.8478,12.0976,12.0977,12.1185,12.4162,12.4154,12.4714,12.1007,12.1008,12.1222,11.7328,11.7329,11.7772,11.7598,11.7599,11.7633,11.3232,11.3231,11.3232,10.8675,10.8675,10.8685,10.7625,10.7626,10.7654,11.6732,11.6733,11.6924,12.3662,12.3657,12.4198,11.6788,11.6789,11.6983,11.3036,11.3036,11.3432,11.9369,11.9371,11.9418,11.2912,11.2911,11.2913,10.816,10.816,10.8163,10.725,10.725,10.727
model.language_model.layers.4.mlp.down_proj.weight,linear,mlp,4,4096x12288,50331648,34,2.5604,10.6122,12.7694,12.7695,12.7826,12.9576,12.9575,12.9651,12.7743,12.7744,12.787,12.4305,12.4304,12.4474,11.6119,11.6116,11.6139,11.3786,11.3786,11.3797,10.9424,10.9424,10.9424,10.8042,10.8042,10.807,12.0933,12.0936,12.098,12.3559,12.3566,12.3643,12.0954,12.0956,12.1001,11.7131,11.7133,11.7282,11.7269,11.7267,11.7295,11.2812,11.2812,11.2813,10.8395,10.8395,10.8395,10.7254,10.7255,10.7279,11.6529,11.653,11.6547,12.3018,12.3015,12.3113,11.6569,11.657,11.6588,11.2906,11.2907,11.3049,11.9095,11.909,11.9126,11.2368,11.2368,11.2368,10.7877,10.7877,10.7878,10.6879,10.688,10.6898
model.language_model.layers.4.mlp.gate_proj.weight,linear,mlp,4,12288x4096,50331648,30,2.5529,10.5941,12.7592,12.7593,12.7663,12.9555,12.9553,12.9586,12.7648,12.7649,12.7719,12.4235,12.4234,12.4304,11.6553,11.6553,11.6586,11.3941,11.3943,11.3951,10.9242,10.9241,10.9243,10.8039,10.804,10.8045,12.0935,12.0935,12.0973,12.3706,12.3707,12.3792,12.0956,12.0956,12.0993,11.7127,11.7125,11.72,11.7794,11.7794,11.7859,11.2995,11.2996,11.3003,10.8208,10.8208,10.821,10.7246,10.7246,10.7253,11.6593,11.6593,11.6619,12.3288,12.3295,12.3418,11.6632,11.6631,11.6655,11.2907,11.2908,11.2982,11.9473,11.9469,11.9549,11.2536,11.2536,11.2542,10.7687,10.7687,10.7689,10.6869,10.6869,10.6876
model.language_model.layers.4.mlp.up_proj.weight,linear,mlp,4,12288x4096,50331648,29,2.5567,10.6091,12.7737,12.7735,12.7772,12.9605,12.9603,12.9614,12.7783,12.7783,12.7817,12.4364,12.4365,12.4394,11.6173,11.6172,11.618,11.3806,11.3803,11.3809,10.9345,10.9344,10.9344,10.8032,10.8031,10.8036,12.0953,12.0952,12.0964,12.3608,12.3606,12.3625,12.0973,12.0973,12.0984,11.7192,11.7191,11.7219,11.7333,11.7336,11.7344,11.2827,11.2827,11.2828,10.8314,10.8315,10.8315,10.7241,10.7241,10.7245,11.6545,11.6544,11.6548,12.3095,12.309,12.3124,11.6584,11.6584,11.6587,11.2965,11.2963,11.2994,11.9143,11.9147,11.9162,11.238,11.238,11.2381,10.7796,10.7796,10.7797,10.6863,10.6863,10.6868
model.language_model.layers.8.mlp.down_proj.weight,linear,mlp,8,4096x12288,50331648,33,2.5736,10.6203,12.7713,12.7711,12.8009,12.9639,12.9639,12.981,12.7762,12.7758,12.8047,12.4382,12.4378,12.4757,11.6206,11.6205,11.6233,11.3846,11.3847,11.3861,10.9671,10.9671,10.9673,10.818,10.818,10.82,12.0958,12.096,12.1058,12.3673,12.3675,12.3843,12.098,12.0981,12.1082,11.7203,11.7202,11.7533,11.7368,11.7369,11.7407,11.2867,11.2867,11.2867,10.8643,10.8643,10.8643,10.7384,10.7384,10.7401,11.6565,11.6565,11.6605,12.3141,12.3143,12.3317,11.6606,11.6606,11.6646,11.2967,11.2965,11.3283,11.917,11.9174,11.922,11.2426,11.2425,11.2426,10.8125,10.8125,10.8125,10.6997,10.6997,10.701
model.language_model.layers.8.mlp.gate_proj.weight,linear,mlp,8,12288x4096,50331648,30,2.5666,10.602,12.7531,12.7531,12.7811,12.9659,12.9662,12.9823,12.7587,12.7586,12.7865,12.4326,12.4327,12.4624,11.6583,11.6584,11.6598,11.4025,11.4027,11.4069,10.9451,10.9451,10.9459,10.8194,10.8193,10.8211,12.0949,12.095,12.1105,12.3909,12.3908,12.4265,12.0975,12.0976,12.1131,11.7211,11.7212,11.752,11.784,11.7838,11.7873,11.3166,11.3165,11.3203,10.8413,10.8413,10.842,10.739,10.7389,10.7408,11.6656,11.6656,11.6781,12.344,12.344,12.3927,11.6704,11.6704,11.6822,11.2953,11.2954,11.3259,11.9512,11.9512,11.9555,11.2788,11.2788,11.2812,10.7893,10.7893,10.7897,10.7009,10.7008,10.7022
model.language_model.layers.8.mlp.up_proj.weight,linear,mlp,8,12288x4096,50331648,29,2.5639,10.6145,12.7838,12.7841,12.7875,12.9697,12.9695,12.971,12.7881,12.7883,12.7917,12.4522,12.4521,12.4554,11.6205,11.6208,11.6215,11.3833,11.3835,11.3838,10.9482,10.9482,10.9482,10.8099,10.81,10.8103,12.0997,12.0997,12.1013,12.3716,12.3721,12.3738,12.1019,12.1019,12.1034,11.7325,11.7324,11.7355,11.7368,11.7366,11.7387,11.285,11.2851,11.2853,10.8452,10.8452,10.8453,10.7304,10.7305,10.7308,11.6574,11.6574,11.6579,12.319,12.3195,12.3229,11.6615,11.6614,11.6619,11.3085,11.3085,11.3115,11.9163,11.9169,11.9198,11.2405,11.2406,11.2409,10.7934,10.7934,10.7934,10.6921,10.6922,10.6925
model.language_model.layers.9.mlp.down_proj.weight,linear,mlp,9,4096x12288,50331648,30,2.5775,10.6244,12.7726,12.7722,12.8059,12.9666,12.9662,12.9853,12.7773,12.777,12.8097,12.4414,12.441,12.4834,11.6312,11.6315,11.6343,11.3883,11.3883,11.3909,10.9723,10.9723,10.9724,10.8186,10.8186,10.8241,12.0977,12.0977,12.109,12.3755,12.376,12.395,12.0999,12.0999,12.1113,11.7246,11.7246,11.7614,11.7501,11.7509,11.7539,11.2916,11.2917,11.292,10.8692,10.8693,10.8693,10.739,10.739,10.7439,11.6591,11.6592,11.6638,12.3253,12.3265,12.3451,11.6632,11.6632,11.6678,11.3009,11.3008,11.3365,11.9276,11.9278,11.9327,11.2473,11.2474,11.2476,10.8174,10.8174,10.8175,10.7008,10.7008,10.7046
model.language_model.layers.9.mlp.gate_proj.weight,linear,mlp,9,12288x4096,50331648,29,2.5695,10.6077,12.758,12.7582,12.7875,12.9684,12.9684,12.9844,12.7634,12.7636,12.7927,12.4374,12.4376,12.4676,11.6656,11.6654,11.6674,11.404,11.404,11.4082,10.9492,10.9492,10.9499,10.8197,10.8197,10.8217,12.0966,12.0969,12.1124,12.3921,12.3926,12.4268,12.0992,12.0994,12.1148,11.7249,11.725,11.756,11.7926,11.7921,11.7959,11.315,11.3151,11.3183,10.8455,10.8455,10.8462,10.7393,10.7394,10.7413,11.666,11.6661,11.6773,12.3448,12.3449,12.3924,11.6708,11.6709,11.6813,11.2993,11.2993,11.33,11.9579,11.9567,11.9626,11.2748,11.2746,11.2769,10.7935,10.7935,10.7939,10.7009,10.7009,10.7026
model.language_model.layers.9.mlp.up_proj.weight,linear,mlp,9,12288x4096,50331648,32,2.5656,10.6159,12.7842,12.7842,12.7888,12.9711,12.971,12.973,12.7888,12.7887,12.7932,12.4541,12.4541,12.4582,11.6372,11.6368,11.6389,11.3901,11.39,11.3906,10.948,10.948,10.9481,10.8125,10.8126,10.813,12.1016,12.1016,12.1037,12.381,12.38,12.3842,12.1038,12.1038,12.1058,11.7364,11.7364,11.7406,11.7568,11.7564,11.7607,11.2926,11.2925,11.293,10.8448,10.8449,10.845,10.7328,10.7329,10.7335,11.6607,11.6606,11.6618,12.3325,12.3325,12.339,11.6647,11.6646,11.6656,11.3126,11.3125,11.3168,11.9311,11.9306,11.9357,11.2475,11.2475,11.2478,10.7929,10.7929,10.793,10.6944,10.6944,10.6949
mtp.layers.0.mlp.down_proj.weight,linear,mlp,,4096x12288,50331648,32,2.6301,10.6755,12.8674,12.8672,12.8751,13.0603,13.0599,13.0682,12.8707,12.8705,12.8784,12.5908,12.5904,12.6012,11.7002,11.7006,11.7012,11.4437,11.4438,11.4451,11.0504,11.0503,11.0508,10.8758,10.8758,10.8766,12.1511,12.1508,12.1566,12.5297,12.5293,12.5465,12.1548,12.1545,12.1604,11.8648,11.8646,11.8755,11.8306,11.8307,11.8326,11.3594,11.3593,11.3609,10.9462,10.9462,10.9465,10.7914,10.7913,10.792,11.7079,11.7079,11.7139,12.4679,12.4683,12.4834,11.7124,11.7124,11.7184,11.4283,11.4283,11.438,11.9889,11.9891,11.991,11.325,11.3249,11.3261,10.8941,10.894,10.8942,10.7487,10.7487,10.7491
mtp.layers.0.mlp.gate_proj.weight,linear,mlp,,12288x4096,50331648,28,2.61,10.6475,12.7429,12.743,12.8439,12.9737,12.9737,13.0497,12.7478,12.748,12.848,12.4362,12.4363,12.5621,11.6664,11.6664,11.6723,11.427,11.427,11.4298,11.0108,11.0108,11.0141,10.8535,10.8535,10.8622,12.0902,12.0903,12.1468,12.3895,12.3897,12.5269,12.0933,12.0934,12.1508,11.7182,11.7183,11.8404,11.7893,11.7896,11.8004,11.3496,11.3496,11.3495,10.9077,10.9077,10.9096,10.7714,10.7714,10.7785,11.6629,11.663,11.709,12.326,12.3273,12.4635,11.6689,11.6688,11.7145,11.2883,11.2884,11.4014,11.9541,11.9551,11.9674,11.3177,11.3179,11.3179,10.8568,10.8568,10.8573,10.7328,10.7328,10.7375
mtp.layers.0.mlp.up_proj.weight,linear,mlp,,12288x4096,50331648,30,2.5873,10.6182,12.7444,12.7446,12.7949,12.9791,12.9792,13.0281,12.7496,12.7497,12.7998,12.4439,12.4437,12.5195,11.6301,11.63,11.6329,11.3973,11.3975,11.3986,10.9901,10.9901,10.9931,10.8561,10.8561,10.8616,12.0934,12.0938,12.1262,12.4041,12.4052,12.492,12.0968,12.0971,12.1307,11.7273,11.7274,11.8,11.7488,11.7498,11.7548,11.3173,11.3174,11.3175,10.8867,10.8867,10.8883,10.7737,10.7738,10.7779,11.6682,11.6682,11.6972,12.3438,12.3436,12.4232,11.6744,11.6744,11.7042,11.2961,11.296,11.3605,11.9272,11.928,11.9348,11.2846,11.2847,11.2848,10.8361,10.8361,10.8365,10.7369,10.7369,10.7397
model.language_model.layers.0.linear_attn.in_proj_qkv.weight,linear,linattn,0,8192x4096,33554432,30,2.5947,10.6316,12.7423,12.7422,12.7942,12.9857,12.9858,13.0464,12.7467,12.7466,12.7969,12.4524,12.4522,12.5378,11.6003,11.6008,11.6291,11.3785,11.3786,11.3888,10.9903,10.9903,10.9924,10.8352,10.8352,10.8423,12.09,12.0898,12.1198,12.3965,12.396,12.4797,12.0937,12.0935,12.124,11.7279,11.7278,11.8009,11.7066,11.7073,11.7478,11.291,11.2911,11.2997,10.8874,10.8874,10.8888,10.7539,10.7539,10.7599,11.6633,11.6632,11.685,12.3202,12.3201,12.3954,11.6702,11.6701,11.6913,11.2938,11.2938,11.3619,11.892,11.8919,11.9343,11.2546,11.2546,11.2621,10.8362,10.8362,10.8373,10.7154,10.7153,10.7201
model.language_model.layers.1.linear_attn.in_proj_qkv.weight,linear,linattn,1,8192x4096,33554432,31,2.5685,10.6067,12.7418,12.7418,12.7563,12.9961,12.996,13.0122,12.7456,12.7456,12.7596,12.4618,12.4617,12.4871,11.5854,11.5856,11.5893,11.3674,11.3672,11.3686,10.955,10.955,10.9555,10.8164,10.8164,10.8179,12.091,12.0911,12.0985,12.4049,12.4045,12.4229,12.095,12.0952,12.1029,11.7329,11.7328,11.7539,11.6902,11.69,11.6964,11.2799,11.2796,11.2804,10.8515,10.8515,10.8518,10.7346,10.7345,10.7357,11.6645,11.6643,11.669,12.3189,12.319,12.3367,11.6719,11.6719,11.6764,11.2959,11.2957,11.3151,11.8788,11.8794,11.8868,11.2435,11.2434,11.2441,10.8001,10.8001,10.8005,10.696,10.696,10.6969
model.language_model.layers.10.linear_attn.in_proj_qkv.weight,linear,linattn,10,8192x4096,33554432,31,2.5888,10.6266,12.7725,12.7722,12.7925,13.0117,13.0111,13.0302,12.7759,12.7756,12.7952,12.4955,12.4951,12.5274,11.5954,11.5956,11.5987,11.3746,11.3747,11.3762,10.988,10.988,10.9886,10.8361,10.8361,10.8381,12.1027,12.1026,12.1115,12.4193,12.4195,12.4372,12.107,12.1068,12.116,11.762,11.7619,11.7876,11.7016,11.7016,11.7066,11.2844,11.2846,11.2852,10.8848,10.8849,10.8851,10.7544,10.7545,10.756,11.669,11.669,11.673,12.3333,12.3334,12.3482,11.6763,11.6763,11.6802,11.3244,11.3243,11.3488,11.8878,11.888,11.8949,11.2474,11.2474,11.248,10.8335,10.8335,10.8338,10.7151,10.7152,10.7163
model.language_model.layers.11.self_attn.q_proj.weight,linear,attn,11,8192x4096,33554432,30,2.6095,10.6451,12.7735,12.7735,12.8194,13.0044,13.0048,13.0605,12.7775,12.7776,12.8226,12.4878,12.4882,12.5713,11.6179,11.617,11.6283,11.3903,11.3902,11.3937,11.0151,11.0151,11.0178,10.8567,10.8567,10.8621,12.1057,12.1057,12.1327,12.4263,12.4268,12.5038,12.1096,12.1096,12.138,11.762,11.7623,11.8342,11.7309,11.73,11.7465,11.3045,11.3044,11.3067,10.9127,10.9128,10.9139,10.7738,10.7738,10.7778,11.6732,11.6734,11.6949,12.3523,12.3521,12.4122,11.68,11.6802,11.7022,11.3266,11.3269,11.391,11.9125,11.9117,11.9295,11.2694,11.2693,11.2715,10.8619,10.8619,10.8625,10.7347,10.7347,10.7376
model.language_model.layers.12.mlp.down_proj.weight,linear,mlp,12,4096x12288,50331648,32,2.5864,10.6329,12.7758,12.7753,12.8178,12.9741,12.9743,12.9983,12.7806,12.7802,12.8215,12.4515,12.4514,12.5026,11.6546,11.6544,11.6586,11.3991,11.3989,11.4026,10.985,10.985,10.9852,10.827,10.827,10.8333,12.1019,12.1019,12.1169,12.393,12.3933,12.4205,12.1042,12.1043,12.1194,11.7352,11.7352,11.7806,11.7778,11.777,11.7833,11.3032,11.3031,11.304,10.8818,10.8818,10.882,10.7469,10.7468,10.7525,11.6649,11.665,11.6719,12.3458,12.3461,12.3736,11.6691,11.6692,11.6757,11.3101,11.3101,11.3542,11.9465,11.9457,11.9539,11.2584,11.2584,11.2589,10.8298,10.8298,10.83,10.7081,10.708,10.7123
model.language_model.layers.12.mlp.gate_proj.weight,linear,mlp,12,12288x4096,50331648,29,2.5781,10.6275,12.7731,12.7732,12.8058,12.975,12.9744,12.9935,12.7776,12.7776,12.8097,12.4523,12.4521,12.4859,11.6531,11.6529,11.6673,11.4006,11.4006,11.4053,10.9685,10.9685,10.9694,10.8217,10.8218,10.8246,12.0988,12.0986,12.1148,12.3828,12.3825,12.4188,12.1014,12.1012,12.1172,11.7322,11.7321,11.7657,11.7677,11.7672,11.7936,11.3039,11.3038,11.3072,10.8651,10.8651,10.8661,10.741,10.741,10.744,11.6612,11.661,11.6722,12.3272,12.3257,12.3749,11.666,11.6657,11.676,11.3058,11.3056,11.3394,11.9328,11.9319,11.9611,11.259,11.2589,11.2617,10.8133,10.8132,10.814,10.7017,10.7017,10.7043
model.language_model.layers.12.mlp.up_proj.weight,linear,mlp,12,12288x4096,50331648,30,2.5728,10.618,12.7872,12.7872,12.7966,12.9787,12.9784,12.9843,12.7919,12.7918,12.8013,12.4639,12.4639,12.4737,11.672,11.6719,11.6779,11.4067,11.4066,11.408,10.9572,10.9573,10.9576,10.8215,10.8216,10.8226,12.1062,12.1062,12.1115,12.4004,12.3996,12.4132,12.1086,12.1086,12.1138,11.7476,11.7476,11.7581,11.7939,11.7941,11.8062,11.3103,11.3102,11.3115,10.8537,10.8537,10.8541,10.7411,10.7411,10.7423,11.6677,11.6675,11.6717,12.3539,12.3533,12.3751,11.6718,11.6717,11.6755,11.3225,11.3224,11.3331,11.9539,11.9538,11.9677,11.2642,11.2641,11.2652,10.8017,10.8016,10.802,10.702,10.702,10.7031
model.language_model.layers.13.mlp.down_proj.weight,linear,mlp,13,4096x12288,50331648,32,2.5895,10.6337,12.7744,12.7747,12.8216,12.9748,12.9747,13.0017,12.7791,12.7794,12.8251,12.4516,12.4518,12.5087,11.6511,11.6511,11.6562,11.3983,11.3983,11.4022,10.9922,10.9922,10.9925,10.8291,10.8292,10.8359,12.1011,12.1011,12.1182,12.3911,12.3906,12.4232,12.1035,12.1036,12.1206,11.7342,11.7344,11.7856,11.7717,11.7723,11.7796,11.3022,11.3021,11.3031,10.889,10.889,10.8893,10.7489,10.749,10.7549,11.6641,11.6641,11.6724,12.3404,12.3415,12.3748,11.6685,11.6685,11.6763,11.3087,11.3087,11.3589,11.9409,11.941,11.9516,11.2576,11.2575,11.2584,10.8371,10.8371,10.8374,10.7099,10.7099,10.7144
model.language_model.layers.13.mlp.gate_proj.weight,linear,mlp,13,12288x4096,50331648,29,2.5794,10.6263,12.7745,12.7744,12.8076,12.9759,12.9757,12.9948,12.7788,12.7787,12.8114,12.4548,12.4548,12.4889,11.6452,11.6449,11.6595,11.3977,11.3975,11.4025,10.9734,10.9734,10.9743,10.8226,10.8225,10.8255,12.0985,12.0984,12.1148,12.3806,12.3804,12.4171,12.1012,12.1011,12.1172,11.7334,11.7333,11.7672,11.7581,11.7572,11.7845,11.3004,11.3001,11.3039,10.8702,10.8701,10.8711,10.7418,10.7417,10.7448,11.66,11.6599,11.6712,12.3209,12.3204,12.372,11.6649,11.6648,11.6751,11.3063,11.3062,11.3406,11.9261,11.9251,11.9561,11.256,11.2558,11.2588,10.8183,10.8183,10.8191,10.7022,10.7022,10.705
model.language_model.layers.13.mlp.up_proj.weight,linear,mlp,13,12288x4096,50331648,30,2.5731,10.6194,12.788,12.7881,12.7975,12.9792,12.9794,12.9845,12.7926,12.7927,12.802,12.4644,12.4646,12.4743,11.6685,11.6683,11.6739,11.4052,11.4053,11.4066,10.9579,10.9579,10.9582,10.8212,10.8212,10.8222,12.1062,12.1062,12.1116,12.3992,12.3991,12.4128,12.1086,12.1086,12.1138,11.7477,11.7477,11.758,11.79,11.79,11.8017,11.3085,11.3086,11.3098,10.8544,10.8544,10.8548,10.7408,10.7408,10.7419,11.6671,11.6669,11.6712,12.352,12.3507,12.3726,11.6713,11.6711,11.675,11.3224,11.3223,11.333,11.9515,11.951,11.9647,11.2626,11.2626,11.2636,10.8024,10.8024,10.8026,10.7017,10.7017,10.7027
model.language_model.layers.14.linear_attn.in_proj_qkv.weight,linear,linattn,14,8192x4096,33554432,30,2.6015,10.6375,12.7828,12.7834,12.8109,13.0172,13.0173,13.0458,12.7864,12.7868,12.8136,12.5085,12.5088,12.5542,11.6056,11.6056,11.6102,11.381,11.381,11.3832,11.0059,11.0059,11.0067,10.8474,10.8476,10.8502,12.1075,12.1075,12.1208,12.4305,12.4305,12.4617,12.1119,12.1118,12.1256,11.7754,11.7755,11.8122,11.7143,11.7139,11.7221,11.2915,11.2913,11.2926,10.9027,10.9027,10.9032,10.7653,10.7653,10.7674,11.6728,11.6728,11.6801,12.3466,12.3462,12.3708,11.6799,11.6799,11.6872,11.3378,11.3378,11.372,11.8994,11.8984,11.9073,11.2547,11.2546,11.2555,10.8513,10.8513,10.8518,10.7256,10.7256,10.7272
model.language_model.layers.15.self_attn.q_proj.weight,linear,attn,15,8192x4096,33554432,31,2.6062,10.636,12.7664,12.7666,12.8166,12.9991,12.9991,13.057,12.7709,12.7711,12.8206,12.4781,12.4782,12.5617,11.6277,11.6275,11.638,11.3972,11.3972,11.4003,11.0108,11.0108,11.0131,10.8632,10.8633,10.8677,12.104,12.104,12.1362,12.4275,12.4267,12.5185,12.1078,12.1078,12.1414,11.7559,11.7557,11.8323,11.7439,11.7433,11.7592,11.3143,11.3142,11.3162,10.9075,10.9074,10.9085,10.78,10.7799,10.7835,11.6743,11.6744,11.7023,12.3586,12.3584,12.4319,11.6809,11.681,11.7096,11.3215,11.3215,11.3893,11.9236,11.9236,11.9404,11.2805,11.2805,11.2824,10.8563,10.8562,10.8569,10.7415,10.7414,10.7442
model.language_model.layers.16.linear_attn.in_proj_qkv.weight,linear,linattn,16,8192x4096,33554432,30,2.597,10.6326,12.7791,12.7792,12.8032,13.0171,13.0169,13.0414,12.7826,12.7827,12.8061,12.5058,12.5057,12.5455,11.6023,11.6026,11.6059,11.3791,11.379,11.3807,10.9983,10.9982,10.9989,10.8436,10.8436,10.8458,12.107,12.1068,12.1181,12.4312,12.4317,12.457,12.1115,12.1113,12.123,11.7731,11.7731,11.8052,11.7102,11.7112,11.7162,11.2899,11.29,11.2907,10.895,10.895,10.8953,10.7612,10.7612,10.763,11.6734,11.6733,11.679,12.3456,12.3463,12.3669,11.6807,11.6805,11.6863,11.335,11.3348,11.3645,11.8958,11.8968,11.904,11.2536,11.2537,11.2542,10.8436,10.8436,10.844,10.7217,10.7217,10.723
model.language_model.layers.17.linear_attn.in_proj_qkv.weight,linear,linattn,17,8192x4096,33554432,32,2.601,10.6393,12.7839,12.7845,12.8126,13.0164,13.0166,13.0434,12.7874,12.7879,12.815,12.5074,12.508,12.5517,11.6062,11.606,11.6108,11.3809,11.3808,11.3832,11.0079,11.0079,11.0088,10.848,10.8481,10.8507,12.1079,12.108,12.1201,12.4284,12.4281,12.4558,12.1122,12.1123,12.1245,11.7742,11.7742,11.8097,11.7146,11.7145,11.7219,11.2899,11.2899,11.2911,10.9049,10.905,10.9054,10.7664,10.7666,10.7685,11.672,11.6721,11.678,12.344,12.3447,12.3674,11.679,11.6791,11.6847,11.3367,11.3368,11.3709,11.8983,11.8991,11.9079,11.2523,11.2523,11.2532,10.8535,10.8535,10.8541,10.7267,10.7267,10.7282
model.language_model.layers.18.linear_attn.in_proj_qkv.weight,linear,linattn,18,8192x4096,33554432,29,2.6,10.6364,12.778,12.7778,12.8093,13.013,13.0122,13.044,12.7816,12.7814,12.812,12.4996,12.4991,12.5516,11.604,11.6034,11.6084,11.3801,11.38,11.3822,11.0034,11.0033,11.0043,10.8459,10.8458,10.8489,12.1059,12.1057,12.1196,12.4256,12.4253,12.4579,12.11,12.1099,12.1244,11.7677,11.7677,11.8095,11.7121,11.7117,11.7194,11.2903,11.2903,11.2911,10.9004,10.9004,10.9008,10.7641,10.7641,10.7662,11.6717,11.6716,11.6788,12.3423,12.3419,12.3688,11.6787,11.6786,11.6859,11.3307,11.3306,11.3694,11.8964,11.8959,11.9064,11.2533,11.2533,11.2541,10.849,10.849,10.8494,10.7245,10.7246,10.7261
model.language_model.layers.19.mlp.gate_proj.weight,linear,mlp,19,12288x4096,50331648,32,2.5872,10.6306,12.7766,12.7764,12.817,12.9812,12.9812,13.009,12.7805,12.7803,12.8203,12.4605,12.4602,12.5057,11.6453,11.6449,11.6711,11.4017,11.4016,11.408,10.98,10.98,10.9815,10.8271,10.827,10.8305,12.0993,12.099,12.1211,12.3832,12.3827,12.4382,12.1021,12.1017,12.1236,11.736,11.7357,11.7813,11.7547,11.7544,11.7989,11.3039,11.3039,11.3098,10.8768,10.8768,10.8783,10.7464,10.7463,10.7499,11.6601,11.66,11.6769,12.3177,12.3176,12.3908,11.6653,11.6651,11.6807,11.3076,11.3075,11.353,11.9262,11.9257,11.9696,11.2598,11.2599,11.2647,10.8252,10.8252,10.8262,10.7071,10.707,10.7098
model.language_model.layers.19.mlp.up_proj.weight,linear,mlp,19,12288x4096,50331648,30,2.5813,10.6192,12.7777,12.7777,12.8047,12.9814,12.9812,13.0016,12.7826,12.7826,12.8095,12.4624,12.4622,12.4944,11.6696,11.6697,11.6712,11.411,11.4108,11.4157,10.9676,10.9676,10.9688,10.8312,10.8312,10.8333,12.105,12.1049,12.1217,12.4082,12.408,12.4526,12.1077,12.1077,12.1244,11.7466,11.7466,11.7802,11.7966,11.797,11.7993,11.3238,11.324,11.3281,10.8638,10.8638,10.8649,10.7502,10.7502,10.7521,11.67,11.67,11.6858,12.3589,12.3575,12.4146,11.6747,11.6747,11.69,11.3195,11.3193,11.3516,11.9607,11.9607,11.9646,11.2865,11.2865,11.2892,10.8121,10.8121,10.8126,10.7114,10.7113,10.7126
model.language_model.layers.19.self_attn.q_proj.weight,linear,attn,19,8192x4096,33554432,30,2.6228,10.655,12.7814,12.781,12.8494,13.0027,13.0026,13.0757,12.7855,12.7852,12.8533,12.4903,12.49,12.5958,11.6451,11.6444,11.6563,11.4116,11.4114,11.415,11.0466,11.0465,11.049,10.8895,10.8895,10.8948,12.1081,12.1081,12.1521,12.4262,12.4258,12.5518,12.1119,12.1118,12.1574,11.7657,11.7655,11.8655,11.7642,11.7637,11.7813,11.3295,11.3295,11.3317,10.9433,10.9433,10.9443,10.8056,10.8055,10.8096,11.674,11.6739,11.7145,12.3592,12.3585,12.4629,11.6802,11.6801,11.7214,11.3322,11.3318,11.4209,11.9378,11.9378,11.9566,11.2965,11.2965,11.2987,10.8921,10.8921,10.8926,10.7665,10.7665,10.7696
model.language_model.layers.2.linear_attn.in_proj_qkv.weight,linear,linattn,2,8192x4096,33554432,30,2.5667,10.6052,12.7434,12.7434,12.7557,12.9973,12.997,13.0095,12.7472,12.7471,12.759,12.4641,12.4638,12.4846,11.5824,11.5827,11.5844,11.3657,11.3656,11.3664,10.9536,10.9536,10.954,10.8151,10.8153,10.8164,12.091,12.0907,12.0965,12.4018,12.4008,12.4146,12.0951,12.0948,12.1009,11.7336,11.7333,11.7501,11.6865,11.6866,11.6898,11.2774,11.2773,11.2777,10.8501,10.8501,10.8503,10.7334,10.7334,10.7343,11.6635,11.6634,11.6663,12.3145,12.315,12.3256,11.671,11.6709,11.6739,11.296,11.2961,11.3113,11.8747,11.8762,11.8799,11.2408,11.2409,11.2412,10.7987,10.7987,10.799,10.6948,10.6949,10.6955
model.language_model.layers.2.mlp.down_proj.weight,linear,mlp,2,4096x12288,50331648,32,2.5551,10.607,12.7717,12.7718,12.7755,12.9589,12.9584,12.9604,12.7763,12.7764,12.7798,12.4329,12.4325,12.4367,11.6038,11.6038,11.6062,11.3752,11.3753,11.376,10.935,10.9349,10.935,10.8005,10.8005,10.8013,12.0928,12.093,12.0946,12.3518,12.3515,12.3545,12.0949,12.0951,12.0967,11.7134,11.7132,11.7172,11.7166,11.7164,11.7202,11.2768,11.2768,11.2772,10.8321,10.8321,10.8321,10.7216,10.7216,10.7224,11.6512,11.6512,11.6519,12.2939,12.2937,12.2991,11.6553,11.6553,11.656,11.2904,11.2903,11.2941,11.9027,11.9023,11.9083,11.2325,11.2325,11.233,10.7804,10.7804,10.7804,10.684,10.684,10.6847
model.language_model.layers.2.mlp.gate_proj.weight,linear,mlp,2,12288x4096,50331648,30,2.5517,10.5923,12.7561,12.7561,12.7645,12.9531,12.9529,12.9573,12.7618,12.7618,12.7701,12.42,12.42,12.4281,11.6533,11.6534,11.6565,11.393,11.393,11.3943,10.9224,10.9224,10.9226,10.8031,10.8031,10.8038,12.092,12.0917,12.0962,12.3671,12.3665,12.3759,12.094,12.0938,12.0982,11.7096,11.7093,11.7178,11.7763,11.777,11.783,11.2985,11.2986,11.2995,10.8191,10.8191,10.8193,10.7238,10.7239,10.7246,11.6581,11.6582,11.6612,12.3247,12.3257,12.3387,11.6621,11.6621,11.6649,11.2877,11.2878,11.2964,11.9439,11.9442,11.9524,11.2526,11.2527,11.2533,10.767,10.767,10.7672,10.6863,10.6863,10.687
model.language_model.layers.2.mlp.up_proj.weight,linear,mlp,2,12288x4096,50331648,29,2.5547,10.6032,12.7733,12.7733,12.7759,12.9593,12.9596,12.9603,12.7774,12.7776,12.7799,12.4355,12.4356,12.4378,11.5899,11.5897,11.59,11.3697,11.3697,11.3698,10.9327,10.9327,10.9327,10.7996,10.7996,10.7996,12.0918,12.0917,12.0924,12.3448,12.3444,12.3444,12.094,12.0939,12.0947,11.7131,11.7131,11.7152,11.6975,11.6971,11.6979,11.2707,11.2707,11.2707,10.8299,10.8299,10.8299,10.7209,10.7209,10.721,11.6483,11.6483,11.6485,12.2803,12.2801,12.2815,11.6528,11.6527,11.6529,11.2892,11.2892,11.2914,11.8847,11.8847,11.8859,11.227,11.227,11.227,10.7783,10.7783,10.7783,10.6834,10.6834,10.6835
model.language_model.layers.20.linear_attn.in_proj_qkv.weight,linear,linattn,20,8192x4096,33554432,31,2.5902,10.6339,12.7663,12.7661,12.8008,12.9996,12.9997,13.0274,12.7698,12.7696,12.8031,12.4776,12.4776,12.526,11.6009,11.601,11.6068,11.3768,11.3769,11.3796,10.9946,10.9947,10.9958,10.8396,10.8395,10.8426,12.0983,12.0983,12.1123,12.4024,12.4026,12.4319,12.1022,12.1021,12.1162,11.7465,11.7465,11.7863,11.7063,11.7065,11.7162,11.2842,11.2842,11.2856,10.8921,10.8921,10.8928,10.7598,10.7596,10.7623,11.6643,11.6643,11.6707,12.3216,12.3213,12.3509,11.671,11.671,11.6769,11.3115,11.3113,11.3504,11.891,11.8915,11.9038,11.2455,11.2457,11.2467,10.8407,10.8407,10.8413,10.7207,10.7206,10.7228
model.language_model.layers.20.mlp.down_proj.weight,linear,mlp,20,4096x12288,50331648,34,2.576,10.6213,12.7746,12.7747,12.8014,12.9754,12.975,12.9874,12.7797,12.7798,12.8058,12.4519,12.4518,12.4802,11.6758,11.6761,11.6789,11.4063,11.4063,11.409,10.9631,10.9631,10.9633,10.8223,10.8223,10.8257,12.1037,12.1035,12.1134,12.4027,12.4013,12.4172,12.1061,12.1059,12.1158,11.7384,11.738,11.7643,11.8028,11.8033,11.8076,11.3113,11.3113,11.3121,10.8597,10.8597,10.8599,10.7419,10.742,10.7453,11.6688,11.6687,11.6727,12.3593,12.3596,12.3778,11.6729,11.6728,11.6765,11.3134,11.3132,11.3389,11.9639,11.9635,11.9685,11.2654,11.2654,11.2659,10.8075,10.8075,10.8077,10.703,10.703,10.7058
model.language_model.layers.20.mlp.gate_proj.weight,linear,mlp,20,12288x4096,50331648,34,2.5867,10.6351,12.7722,12.7717,12.8151,12.9779,12.9775,13.0093,12.7766,12.7762,12.8193,12.4545,12.4541,12.5043,11.6874,11.687,11.6894,11.4132,11.4129,11.4201,10.9756,10.9755,10.9773,10.8302,10.8301,10.8334,12.0996,12.0996,12.1257,12.3893,12.3885,12.4579,12.1023,12.1023,12.1283,11.7342,11.7341,11.786,11.8164,11.8168,11.8209,11.3205,11.3204,11.327,10.8721,10.8721,10.8736,10.7494,10.7493,10.7523,11.6631,11.663,11.6859,12.3305,12.3297,12.4182,11.668,11.6681,11.6897,11.3066,11.3065,11.3571,11.9779,11.9772,11.9833,11.2795,11.2793,11.284,10.8206,10.8205,10.8213,10.7101,10.71,10.712
model.language_model.layers.20.mlp.up_proj.weight,linear,mlp,20,12288x4096,50331648,31,2.5726,10.6119,12.7767,12.7767,12.7938,12.9766,12.9765,12.9863,12.7818,12.7819,12.7988,12.4566,12.4567,12.4739,11.6714,11.6715,11.6721,11.4069,11.4069,11.4092,10.9554,10.9554,10.9558,10.8233,10.8233,10.8244,12.1042,12.1042,12.1133,12.4034,12.4034,12.4241,12.1068,12.1067,12.1157,11.7427,11.7427,11.7608,11.7987,11.7989,11.8004,11.3153,11.3153,11.317,10.8517,10.8518,10.8522,10.7429,10.7429,10.744,11.6693,11.6693,11.6762,12.3582,12.359,12.3875,11.6737,11.6737,11.6801,11.317,11.3171,11.3352,11.9624,11.9624,11.9637,11.2729,11.2729,11.2738,10.7997,10.7997,10.7999,10.7041,10.7041,10.7049
model.language_model.layers.22.linear_attn.in_proj_qkv.weight,linear,linattn,22,8192x4096,33554432,29,2.5765,10.62,12.7578,12.7576,12.7791,12.9964,12.996,13.0135,12.7611,12.7609,12.7817,12.4698,12.4692,12.5008,11.5851,11.5855,11.588,11.3681,11.3683,11.3698,10.9727,10.9728,10.9734,10.8254,10.8255,10.8277,12.0935,12.0934,12.102,12.3914,12.3916,12.4081,12.0975,12.0973,12.1061,11.737,11.7366,11.7621,11.6872,11.6882,11.6926,11.2763,11.2763,11.2769,10.8699,10.8698,10.8702,10.7452,10.7452,10.7471,11.6603,11.6603,11.6641,12.3048,12.3057,12.322,11.6673,11.6672,11.6709,11.3011,11.3012,11.3256,11.8756,11.8762,11.8827,11.2381,11.2382,11.2386,10.8185,10.8185,10.8188,10.7066,10.7065,10.7081
model.language_model.layers.23.self_attn.q_proj.weight,linear,attn,23,8192x4096,33554432,29,2.6001,10.6299,12.7602,12.7604,12.8061,12.9959,12.9965,13.0492,12.7648,12.765,12.8103,12.4715,12.4716,12.5483,11.6233,11.6231,11.6339,11.3941,11.394,11.3973,11.0006,11.0006,11.0026,10.8567,10.8566,10.8612,12.1018,12.1019,12.1317,12.4241,12.4241,12.5104,12.1056,12.1056,12.1367,11.7504,11.7501,11.8208,11.7386,11.7383,11.7547,11.3115,11.3114,11.3137,10.8971,10.897,10.8981,10.7736,10.7735,10.7772,11.6737,11.6737,11.6997,12.3567,12.3552,12.4263,11.6804,11.6804,11.707,11.3159,11.3158,11.3789,11.9191,11.9187,11.9351,11.2778,11.2778,11.2796,10.8457,10.8457,10.8464,10.7353,10.7352,10.7382
model.language_model.layers.24.linear_attn.in_proj_qkv.weight,linear,linattn,24,8192x4096,33554432,31,2.5799,10.6233,12.7586,12.7588,12.789,12.9922,12.9919,13.0133,12.7621,12.7623,12.7915,12.4641,12.4643,12.5038,11.5935,11.5933,11.5977,11.3719,11.372,11.3745,10.9774,10.9774,10.9784,10.8307,10.8308,10.8332,12.0937,12.0938,12.1055,12.3891,12.389,12.4089,12.0973,12.0974,12.1092,11.7336,11.7335,11.7659,11.697,11.697,11.7043,11.2784,11.2785,11.2796,10.8751,10.8751,10.8756,10.7523,10.7523,10.7542,11.6602,11.6601,11.6646,12.3072,12.3078,12.3309,11.6669,11.6668,11.6707,11.2998,11.2997,11.3315,11.8835,11.8828,11.894,11.2393,11.2393,11.2404,10.8237,10.8237,10.8242,10.7141,10.7141,10.7158
model.language_model.layers.24.mlp.down_proj.weight,linear,mlp,24,4096x12288,50331648,32,2.5749,10.6135,12.7568,12.7567,12.7971,12.9659,12.966,12.9866,12.7626,12.7624,12.802,12.4346,12.4347,12.4781,11.669,11.6693,11.6737,11.4043,11.4044,11.4095,10.9604,10.9604,10.9606,10.8232,10.8231,10.8274,12.0975,12.0974,12.1136,12.3965,12.3959,12.4237,12.0999,12.0999,12.1159,11.725,11.7249,11.7648,11.7949,11.7947,11.8019,11.3136,11.3135,11.3165,10.8567,10.8567,10.857,10.7428,10.7427,10.7468,11.6679,11.668,11.6759,12.3566,12.3577,12.3881,11.6724,11.6724,11.6797,11.3005,11.3005,11.3397,11.9568,11.9574,11.9648,11.2712,11.2711,11.2728,10.8046,10.8046,10.8048,10.7042,10.7042,10.7076
model.language_model.layers.24.mlp.gate_proj.weight,linear,mlp,24,12288x4096,50331648,31,2.5697,10.5999,12.7462,12.7462,12.7762,12.9704,12.97,12.9956,12.7519,12.752,12.7817,12.4342,12.4347,12.4739,11.6423,11.6421,11.6444,11.4051,11.4049,11.4061,10.9566,10.9567,10.958,10.8322,10.8323,10.835,12.0943,12.0944,12.1149,12.4012,12.401,12.4568,12.0971,12.0973,12.1181,11.723,11.7233,11.7643,11.7661,11.7662,11.7699,11.3276,11.3276,11.3276,10.8527,10.8527,10.8535,10.7511,10.7511,10.7534,11.6688,11.6688,11.688,12.3517,12.3519,12.4145,11.6741,11.6741,11.6933,11.2955,11.2956,11.3332,11.9419,11.9414,11.9473,11.2959,11.2959,11.2962,10.801,10.801,10.8012,10.7136,10.7135,10.7151
model.language_model.layers.24.mlp.up_proj.weight,linear,mlp,24,12288x4096,50331648,30,2.56,10.5956,12.7617,12.7617,12.7724,12.965,12.9651,12.971,12.7675,12.7674,12.778,12.436,12.436,12.4468,11.6604,11.6606,11.661,11.4008,11.4007,11.4022,10.9357,10.9357,10.936,10.8142,10.8142,10.8148,12.0985,12.0984,12.1043,12.3937,12.3939,12.4077,12.1008,12.1007,12.1066,11.7262,11.7263,11.7378,11.7873,11.7874,11.7884,11.3112,11.3112,11.3124,10.832,10.832,10.8323,10.7343,10.7343,10.735,11.667,11.6671,11.6716,12.3546,12.3548,12.3733,11.6712,11.6712,11.6755,11.3023,11.3025,11.314,11.9538,11.9549,11.9554,11.2695,11.2696,11.2702,10.7799,10.7799,10.78,10.6964,10.6963,10.6968
model.language_model.layers.25.linear_attn.in_proj_qkv.weight,linear,linattn,25,8192x4096,33554432,30,2.5791,10.6237,12.759,12.7593,12.7857,12.9945,12.9949,13.0149,12.7623,12.7625,12.7882,12.4673,12.4674,12.5021,11.5945,11.5945,11.6009,11.3725,11.3727,11.375,10.975,10.975,10.9759,10.8293,10.8292,10.8314,12.0937,12.0938,12.1054,12.3896,12.3894,12.4141,12.0974,12.0976,12.1091,11.735,11.7351,11.7646,11.6981,11.697,11.7099,11.2793,11.2792,11.2809,10.8724,10.8724,10.873,10.7502,10.7503,10.7524,11.6599,11.6599,11.6658,12.3049,12.3048,12.3347,11.6666,11.6667,11.6718,11.3006,11.3007,11.33,11.8851,11.8843,11.9013,11.2401,11.2399,11.2417,10.821,10.821,10.8216,10.712,10.712,10.714
model.language_model.layers.25.mlp.gate_proj.weight,linear,mlp,25,12288x4096,50331648,33,2.5664,10.5944,12.7397,12.74,12.7648,12.9727,12.9732,12.996,12.7456,12.7458,12.7705,12.4346,12.4348,12.4698,11.6315,11.6318,11.6333,11.3964,11.3967,11.3973,10.9593,10.9594,10.9606,10.8385,10.8386,10.8411,12.0937,12.0939,12.1113,12.4102,12.4102,12.4564,12.0968,12.0969,12.1148,11.7241,11.7242,11.7599,11.7536,11.7541,11.7569,11.3186,11.3187,11.3187,10.8553,10.8553,10.856,10.7571,10.7571,10.7591,11.6713,11.6714,11.688,12.3591,12.3592,12.4088,11.6769,11.6771,11.6939,11.2949,11.295,11.3273,11.9323,11.9332,11.9373,11.2866,11.2867,11.2867,10.8036,10.8036,10.8038,10.7199,10.7198,10.7212
model.language_model.layers.25.mlp.up_proj.weight,linear,mlp,25,12288x4096,50331648,30,2.5589,10.5929,12.7593,12.7596,12.7688,12.9649,12.9651,12.9708,12.7652,12.7653,12.7746,12.435,12.4349,12.4452,11.6557,11.6554,11.6563,11.4001,11.4003,11.4016,10.9349,10.9349,10.9352,10.8149,10.8149,10.8155,12.0983,12.0984,12.104,12.3964,12.3964,12.4098,12.1006,12.1008,12.1062,11.7261,11.7263,11.7372,11.7821,11.7817,11.7834,11.3128,11.3127,11.314,10.8311,10.8311,10.8314,10.7349,10.7349,10.7355,11.668,11.6681,11.6727,12.3577,12.3577,12.3773,11.6723,11.6724,11.6768,11.3021,11.3021,11.313,11.9501,11.9498,11.9516,11.2727,11.2726,11.2734,10.779,10.779,10.7791,10.6969,10.6969,10.6974
model.language_model.layers.26.linear_attn.in_proj_qkv.weight,linear,linattn,26,8192x4096,33554432,30,2.5714,10.6181,12.7538,12.754,12.7728,12.9936,12.9933,13.008,12.7571,12.7571,12.7753,12.4641,12.4637,12.489,11.5852,11.5848,11.589,11.3672,11.3671,11.3691,10.9627,10.9627,10.9633,10.8208,10.821,10.8227,12.0913,12.0915,12.0993,12.386,12.3865,12.4008,12.095,12.0953,12.1031,11.731,11.7309,11.7514,11.6868,11.6862,11.6938,11.2746,11.2745,11.2757,10.8598,10.8598,10.8602,10.7414,10.7415,10.743,11.6588,11.6586,11.6618,12.2999,12.2987,12.3171,11.6657,11.6656,11.6684,11.296,11.2958,11.3161,11.876,11.8751,11.8852,11.2361,11.2359,11.2369,10.8085,10.8084,10.8088,10.7033,10.7034,10.7047
model.language_model.layers.27.self_attn.q_proj.weight,linear,attn,27,8192x4096,33554432,30,2.6171,10.6481,12.7672,12.7671,12.8382,12.999,12.9987,13.0694,12.7715,12.7714,12.8421,12.4755,12.475,12.5832,11.6431,11.6427,11.6523,11.4085,11.4084,11.4114,11.0361,11.0361,11.0383,10.882,10.882,10.8878,12.1042,12.1043,12.1475,12.4263,12.4262,12.5442,12.1078,12.1079,12.1527,11.7531,11.7531,11.8544,11.7618,11.7602,11.7761,11.3271,11.3268,11.3281,10.9327,10.9327,10.9336,10.7987,10.7987,10.803,11.6738,11.6739,11.7115,12.3588,12.3594,12.4576,11.68,11.68,11.7183,11.3196,11.3196,11.4108,11.9358,11.9352,11.9528,11.2937,11.2936,11.295,10.8814,10.8814,10.882,10.7602,10.7602,10.7634
model.language_model.layers.28.mlp.down_proj.weight,linear,mlp,28,4096x12288,50331648,32,2.5724,10.6056,12.7517,12.752,12.788,12.9709,12.9709,12.9894,12.7577,12.758,12.7933,12.4379,12.4381,12.4753,11.6559,11.6561,11.6597,11.4046,11.4048,11.41,10.9571,10.9571,10.9575,10.8263,10.8264,10.8295,12.0984,12.0986,12.1145,12.4096,12.4098,12.4387,12.1011,12.1013,12.1173,11.7292,11.7293,11.7648,11.781,11.7809,11.7861,11.3217,11.3218,11.3251,10.8531,10.8531,10.8535,10.7456,10.7456,10.7486,11.6725,11.6726,11.682,12.3692,12.3688,12.4035,11.6775,11.6776,11.6863,11.3027,11.3028,11.3376,11.9486,11.9478,11.955,11.2859,11.2859,11.2879,10.8009,10.8009,10.8012,10.7071,10.7071,10.7098
model.language_model.layers.28.mlp.gate_proj.weight,linear,mlp,28,12288x4096,50331648,31,2.5708,10.5991,12.7424,12.7425,12.7696,12.9786,12.9787,13.0031,12.7481,12.7481,12.7752,12.4416,12.4418,12.4808,11.6293,11.6292,11.6309,11.3952,11.3952,11.3959,10.9665,10.9665,10.968,10.8434,10.8435,10.8462,12.0954,12.0955,12.1143,12.4159,12.4155,12.4664,12.0985,12.0987,12.1181,11.729,11.7292,11.7689,11.7502,11.7498,11.7538,11.3168,11.3165,11.3167,10.8624,10.8624,10.8633,10.7615,10.7615,10.7637,11.673,11.6729,11.6903,12.3623,12.3617,12.4126,11.6788,11.6787,11.6966,11.2988,11.2989,11.3341,11.9291,11.9284,11.9344,11.2844,11.2843,11.2845,10.811,10.811,10.8112,10.7243,10.7243,10.7258
model.language_model.layers.28.mlp.up_proj.weight,linear,mlp,28,12288x4096,50331648,29,2.559,10.5898,12.7498,12.7502,12.7627,12.9676,12.9676,12.9761,12.756,12.7564,12.7688,12.4338,12.4338,12.4481,11.644,11.6439,11.6444,11.4011,11.4012,11.4034,10.9401,10.9401,10.9406,10.8214,10.8215,10.8224,12.0973,12.0975,12.1052,12.4068,12.4076,12.4265,12.0999,12.1001,12.1079,11.7265,11.7265,11.7416,11.7691,11.7687,11.7698,11.3219,11.3219,11.3239,10.836,10.836,10.8364,10.7409,10.7409,10.7418,11.6719,11.672,11.6787,12.3685,12.3698,12.3928,11.6767,11.6768,11.6834,11.3008,11.3009,11.3152,11.9414,11.9412,11.9433,11.289,11.289,11.2903,10.7839,10.7839,10.7841,10.703,10.7031,10.7038
model.language_model.layers.29.mlp.down_proj.weight,linear,mlp,29,4096x12288,50331648,30,2.5741,10.6063,12.753,12.7525,12.7888,12.9742,12.9745,12.993,12.7589,12.7585,12.7941,12.4423,12.4423,12.4797,11.6528,11.6531,11.6564,11.4061,11.4062,11.4116,10.9613,10.9613,10.9617,10.83,10.8299,10.8331,12.1,12.0998,12.1164,12.4171,12.4171,12.4468,12.1028,12.1026,12.1192,11.7336,11.7337,11.7694,11.7772,11.7774,11.7824,11.3257,11.3257,11.3293,10.8571,10.8571,10.8576,10.7489,10.7488,10.7519,11.6747,11.6748,11.6846,12.374,12.3747,12.4102,11.6799,11.6799,11.6891,11.3059,11.306,11.3411,11.9446,11.945,11.9517,11.2922,11.2923,11.2945,10.805,10.805,10.8052,10.7103,10.7103,10.713
model.language_model.layers.29.mlp.gate_proj.weight,linear,mlp,29,12288x4096,50331648,33,2.5726,10.6014,12.7436,12.7436,12.7706,12.9831,12.9832,13.0073,12.7492,12.7491,12.7761,12.4467,12.4469,12.4853,11.6286,11.6286,11.6305,11.3943,11.3941,11.395,10.9672,10.9672,10.9686,10.8433,10.8434,10.846,12.0969,12.0968,12.1154,12.4219,12.4228,12.471,12.1002,12.1002,12.1193,11.7334,11.7336,11.7722,11.75,11.7489,11.753,11.3155,11.3155,11.3155,10.8631,10.8631,10.8639,10.7611,10.7611,10.7633,11.6744,11.6744,11.6913,12.3656,12.365,12.4134,11.6804,11.6804,11.6978,11.302,11.3021,11.3365,11.9299,11.9284,11.9337,11.2832,11.283,11.2832,10.8117,10.8117,10.8119,10.724,10.7239,10.7254
model.language_model.layers.29.mlp.up_proj.weight,linear,mlp,29,12288x4096,50331648,31,2.5601,10.5898,12.7478,12.7477,12.7607,12.9715,12.9709,12.9805,12.7538,12.7538,12.7668,12.4366,12.4362,12.4523,11.6393,11.6391,11.6398,11.403,11.4027,11.4032,10.9452,10.9453,10.9457,10.8263,10.8263,10.8273,12.0978,12.0976,12.1063,12.4142,12.4137,12.4354,12.1005,12.1004,12.1092,11.7291,11.7286,11.7457,11.7635,11.7628,11.7644,11.3261,11.3258,11.326,10.8411,10.841,10.8413,10.7455,10.7454,10.7464,11.674,11.6738,11.6816,12.3734,12.3727,12.3976,11.679,11.6789,11.6867,11.302,11.3018,11.3176,11.9381,11.9375,11.9399,11.2947,11.2946,11.2946,10.789,10.789,10.789,10.7077,10.7077,10.7084
model.language_model.layers.3.self_attn.q_proj.weight,linear,attn,3,8192x4096,33554432,31,2.616,10.6549,12.7501,12.7499,12.8392,12.9846,12.985,13.0561,12.7546,12.7543,12.8413,12.4518,12.452,12.5783,11.6261,11.6265,11.6362,11.3908,11.3909,11.3962,11.0388,11.0387,11.0414,10.863,10.8628,10.8702,12.0939,12.0939,12.1307,12.3993,12.4004,12.4773,12.0973,12.0973,12.1347,11.7298,11.73,11.8359,11.7358,11.7364,11.7525,11.2991,11.2993,11.3017,10.9373,10.9373,10.9383,10.7838,10.7837,10.7888,11.6653,11.6652,11.6845,12.3305,12.3304,12.398,11.6715,11.6714,11.69,11.2976,11.2977,11.3991,11.9118,11.9122,11.9317,11.2601,11.2603,11.2622,10.8858,10.8858,10.8868,10.7446,10.7445,10.7477
model.language_model.layers.30.linear_attn.in_proj_qkv.weight,linear,linattn,30,8192x4096,33554432,29,2.591,10.6318,12.7662,12.7658,12.7967,13.0069,13.0069,13.0329,12.7695,12.7693,12.7991,12.4837,12.4836,12.5294,11.6038,11.6029,11.6101,11.3781,11.3779,11.3806,10.9946,10.9945,10.9955,10.8383,10.8383,10.8415,12.1003,12.1003,12.1135,12.4144,12.4142,12.4436,12.1042,12.1042,12.1176,11.7518,11.7516,11.7898,11.7104,11.7087,11.7221,11.2871,11.287,11.2884,10.8916,10.8916,10.8921,10.7574,10.7573,10.7599,11.6678,11.6676,11.6744,12.329,12.3281,12.3602,11.6746,11.6745,11.6808,11.3156,11.3154,11.3524,11.8953,11.8944,11.9107,11.249,11.2489,11.2504,10.8402,10.8401,10.8407,10.718,10.718,10.72
model.language_model.layers.31.self_attn.q_proj.weight,linear,attn,31,8192x4096,33554432,31,2.6017,10.6321,12.7644,12.7642,12.8119,13.0013,13.0012,13.0511,12.7692,12.7689,12.8161,12.475,12.475,12.5504,11.6369,11.6373,11.6423,11.401,11.4013,11.4035,11.008,11.008,11.0098,10.8655,10.8655,10.8695,12.1064,12.1063,12.136,12.4407,12.4405,12.5202,12.1101,12.11,12.1408,11.7558,11.7558,11.8252,11.7556,11.7568,11.7652,11.3197,11.32,11.3206,10.9044,10.9045,10.9052,10.7822,10.7823,10.7855,11.6791,11.6792,11.704,12.3745,12.3746,12.4392,11.6853,11.6853,11.711,11.3217,11.3216,11.3833,11.9318,11.9324,11.9428,11.2862,11.2863,11.287,10.853,10.853,10.8535,10.744,10.7441,10.7466
model.language_model.layers.4.linear_attn.in_proj_qkv.weight,linear,linattn,4,8192x4096,33554432,29,2.5678,10.6081,12.7474,12.7473,12.7605,12.9968,12.9967,13.0092,12.7511,12.7508,12.7635,12.4658,12.4656,12.4857,11.5807,11.5809,11.5833,11.3649,11.365,11.3662,10.9577,10.9577,10.9581,10.8167,10.8167,10.818,12.0909,12.091,12.0967,12.3954,12.3964,12.4082,12.095,12.0951,12.1009,11.7335,11.7337,11.7493,11.6829,11.6837,11.6873,11.2753,11.2753,11.2758,10.8543,10.8544,10.8546,10.7354,10.7355,10.7365,11.6614,11.6615,11.664,12.3072,12.3083,12.3197,11.6688,11.6689,11.6713,11.2966,11.2967,11.3117,11.8718,11.8737,11.8772,11.2381,11.2383,11.2387,10.803,10.803,10.8032,10.6967,10.6968,10.6976
model.language_model.layers.5.linear_attn.in_proj_qkv.weight,linear,linattn,5,8192x4096,33554432,29,2.5721,10.6105,12.7485,12.7485,12.7636,12.9997,12.9998,13.0147,12.7522,12.7522,12.7668,12.4688,12.469,12.4942,11.5874,11.5871,11.5888,11.3679,11.368,11.3687,10.9617,10.9616,10.9621,10.8201,10.8201,10.8214,12.0933,12.0933,12.1,12.4059,12.4059,12.4214,12.0973,12.0974,12.1043,11.7381,11.7381,11.7588,11.6931,11.6917,11.6952,11.2794,11.2793,11.2796,10.8583,10.8583,10.8584,10.7385,10.7384,10.7395,11.6649,11.6649,11.668,12.3212,12.3187,12.3329,11.6722,11.6722,11.6753,11.301,11.3008,11.3203,11.8816,11.88,11.8858,11.2425,11.2424,11.2429,10.8069,10.8069,10.8072,10.6997,10.6997,10.7006
model.language_model.layers.5.mlp.down_proj.weight,linear,mlp,5,4096x12288,50331648,34,2.5685,10.6163,12.7764,12.7765,12.7941,12.9655,12.9656,12.976,12.7808,12.7809,12.7981,12.4414,12.4414,12.465,11.6148,11.615,11.6183,11.3822,11.3822,11.3831,10.9577,10.9577,10.9578,10.8121,10.8122,10.8145,12.0969,12.097,12.103,12.365,12.3655,12.3771,12.099,12.0991,12.1052,11.722,11.722,11.7429,11.7289,11.7294,11.7344,11.2839,11.2839,11.2839,10.8548,10.8548,10.8549,10.7332,10.7332,10.735,11.6553,11.6553,11.6582,12.3078,12.3083,12.3232,11.6593,11.6594,11.6623,11.2983,11.2983,11.3182,11.911,11.9114,11.9192,11.2395,11.2396,11.2399,10.8031,10.8031,10.8031,10.6951,10.6951,10.6963
model.language_model.layers.5.mlp.gate_proj.weight,linear,mlp,5,12288x4096,50331648,31,2.557,10.594,12.7531,12.753,12.7687,12.9587,12.9583,12.9665,12.7589,12.7589,12.7743,12.4245,12.4244,12.4398,11.6607,11.6611,11.6621,11.3982,11.3981,11.4006,10.9305,10.9305,10.9308,10.8099,10.8098,10.8109,12.0935,12.0934,12.1018,12.3808,12.3809,12.3984,12.0957,12.0956,12.104,11.7145,11.7146,11.7309,11.7874,11.7884,11.7898,11.3075,11.3076,11.3093,10.8269,10.8269,10.8273,10.7301,10.7301,10.7312,11.6628,11.6628,11.6687,12.3396,12.3397,12.3652,11.667,11.667,11.6725,11.2914,11.2914,11.3077,11.9546,11.9554,11.9578,11.2648,11.2649,11.2659,10.7748,10.7748,10.775,10.6923,10.6924,10.6933
model.language_model.layers.5.mlp.up_proj.weight,linear,mlp,5,12288x4096,50331648,29,2.5589,10.6098,12.777,12.7765,12.7807,12.963,12.9629,12.9642,12.7814,12.7809,12.785,12.4412,12.4411,12.4448,11.6098,11.6097,11.61,11.3782,11.3782,11.3785,10.9413,10.9413,10.9412,10.8049,10.8048,10.8052,12.0955,12.0955,12.0969,12.359,12.3587,12.3611,12.0976,12.0976,12.099,11.7215,11.7215,11.725,11.7232,11.7233,11.7239,11.2796,11.2796,11.2797,10.8383,10.8383,10.8384,10.7257,10.7257,10.7261,11.6534,11.6532,11.6539,12.3033,12.3024,12.3067,11.6576,11.6575,11.658,11.298,11.2979,11.3017,11.9065,11.9061,11.9079,11.2353,11.2352,11.2355,10.7866,10.7866,10.7866,10.6877,10.6877,10.6881
model.language_model.layers.6.linear_attn.in_proj_qkv.weight,linear,linattn,6,8192x4096,33554432,30,2.5804,10.6193,12.7592,12.759,12.7801,13.0018,13.0018,13.0214,12.7628,12.7624,12.7829,12.4774,12.477,12.5108,11.5895,11.5893,11.5916,11.3704,11.3705,11.3718,10.9764,10.9764,10.977,10.8282,10.8282,10.8303,12.0965,12.0963,12.1055,12.4065,12.405,12.4235,12.1006,12.1004,12.11,11.7456,11.7452,11.7721,11.6946,11.6941,11.6981,11.2805,11.2804,11.2809,10.8733,10.8733,10.8735,10.7469,10.7469,10.7485,11.6651,11.665,11.6689,12.3204,12.3186,12.3355,11.6723,11.6722,11.6762,11.3086,11.3083,11.3337,11.8826,11.8819,11.8876,11.2434,11.2433,11.2437,10.8219,10.8219,10.8222,10.7079,10.7079,10.709
model.language_model.layers.6.mlp.down_proj.weight,linear,mlp,6,4096x12288,50331648,31,2.5772,10.6204,12.7927,12.7927,12.8046,12.9819,12.9819,12.9877,12.7966,12.7966,12.808,12.4687,12.4686,12.4839,11.6169,11.6171,11.6204,11.383,11.3832,11.3839,10.9667,10.9667,10.9668,10.8198,10.8198,10.8208,12.1042,12.104,12.1075,12.3838,12.3831,12.3889,12.1065,12.1064,12.1099,11.7452,11.7451,11.758,11.7318,11.7316,11.7377,11.2848,11.2847,11.285,10.8638,10.8638,10.8639,10.7403,10.7402,10.7412,11.6602,11.6601,11.661,12.3197,12.3192,12.3324,11.6644,11.6644,11.6653,11.3192,11.3192,11.3319,11.9178,11.9169,11.9259,11.2411,11.241,11.2416,10.8121,10.8121,10.8122,10.7016,10.7016,10.7024
model.language_model.layers.6.mlp.gate_proj.weight,linear,mlp,6,12288x4096,50331648,31,2.5767,10.6127,12.7589,12.7588,12.7967,12.9711,12.9715,12.9929,12.7644,12.7643,12.8017,12.4411,12.4416,12.483,11.6664,11.6663,11.6697,11.4064,11.4066,11.4119,10.9617,10.9618,10.9625,10.827,10.827,10.8303,12.0984,12.0983,12.1173,12.401,12.4,12.4411,12.101,12.1009,12.1199,11.7297,11.7297,11.7709,11.7927,11.7926,11.7991,11.3196,11.3196,11.3237,10.8579,10.8579,10.8587,10.7463,10.7463,10.7495,11.6688,11.6688,11.6818,12.3546,12.3544,12.4053,11.6735,11.6735,11.6859,11.3039,11.3038,11.3438,11.9586,11.9588,11.9672,11.2813,11.2812,11.2838,10.806,10.806,10.8064,10.7077,10.7077,10.7103
model.language_model.layers.6.mlp.up_proj.weight,linear,mlp,6,12288x4096,50331648,33,2.5706,10.6177,12.7882,12.7883,12.7969,12.9737,12.9738,12.978,12.7923,12.7924,12.8008,12.4595,12.4596,12.4696,11.6185,11.6181,11.6197,11.3836,11.3835,11.3839,10.9616,10.9616,10.9617,10.8161,10.816,10.8167,12.1011,12.1013,12.1041,12.3748,12.3748,12.3797,12.1034,12.1036,12.1063,11.7383,11.7383,11.7472,11.7334,11.7331,11.7363,11.2846,11.2846,11.2847,10.8587,10.8587,10.8588,10.7364,10.7364,10.737,11.6579,11.6579,11.6589,12.3185,12.3174,12.3248,11.6621,11.662,11.663,11.3138,11.3135,11.3223,11.9152,11.9151,11.919,11.2404,11.2405,11.2406,10.8069,10.8069,10.807,10.6977,10.6977,10.6981
model.language_model.layers.7.mlp.down_proj.weight,linear,mlp,7,4096x12288,50331648,31,2.5721,10.6182,12.7749,12.7749,12.7988,12.967,12.9672,12.9799,12.7795,12.7794,12.8026,12.4432,12.4432,12.4731,11.6158,11.616,11.6188,11.3825,11.3826,11.3837,10.9628,10.9628,10.963,10.816,10.816,10.8176,12.0972,12.0972,12.1047,12.3693,12.3691,12.3808,12.0994,12.0995,12.1069,11.724,11.724,11.7499,11.7305,11.7309,11.7346,11.2846,11.2847,11.2847,10.86,10.86,10.86,10.7364,10.7364,10.7379,11.6568,11.6568,11.6593,12.3134,12.3127,12.3256,11.661,11.661,11.6634,11.2999,11.2999,11.3249,11.9127,11.9124,11.9171,11.2406,11.2406,11.2408,10.8082,10.8082,10.8083,10.6979,10.6978,10.699
model.language_model.layers.7.mlp.gate_proj.weight,linear,mlp,7,12288x4096,50331648,31,2.5663,10.6002,12.7502,12.7499,12.7786,12.9656,12.9653,12.9838,12.7558,12.7557,12.7842,12.4313,12.431,12.4626,11.6543,11.6546,11.6559,11.4028,11.4026,11.4075,10.9458,10.9458,10.9468,10.821,10.821,10.8231,12.0944,12.0942,12.1113,12.3931,12.3923,12.4334,12.097,12.0968,12.1139,11.7203,11.72,11.7533,11.7794,11.7803,11.7824,11.3194,11.3195,11.3237,10.8418,10.8419,10.8428,10.7406,10.7405,10.7424,11.6661,11.6661,11.6804,12.3452,12.3459,12.3985,11.6709,11.671,11.6848,11.2943,11.2942,11.3265,11.9478,11.9487,11.9526,11.284,11.2841,11.2869,10.7899,10.79,10.7904,10.7027,10.7026,10.704
model.language_model.layers.7.mlp.up_proj.weight,linear,mlp,7,12288x4096,50331648,30,2.5624,10.6128,12.7822,12.783,12.7855,12.9671,12.9681,12.9687,12.7865,12.7873,12.7897,12.4493,12.45,12.4522,11.6159,11.6156,11.6167,11.3812,11.3815,11.3816,10.9466,10.9467,10.9467,10.8084,10.8085,10.8088,12.0984,12.0987,12.0997,12.367,12.3671,12.3693,12.1006,12.1008,12.1019,11.7296,11.7297,11.732,11.7307,11.7304,11.7329,11.2827,11.2829,11.283,10.8437,10.8437,10.8438,10.7291,10.7291,10.7295,11.6557,11.6559,11.6564,12.3122,12.3135,12.317,11.6599,11.66,11.6604,11.3059,11.3059,11.3084,11.9119,11.9124,11.914,11.2384,11.2386,11.2386,10.7919,10.7919,10.792,10.6909,10.6909,10.6912
model.language_model.layers.7.self_attn.q_proj.weight,linear,attn,7,8192x4096,33554432,30,2.6076,10.6426,12.7652,12.7652,12.8178,12.9984,12.9979,13.0559,12.7692,12.7692,12.8205,12.476,12.4763,12.5671,11.6097,11.6098,11.6196,11.3847,11.3848,11.3884,11.0127,11.0128,11.0142,10.8514,10.8515,10.8561,12.1,12.1002,12.1269,12.411,12.4124,12.4822,12.1039,12.104,12.1319,11.749,11.7493,11.8258,11.7193,11.7195,11.7342,11.2967,11.2968,11.2988,10.9099,10.9099,10.9106,10.7696,10.7695,10.7727,11.6683,11.6684,11.6867,12.3364,12.3378,12.3924,11.6751,11.6751,11.6937,11.3143,11.3144,11.3843,11.9035,11.9038,11.9192,11.2606,11.2608,11.2624,10.8586,10.8586,10.8592,10.7303,10.7303,10.7324
model.language_model.layers.8.linear_attn.in_proj_qkv.weight,linear,linattn,8,8192x4096,33554432,29,2.5823,10.6209,12.7632,12.7626,12.7829,13.0054,13.0051,13.0247,12.7666,12.7661,12.7855,12.4842,12.4837,12.5148,11.5926,11.5918,11.5956,11.372,11.3717,11.3738,10.9786,10.9785,10.9792,10.8301,10.8299,10.8321,12.0983,12.0982,12.1072,12.4106,12.411,12.4305,12.1025,12.1024,12.1116,11.7516,11.7516,11.776,11.6978,11.6971,11.7031,11.282,11.2819,11.283,10.8753,10.8753,10.8757,10.7485,10.7485,10.7502,11.6666,11.6665,11.6707,12.3266,12.3259,12.3424,11.6739,11.6738,11.6778,11.3145,11.3144,11.3374,11.8849,11.8841,11.8917,11.245,11.245,11.2457,10.8239,10.8239,10.8243,10.7094,10.7094,10.7106
model.language_model.layers.9.linear_attn.in_proj_qkv.weight,linear,linattn,9,8192x4096,33554432,30,2.5832,10.6226,12.7622,12.762,12.7845,13.0036,13.0037,13.025,12.7658,12.7655,12.7873,12.4818,12.4816,12.5158,11.592,11.5922,11.5961,11.372,11.372,11.3743,10.9807,10.9807,10.9814,10.8308,10.8308,10.833,12.0976,12.0975,12.1077,12.4068,12.4079,12.4301,12.1017,12.1016,12.112,11.7493,11.7494,11.7768,11.6963,11.6974,11.7039,11.2818,11.2819,11.283,10.8775,10.8775,10.878,10.7494,10.7495,10.7513,11.6655,11.6654,11.6704,12.3216,12.3227,12.342,11.6728,11.6727,11.6774,11.3123,11.3124,11.3387,11.8833,11.8842,11.8924,11.2445,11.2445,11.2453,10.8261,10.8261,10.8266,10.7103,10.7103,10.7118
mtp.layers.0.self_attn.q_proj.weight,linear,attn,,8192x4096,33554432,30,2.7341,10.7813,12.7518,12.7517,13.0072,12.984,12.9834,13.2433,12.7565,12.7566,13.0094,12.4512,12.4507,12.8412,11.7084,11.7078,11.7605,11.4634,11.4632,11.4839,11.2176,11.2176,11.2244,10.9622,10.9621,10.9822,12.0963,12.0966,12.2318,12.4073,12.4075,12.7635,12.0995,12.0999,12.2387,11.7322,11.7321,12.0848,11.8256,11.825,11.8957,11.3839,11.3839,11.3998,11.1168,11.1168,11.12,10.878,10.878,10.8914,11.6685,11.6685,11.7809,12.3448,12.3444,12.5908,11.6744,11.6744,11.7855,11.3009,11.3009,11.6291,11.9806,11.9808,12.0354,11.3494,11.3494,11.3634,11.0664,11.0664,11.0681,10.838,10.8381,10.8458
model.language_model.layers.0.linear_attn.in_proj_z.weight,linear,linattn,0,4096x4096,16777216,29,2.5734,10.6116,12.7502,12.7498,12.7689,13.0006,12.9996,13.0158,12.7537,12.7534,12.7718,12.4716,12.4704,12.4985,11.5842,11.584,11.5861,11.3678,11.3674,11.3689,10.9645,10.9645,10.9648,10.821,10.8209,10.8233,12.0927,12.0925,12.1014,12.4015,12.4013,12.4176,12.0969,12.0966,12.1059,11.7387,11.7383,11.7614,11.6877,11.6873,11.6914,11.2787,11.2786,11.2787,10.8611,10.8611,10.8612,10.7395,10.7394,10.7411,11.663,11.6631,11.6673,12.3124,12.3126,12.3272,11.6705,11.6705,11.675,11.3012,11.301,11.3221,11.8757,11.8761,11.8827,11.2416,11.2419,11.2421,10.8098,10.8098,10.8099,10.7008,10.7008,10.7019
model.language_model.layers.0.linear_attn.out_proj.weight,linear,linattn,0,4096x4096,16777216,29,2.6292,10.6598,12.7826,12.8261,12.8477,13.0227,13.0613,13.0956,12.787,12.8302,12.8512,12.5088,12.5709,12.6081,11.6516,11.6617,11.6805,11.4141,11.4188,11.4234,11.0465,11.0478,11.0492,10.8831,10.8865,10.8909,12.1168,12.1413,12.1581,12.4691,12.5291,12.5868,12.1212,12.1464,12.1632,11.7845,11.8435,11.8768,11.7698,11.7807,11.8116,11.3325,11.3362,11.3404,10.9426,10.9433,10.9445,10.7988,10.8013,10.8057,11.6878,11.7093,11.723,12.3917,12.442,12.4898,11.6948,11.7163,11.7291,11.3457,11.4002,11.432,11.9423,11.9505,11.9849,11.2994,11.3022,11.306,10.8911,10.8915,10.8928,10.7597,10.7612,10.7654
model.language_model.layers.1.linear_attn.in_proj_z.weight,linear,linattn,1,4096x4096,16777216,29,2.5783,10.6149,12.7424,12.7421,12.7726,12.9913,12.9918,13.0242,12.7463,12.746,12.7759,12.4559,12.4557,12.5093,11.5895,11.5892,11.5938,11.3706,11.3708,11.3725,10.9699,10.9699,10.9704,10.8247,10.8246,10.8278,12.0898,12.0899,12.1059,12.396,12.3963,12.4375,12.0937,12.0937,12.1106,11.7276,11.7272,11.7731,11.6944,11.6948,11.7018,11.2831,11.2833,11.2844,10.8665,10.8665,10.8667,10.7428,10.7428,10.7451,11.6623,11.6623,11.6735,12.3137,12.3139,12.3465,11.6695,11.6693,11.6812,11.2919,11.2918,11.3325,11.8828,11.8826,11.8911,11.2469,11.2469,11.2484,10.8152,10.8152,10.8153,10.7042,10.7043,10.7058
model.language_model.layers.1.linear_attn.out_proj.weight,linear,linattn,1,4096x4096,16777216,32,2.5803,10.6173,12.7476,12.7637,12.7716,13.0048,13.0215,13.0274,12.7517,12.7676,12.7754,12.4732,12.5009,12.5111,11.598,11.5995,11.6078,11.3755,11.3763,11.3779,10.9723,10.9733,10.9735,10.8275,10.8294,10.8311,12.0949,12.1053,12.1099,12.4237,12.4451,12.4563,12.0993,12.1101,12.1147,11.7446,11.7691,11.7791,11.7057,11.7101,11.7231,11.2902,11.2906,11.292,10.869,10.8695,10.8697,10.7446,10.7462,10.7477,11.67,11.6774,11.6805,12.3382,12.3551,12.3708,11.6774,11.6853,11.6881,11.3065,11.3278,11.3378,11.8922,11.8966,11.918,11.2552,11.2556,11.2571,10.818,10.8182,10.8184,10.7059,10.7072,10.7085
model.language_model.layers.10.linear_attn.in_proj_z.weight,linear,linattn,10,4096x4096,16777216,29,2.5922,10.6255,12.7526,12.7526,12.7946,12.9958,12.9955,13.0378,12.757,12.7571,12.7983,12.4679,12.4678,12.5367,11.6063,11.607,11.6106,11.3819,11.3819,11.3835,10.9882,10.9883,10.9902,10.8417,10.8417,10.8464,12.0977,12.0977,12.1204,12.4185,12.418,12.4739,12.1016,12.1016,12.1255,11.7444,11.7447,11.8037,11.7175,11.719,11.7242,11.2974,11.2974,11.2974,10.8853,10.8854,10.886,10.7591,10.7592,10.7625,11.671,11.671,11.6864,12.3449,12.3433,12.3849,11.678,11.6782,11.6943,11.3089,11.3091,11.3613,11.9023,11.9025,11.9103,11.2627,11.2626,11.2629,10.8344,10.8344,10.8346,10.7207,10.7207,10.7231
model.language_model.layers.10.linear_attn.out_proj.weight,linear,linattn,10,4096x4096,16777216,30,2.6029,10.6362,12.7582,12.7746,12.8105,13.004,13.024,13.051,12.7624,12.7785,12.8141,12.4784,12.5079,12.5585,11.6092,11.6116,11.6191,11.3864,11.3869,11.3889,11.0062,11.0072,11.008,10.8492,10.8511,10.8559,12.1007,12.1103,12.1278,12.4247,12.4533,12.4901,12.1048,12.1149,12.1333,11.7521,11.7776,11.8231,11.7189,11.7214,11.7355,11.3018,11.3019,11.3024,10.9033,10.9036,10.9038,10.7665,10.7678,10.7715,11.6726,11.6806,11.6916,12.345,12.3646,12.3978,11.6798,11.6882,11.6995,11.3148,11.3373,11.3795,11.9025,11.9038,11.9227,11.267,11.2671,11.2681,10.8522,10.8523,10.8524,10.7277,10.7287,10.7314
model.language_model.layers.11.self_attn.k_proj.weight,linear,attn,11,1024x4096,4194304,27,2.6367,10.6688,12.7896,12.7907,12.8639,13.0287,13.03,13.0971,12.7935,12.7944,12.8672,12.5148,12.5165,12.6282,11.6542,11.6528,11.6575,11.413,11.413,11.4149,11.0604,11.0605,11.0626,10.8891,10.8893,10.8953,12.1192,12.1188,12.1575,12.4687,12.4706,12.5672,12.1233,12.1229,12.1632,11.7877,11.788,11.889,11.7749,11.7736,11.7814,11.3291,11.3288,11.3294,10.9577,10.9577,10.9583,10.8056,10.8054,10.8098,11.6869,11.6868,11.7156,12.3955,12.3941,12.4657,11.6932,11.6932,11.7224,11.3501,11.3501,11.4428,11.9476,11.9451,11.958,11.2943,11.294,11.2951,10.9064,10.9064,10.9067,10.7656,10.7656,10.7687
model.language_model.layers.11.self_attn.o_proj.weight,linear,attn,11,4096x4096,16777216,30,2.6117,10.6422,12.758,12.7716,12.8267,13.0037,13.0202,13.0617,12.7624,12.7754,12.8302,12.4776,12.501,12.5775,11.6172,11.6184,11.6276,11.3925,11.3933,11.3957,11.0205,11.0211,11.0222,10.8593,10.8608,10.8682,12.1011,12.1091,12.1367,12.4281,12.4508,12.5098,12.1051,12.1134,12.1425,11.7524,11.7729,11.8423,11.7278,11.7285,11.7461,11.309,11.3096,11.3102,10.9173,10.9174,10.9178,10.7766,10.7777,10.7833,11.6737,11.6805,11.6986,12.3502,12.367,12.4155,11.6808,11.6878,11.7066,11.3156,11.3338,11.3975,11.9084,11.9083,11.9303,11.2749,11.2751,11.2762,10.8661,10.8661,10.8662,10.7378,10.7386,10.743
model.language_model.layers.11.self_attn.v_proj.weight,linear,attn,11,1024x4096,4194304,27,2.6231,10.6583,12.8079,12.8087,12.8433,13.0429,13.042,13.0746,12.8116,12.8121,12.8463,12.546,12.5443,12.6018,11.6287,11.6276,11.6325,11.3971,11.3971,11.3986,11.0405,11.0405,11.0418,10.8727,10.8728,10.8762,12.1244,12.124,12.1418,12.4765,12.4728,12.5196,12.1291,12.1289,12.1475,11.8111,11.8098,11.8614,11.7448,11.7423,11.7511,11.311,11.3107,11.3112,10.9375,10.9376,10.938,10.7886,10.7886,10.791,11.6875,11.6875,11.6997,12.3888,12.3828,12.4197,11.6944,11.6946,11.7073,11.3697,11.369,11.4156,11.9234,11.9215,11.9314,11.276,11.2756,11.2759,10.8864,10.8864,10.8866,10.7481,10.748,10.7498
model.language_model.layers.12.linear_attn.in_proj_qkv.weight,linear,linattn,12,8192x4096,33554432,29,2.5972,10.635,12.7807,12.7802,12.8055,13.0143,13.0141,13.0386,12.7841,12.7837,12.8081,12.5041,12.5037,12.5441,11.6027,11.6017,11.6062,11.3785,11.3783,11.3805,11.0017,11.0016,11.0024,10.8443,10.844,10.8466,12.1057,12.1056,12.117,12.4243,12.4232,12.4493,12.1099,12.1098,12.1216,11.7705,11.7703,11.803,11.7107,11.7095,11.7163,11.288,11.288,11.2889,10.8986,10.8986,10.8989,10.7625,10.7624,10.7643,11.6705,11.6705,11.6761,12.3404,12.3395,12.3615,11.6776,11.6775,11.6831,11.3333,11.3331,11.3639,11.8961,11.8955,11.9037,11.2508,11.2507,11.2513,10.8472,10.8472,10.8476,10.7228,10.7227,10.7242
model.language_model.layers.12.linear_attn.in_proj_z.weight,linear,linattn,12,4096x4096,16777216,28,2.6032,10.633,12.7604,12.7601,12.8132,12.9994,12.9993,13.0507,12.7649,12.7646,12.817,12.4751,12.4747,12.5577,11.6205,11.6208,11.625,11.392,11.3921,11.394,11.0064,11.0064,11.0084,10.8576,10.8576,10.8626,12.102,12.1018,12.1315,12.4281,12.4279,12.5004,12.1058,12.1057,12.1368,11.7524,11.7521,11.8262,11.7351,11.7359,11.742,11.3091,11.3093,11.309,10.9033,10.9033,10.9039,10.7747,10.7748,10.7782,11.674,11.674,11.6966,12.3541,12.3562,12.4121,11.6809,11.6807,11.7044,11.3167,11.3169,11.3831,11.9153,11.9155,11.9244,11.275,11.2751,11.2752,10.8521,10.8521,10.8523,10.7361,10.7361,10.7388
model.language_model.layers.12.linear_attn.out_proj.weight,linear,linattn,12,4096x4096,16777216,31,2.6147,10.6464,12.765,12.7827,12.8306,13.0071,13.0269,13.0652,12.7692,12.7864,12.834,12.4845,12.5145,12.5837,11.6178,11.6204,11.6279,11.3929,11.3941,11.3961,11.025,11.0259,11.027,10.8614,10.8635,10.8696,12.1037,12.1139,12.1377,12.4319,12.4588,12.5114,12.1078,12.1184,12.1434,11.7582,11.784,11.8466,11.7284,11.7321,11.747,11.3092,11.3095,11.31,10.922,10.9224,10.9227,10.7785,10.78,10.7847,11.6746,11.683,11.6989,12.3519,12.3754,12.4158,11.6817,11.6902,11.7068,11.3207,11.3442,11.4017,11.9084,11.9117,11.9309,11.2747,11.275,11.2761,10.8711,10.8712,10.8713,10.7396,10.7407,10.7443
model.language_model.layers.13.linear_attn.in_proj_qkv.weight,linear,linattn,13,8192x4096,33554432,29,2.5914,10.6296,12.7778,12.7778,12.7975,13.0129,13.0131,13.0317,12.7812,12.7812,12.8001,12.5018,12.502,12.5325,11.5964,11.596,11.5993,11.375,11.375,11.3769,10.9933,10.9933,10.9939,10.8392,10.8391,10.841,12.1038,12.1039,12.1126,12.4194,12.4193,12.4375,12.1081,12.1082,12.1171,11.7673,11.7673,11.792,11.7025,11.7021,11.7075,11.2844,11.2844,11.2853,10.8901,10.8901,10.8905,10.7574,10.7575,10.759,11.6688,11.6688,11.6728,12.333,12.3335,12.3482,11.6761,11.676,11.6799,11.3298,11.3298,11.3531,11.8893,11.8887,11.895,11.2472,11.2471,11.2478,10.8387,10.8387,10.8391,10.7179,10.7179,10.7191
model.language_model.layers.13.linear_attn.in_proj_z.weight,linear,linattn,13,4096x4096,16777216,29,2.5895,10.6204,12.7546,12.7545,12.7905,12.9988,12.9987,13.0352,12.7592,12.7593,12.7945,12.4718,12.4721,12.531,11.6092,11.609,11.6122,11.3834,11.3833,11.3846,10.9839,10.984,10.9855,10.842,10.842,10.8457,12.1005,12.1,12.1205,12.4283,12.426,12.4767,12.1045,12.1041,12.1256,11.7497,11.7494,11.8009,11.7228,11.7215,11.7278,11.2998,11.2997,11.2999,10.8806,10.8807,10.8811,10.7592,10.7592,10.7619,11.6742,11.6739,11.6883,12.3553,12.3544,12.3898,11.6812,11.681,11.6962,11.3135,11.3134,11.3582,11.907,11.905,11.9134,11.2656,11.2654,11.2656,10.8295,10.8295,10.8296,10.7208,10.7208,10.7228
model.language_model.layers.13.linear_attn.out_proj.weight,linear,linattn,13,4096x4096,16777216,30,2.6158,10.6489,12.7612,12.7795,12.8327,13.0019,13.0214,13.0668,12.7653,12.7832,12.836,12.4779,12.5073,12.5875,11.616,11.6172,11.6246,11.392,11.3927,11.395,11.0272,11.028,11.0295,10.8611,10.8628,10.8696,12.1007,12.111,12.1377,12.4205,12.4509,12.5083,12.1048,12.1154,12.1435,11.7514,11.7774,11.8482,11.7255,11.7284,11.7422,11.3074,11.3077,11.3084,10.9246,10.9249,10.9254,10.7783,10.7797,10.7846,11.6712,11.68,11.6973,12.3413,12.3684,12.4108,11.6783,11.687,11.7052,11.3146,11.3381,11.403,11.9058,11.9087,11.9267,11.2726,11.273,11.2739,10.8737,10.8738,10.8739,10.7393,10.7403,10.744
model.language_model.layers.14.linear_attn.in_proj_z.weight,linear,linattn,14,4096x4096,16777216,28,2.6035,10.6334,12.7657,12.7658,12.8141,13.0023,13.0028,13.0517,12.7701,12.7703,12.818,12.4816,12.4813,12.5591,11.6221,11.622,11.6255,11.3928,11.3925,11.3942,11.0072,11.0072,11.009,10.859,10.8591,10.8634,12.1044,12.1041,12.132,12.4317,12.4301,12.5033,12.1084,12.1081,12.1374,11.7587,11.7582,11.8273,11.7374,11.7365,11.7426,11.3094,11.3091,11.3093,10.904,10.904,10.9046,10.776,10.7759,10.779,11.6754,11.6754,11.6969,12.3601,12.3594,12.4124,11.6823,11.6822,11.7048,11.3229,11.3229,11.3836,11.9187,11.9164,11.9243,11.2754,11.2752,11.2753,10.8528,10.8528,10.853,10.7374,10.7372,10.7395
model.language_model.layers.14.linear_attn.out_proj.weight,linear,linattn,14,4096x4096,16777216,29,2.6192,10.6499,12.7736,12.7914,12.8381,13.012,13.0315,13.0714,12.7778,12.7954,12.8416,12.4942,12.524,12.5925,11.6259,11.6269,11.6358,11.3983,11.3987,11.4012,11.0321,11.0329,11.0341,10.8683,10.8701,10.8767,12.1089,12.119,12.143,12.4431,12.4718,12.5245,12.113,12.1236,12.1489,11.7685,11.7951,11.8562,11.7394,11.7409,11.7557,11.3147,11.315,11.3159,10.929,10.9293,10.9297,10.7855,10.7865,10.7914,11.679,11.6876,11.704,12.3682,12.3903,12.43,11.686,11.6947,11.7118,11.3313,11.3546,11.4111,11.9173,11.9205,11.9373,11.2806,11.2811,11.2821,10.8779,10.878,10.8781,10.7464,10.7472,10.751
model.language_model.layers.15.self_attn.k_proj.weight,linear,attn,15,1024x4096,4194304,25,2.6374,10.6683,12.7726,12.7729,12.8679,13.0071,13.0077,13.096,12.7768,12.7772,12.8711,12.4861,12.4873,12.6294,11.6542,11.6547,11.6612,11.414,11.4142,11.4169,11.0654,11.0655,11.0682,10.8941,10.8939,10.902,12.1087,12.1084,12.1591,12.442,12.441,12.5687,12.1123,12.1122,12.165,11.764,11.7641,11.8918,11.7749,11.774,11.7865,11.3318,11.3312,11.3314,10.9628,10.9628,10.9636,10.8107,10.8105,10.8159,11.6787,11.6785,11.7172,12.3767,12.3728,12.471,11.6847,11.6846,11.7242,11.3298,11.33,11.445,11.9486,11.9463,11.9644,11.297,11.2967,11.2979,10.9116,10.9116,10.912,10.7713,10.7712,10.775
model.language_model.layers.15.self_attn.o_proj.weight,linear,attn,15,4096x4096,16777216,29,2.6125,10.6447,12.7614,12.7748,12.8278,13.0039,13.0195,13.0632,12.7655,12.7786,12.8311,12.4804,12.5025,12.5804,11.6159,11.6166,11.6257,11.3916,11.3924,11.3948,11.021,11.0217,11.0229,10.8581,10.8597,10.8671,12.1017,12.1088,12.1366,12.4266,12.4451,12.5088,12.1057,12.1132,12.1424,11.7538,11.773,11.8429,11.7259,11.727,11.7433,11.3077,11.3079,11.3086,10.918,10.9183,10.9186,10.7754,10.7765,10.7822,11.673,11.6789,11.6978,12.3479,12.3648,12.4132,11.6801,11.6861,11.7058,11.3166,11.3342,11.3977,11.9064,11.9094,11.9268,11.2731,11.2734,11.2747,10.867,10.8671,10.8672,10.7365,10.7374,10.7418
model.language_model.layers.15.self_attn.v_proj.weight,linear,attn,15,1024x4096,4194304,28,2.6063,10.6448,12.7999,12.7995,12.8214,13.0243,13.0226,13.0435,12.8029,12.8025,12.8237,12.524,12.5225,12.5616,11.6057,11.6061,11.6073,11.382,11.3818,11.3828,11.0188,11.0187,11.0193,10.8546,10.8543,10.8566,12.1126,12.1118,12.1218,12.4371,12.4298,12.4547,12.1168,12.1159,12.1265,11.7882,11.7866,11.8192,11.7155,11.7134,11.7163,11.2905,11.2901,11.2901,10.9159,10.9157,10.916,10.773,10.7726,10.7744,11.6731,11.6729,11.6782,12.351,12.3475,12.3655,11.6796,11.6796,11.685,11.3506,11.3504,11.3802,11.9008,11.899,11.9023,11.2529,11.2525,11.2526,10.8645,10.8644,10.8647,10.7329,10.7327,10.7338
model.language_model.layers.16.linear_attn.in_proj_z.weight,linear,linattn,16,4096x4096,16777216,27,2.5854,10.6148,12.7534,12.7529,12.7854,12.9959,12.995,13.0301,12.7583,12.758,12.7899,12.467,12.4664,12.5198,11.6166,11.6164,11.6188,11.3873,11.3871,11.3885,10.9788,10.9787,10.9802,10.8444,10.8442,10.8473,12.1009,12.1008,12.1202,12.4314,12.4298,12.4821,12.1048,12.1046,12.125,11.7481,11.7477,11.7951,11.7334,11.7323,11.7364,11.3054,11.3052,11.3052,10.8751,10.8751,10.8755,10.7614,10.7614,10.7636,11.6764,11.676,11.6915,12.3652,12.3639,12.4035,11.6832,11.6828,11.6992,11.3133,11.3129,11.3539,11.9153,11.9139,11.9193,11.2718,11.2716,11.2718,10.8238,10.8237,10.8238,10.7235,10.7233,10.7252
model.language_model.layers.16.linear_attn.out_proj.weight,linear,linattn,16,4096x4096,16777216,31,2.6218,10.6522,12.7663,12.7947,12.8431,13.0026,13.0338,13.0746,12.7707,12.7984,12.8466,12.4811,12.5279,12.5989,11.6274,11.6296,11.6372,11.3995,11.4005,11.4027,11.0366,11.0379,11.0391,10.8707,10.8733,10.8802,12.1039,12.1202,12.1455,12.4301,12.4745,12.5311,12.1078,12.1248,12.1514,11.757,11.7987,11.8622,11.7407,11.7435,11.7578,11.3165,11.3166,11.3175,10.9338,10.9342,10.9346,10.7878,10.7895,10.7949,11.675,11.6884,11.7056,12.3585,12.3923,12.4349,11.6818,11.6956,11.7133,11.3218,11.3582,11.416,11.9177,11.9217,11.9389,11.2825,11.2827,11.2841,10.8827,10.8829,10.883,10.7489,10.7501,10.7543
model.language_model.layers.17.linear_attn.in_proj_z.weight,linear,linattn,17,4096x4096,16777216,28,2.5777,10.6073,12.7497,12.7494,12.7759,12.9916,12.9918,13.0173,12.7549,12.7545,12.7809,12.4607,12.4602,12.5012,11.6196,11.6194,11.6217,11.3888,11.3893,11.3896,10.9719,10.9719,10.9727,10.8437,10.8436,10.8458,12.1006,12.1003,12.1168,12.4321,12.4311,12.4742,12.1043,12.1041,12.1213,11.7444,11.7441,11.7823,11.7379,11.7362,11.7422,11.3086,11.3083,11.3086,10.8677,10.8677,10.868,10.7606,10.7606,10.7623,11.6772,11.6771,11.6912,12.3693,12.3685,12.4058,11.684,11.6838,11.6986,11.3098,11.3099,11.3432,11.919,11.9173,11.9243,11.2758,11.2755,11.2759,10.8162,10.8161,10.8162,10.723,10.7229,10.7244
model.language_model.layers.17.linear_attn.out_proj.weight,linear,linattn,17,4096x4096,16777216,30,2.6107,10.6427,12.7661,12.7848,12.8247,13.0075,13.0291,13.0611,12.7702,12.7886,12.8281,12.4859,12.5188,12.5765,11.6154,11.6161,11.6239,11.3915,11.3915,11.394,11.0182,11.0192,11.02,10.8578,10.8595,10.8653,12.104,12.1153,12.135,12.4309,12.4616,12.5048,12.1081,12.12,12.1407,11.7598,11.7877,11.8395,11.7261,11.7276,11.7412,11.3074,11.307,11.308,10.9153,10.9156,10.9158,10.775,10.776,10.7805,11.6747,11.6836,11.6967,12.3535,12.3739,12.4106,11.6817,11.6911,11.7046,11.3229,11.3469,11.3947,11.9069,11.909,11.9249,11.2729,11.2727,11.2739,10.8642,10.8643,10.8644,10.736,10.7367,10.7402
model.language_model.layers.18.linear_attn.in_proj_z.weight,linear,linattn,18,4096x4096,16777216,28,2.5821,10.6113,12.7521,12.7524,12.7801,12.9953,12.9961,13.0257,12.7572,12.7574,12.7846,12.4659,12.4663,12.512,11.6163,11.6166,11.6185,11.3867,11.387,11.3884,10.9741,10.9741,10.9754,10.8422,10.8423,10.8447,12.1015,12.1013,12.1184,12.4346,12.4345,12.4773,12.1052,12.1051,12.1231,11.7483,11.7482,11.7891,11.7331,11.7336,11.7364,11.3055,11.3054,11.3056,10.8703,10.8703,10.8707,10.7592,10.7593,10.7611,11.6771,11.6772,11.6909,12.3669,12.368,12.4015,11.684,11.6841,11.6985,11.3128,11.3131,11.3485,11.9144,11.9159,11.9199,11.2719,11.272,11.2721,10.8188,10.8189,10.819,10.7213,10.7214,10.7229
model.language_model.layers.18.linear_attn.out_proj.weight,linear,linattn,18,4096x4096,16777216,30,2.6062,10.6358,12.7752,12.7896,12.8178,13.0148,13.0347,13.0557,12.7796,12.7939,12.8216,12.4986,12.5273,12.5641,11.6242,11.626,11.6322,11.395,11.3956,11.3973,11.0114,11.0124,11.0127,10.8588,10.8606,10.8651,12.1112,12.1208,12.135,12.4527,12.4811,12.5111,12.1154,12.1256,12.1403,11.7744,11.7994,11.8328,11.7394,11.7421,11.7523,11.3124,11.3124,11.3131,10.9077,10.908,10.9082,10.7755,10.7767,10.7804,11.6826,11.6904,11.7003,12.378,12.3953,12.4225,11.6897,11.6979,11.708,11.337,11.3578,11.3889,11.92,11.9228,11.9345,11.2782,11.2786,11.2794,10.8564,10.8565,10.8565,10.7368,10.7377,10.7407
model.language_model.layers.19.self_attn.k_proj.weight,linear,attn,19,1024x4096,4194304,27,2.6231,10.6529,12.77,12.7685,12.8467,13.0107,13.0107,13.0742,12.7744,12.7727,12.8503,12.4896,12.4886,12.5971,11.6435,11.6437,11.6488,11.4076,11.4078,11.4094,11.045,11.0451,11.0468,10.885,10.8851,10.8908,12.1082,12.1074,12.149,12.4449,12.4436,12.5444,12.1121,12.1113,12.1545,11.7653,11.7646,11.8651,11.7627,11.7625,11.7717,11.3261,11.3259,11.3254,10.9416,10.9416,10.9422,10.8015,10.8013,10.8054,11.6792,11.679,11.7107,12.3707,12.3702,12.4521,11.6859,11.6856,11.718,11.3291,11.3289,11.4207,11.9345,11.9378,11.9472,11.2915,11.292,11.2919,10.8904,10.8904,10.8905,10.7624,10.7624,10.765
model.language_model.layers.19.self_attn.o_proj.weight,linear,attn,19,4096x4096,16777216,31,2.5999,10.6364,12.7744,12.7956,12.8084,13.012,13.0359,13.0442,12.7778,12.7984,12.811,12.4957,12.5321,12.5503,11.6044,11.6068,11.6101,11.3807,11.3821,11.3829,11.0033,11.0039,11.0041,10.8448,10.8467,10.8485,12.1045,12.1146,12.1198,12.4238,12.4494,12.4602,12.1086,12.1191,12.1245,11.7635,11.7932,11.809,11.7121,11.7152,11.7216,11.2912,11.2918,11.2919,10.9001,10.9004,10.9005,10.7632,10.7645,10.7658,11.6711,11.6771,11.6796,12.3403,12.3568,12.3706,11.678,11.684,11.6866,11.3267,11.3537,11.3692,11.8963,11.9001,11.9078,11.2541,11.2546,11.2549,10.8488,10.849,10.8492,10.7239,10.7248,10.7257
model.language_model.layers.19.self_attn.v_proj.weight,linear,attn,19,1024x4096,4194304,26,2.6449,10.6784,12.8348,12.8343,12.881,13.0583,13.0592,13.0955,12.8376,12.8373,12.8828,12.5634,12.5631,12.6378,11.6772,11.6758,11.6847,11.4195,11.4195,11.4217,11.0877,11.0878,11.0882,10.8927,10.8925,10.897,12.1379,12.1378,12.1536,12.5046,12.5043,12.5425,12.1416,12.1414,12.1576,11.8305,11.83,11.8932,11.7963,11.7963,11.8113,11.3258,11.3263,11.3267,10.9846,10.9846,10.985,10.8108,10.8106,10.8142,11.6972,11.6974,11.7045,12.4178,12.416,12.4613,11.7021,11.7021,11.7088,11.3933,11.3931,11.4546,11.9632,11.9598,11.9809,11.2846,11.2846,11.2861,10.9327,10.9327,10.9331,10.7689,10.7689,10.7712
model.language_model.layers.2.linear_attn.in_proj_z.weight,linear,linattn,2,4096x4096,16777216,30,2.5763,10.6131,12.7419,12.7419,12.771,12.9872,12.988,13.0202,12.7458,12.7458,12.7742,12.4519,12.4525,12.5054,11.5841,11.5842,11.5895,11.3683,11.3682,11.3705,10.967,10.9671,10.9676,10.8226,10.8226,10.8258,12.088,12.0886,12.1038,12.3879,12.388,12.4285,12.0918,12.0924,12.1085,11.723,11.7238,11.7686,11.6877,11.6875,11.6958,11.2802,11.2802,11.2817,10.8637,10.8638,10.8639,10.741,10.741,10.7433,11.6597,11.6599,11.6706,12.3033,12.3049,12.337,11.6669,11.6671,11.6784,11.2879,11.2882,11.3282,11.8752,11.8762,11.8844,11.2436,11.2437,11.2455,10.8125,10.8125,10.8125,10.7025,10.7026,10.704
model.language_model.layers.2.linear_attn.out_proj.weight,linear,linattn,2,4096x4096,16777216,31,2.5805,10.6171,12.7556,12.7655,12.7723,13.0082,13.0224,13.0281,12.7594,12.7691,12.7758,12.4811,12.502,12.5121,11.5966,11.5985,11.603,11.3752,11.3758,11.3762,10.973,10.9733,10.9734,10.8282,10.8291,10.8302,12.0993,12.1053,12.1093,12.4249,12.4426,12.4522,12.1037,12.1101,12.1141,11.7512,11.769,11.7781,11.7042,11.7075,11.7162,11.289,11.2892,11.2897,10.8694,10.8695,10.8697,10.7455,10.7462,10.7471,11.6719,11.676,11.6788,12.3387,12.3504,12.3646,11.6795,11.6839,11.6865,11.3124,11.3279,11.3374,11.8905,11.8951,11.9087,11.2535,11.2537,11.2546,10.818,10.8181,10.8183,10.7065,10.7069,10.7079
model.language_model.layers.20.linear_attn.in_proj_z.weight,linear,linattn,20,4096x4096,16777216,28,2.5852,10.6189,12.7474,12.7472,12.7827,12.991,12.991,13.0296,12.7518,12.7517,12.7867,12.4586,12.4586,12.522,11.603,11.6028,11.6048,11.3791,11.3791,11.3798,10.977,10.9769,10.9788,10.8357,10.8357,10.8388,12.0945,12.0944,12.115,12.4099,12.4084,12.4615,12.0984,12.0982,12.1201,11.7355,11.7353,11.7906,11.7141,11.7131,11.7182,11.2945,11.2944,11.2943,10.8741,10.8741,10.8747,10.7531,10.7532,10.7555,11.6684,11.668,11.6832,12.3349,12.334,12.3746,11.6754,11.675,11.6913,11.3007,11.3005,11.3488,11.8988,11.8978,11.9046,11.2597,11.2596,11.2596,10.8232,10.8231,10.8232,10.7148,10.7148,10.7165
model.language_model.layers.20.linear_attn.out_proj.weight,linear,linattn,20,4096x4096,16777216,31,2.594,10.6237,12.7744,12.7832,12.7979,13.0201,13.0316,13.0406,12.7787,12.7875,12.8019,12.5042,12.521,12.5389,11.6169,11.6178,11.6209,11.3885,11.3888,11.3896,10.9925,10.9929,10.9932,10.8501,10.851,10.8527,12.1122,12.1172,12.125,12.4587,12.4741,12.4892,12.1167,12.1221,12.1301,11.7793,11.7931,11.8098,11.7328,11.7338,11.7392,11.3051,11.3052,11.3055,10.8884,10.8885,10.8887,10.7666,10.7672,10.7686,11.6841,11.6884,11.6929,12.3792,12.3892,12.4048,11.6916,11.696,11.7006,11.3394,11.3516,11.3673,11.9146,11.9174,11.9247,11.2712,11.2714,11.2718,10.8369,10.837,10.8371,10.7279,10.7284,10.7295
model.language_model.layers.21.linear_attn.in_proj_qkv.weight,linear,linattn,21,8192x4096,33554432,31,2.5834,10.6281,12.7606,12.7607,12.7914,12.9936,12.9935,13.0182,12.7641,12.7643,12.7938,12.4678,12.4676,12.5123,11.5918,11.5916,11.5952,11.3719,11.3717,11.3738,10.9836,10.9836,10.9846,10.8326,10.8327,10.8356,12.0949,12.0949,12.1068,12.3932,12.3923,12.415,12.0986,12.0986,12.1106,11.7374,11.7374,11.7731,11.6959,11.6953,11.7015,11.2791,11.2791,11.2799,10.8812,10.8812,10.8815,10.7533,10.7534,10.7556,11.6611,11.661,11.6658,12.3105,12.3088,12.331,11.6678,11.6677,11.6723,11.3032,11.3031,11.3375,11.8827,11.8823,11.8907,11.2405,11.2405,11.2412,10.8298,10.8298,10.8302,10.7148,10.7148,10.7166
model.language_model.layers.21.linear_attn.in_proj_z.weight,linear,linattn,21,4096x4096,16777216,26,2.5865,10.6221,12.7498,12.7499,12.7849,12.9903,12.9896,13.0321,12.7544,12.7546,12.7885,12.4583,12.4582,12.5251,11.6019,11.6022,11.6043,11.3787,11.3785,11.3798,10.9791,10.9791,10.9815,10.8354,10.8353,10.8392,12.0955,12.0959,12.115,12.4103,12.4104,12.4618,12.0992,12.0997,12.1201,11.7359,11.7359,11.7921,11.7127,11.7128,11.7158,11.2937,11.2935,11.2933,10.8768,10.8767,10.8775,10.7531,10.7531,10.7556,11.6689,11.6689,11.6825,12.339,12.338,12.3726,11.6756,11.6756,11.6904,11.3018,11.302,11.3502,11.897,11.8979,11.9019,11.2586,11.2587,11.2585,10.826,10.826,10.8261,10.7146,10.7147,10.7165
model.language_model.layers.21.linear_attn.out_proj.weight,linear,linattn,21,4096x4096,16777216,31,2.5917,10.622,12.7734,12.7816,12.7928,13.0208,13.0315,13.0379,12.7778,12.7858,12.7968,12.5052,12.5201,12.5334,11.6139,11.6146,11.6176,11.3862,11.3865,11.3874,10.9881,10.9884,10.9887,10.8464,10.8472,10.8485,12.1112,12.1167,12.1224,12.4577,12.4725,12.4824,12.1159,12.1215,12.1275,11.7786,11.7915,11.8043,11.7273,11.7287,11.7341,11.3022,11.3024,11.3026,10.884,10.8841,10.8843,10.7627,10.7634,10.7645,11.6829,11.6874,11.6905,12.3745,12.3843,12.3969,11.6906,11.6953,11.6984,11.3385,11.3496,11.3624,11.9106,11.9129,11.9192,11.268,11.268,11.2686,10.8325,10.8326,10.8327,10.724,10.7244,10.7254
model.language_model.layers.22.linear_attn.in_proj_z.weight,linear,linattn,22,4096x4096,16777216,29,2.5807,10.6169,12.7473,12.7473,12.7786,12.9872,12.9869,13.0239,12.7515,12.7514,12.7817,12.4545,12.454,12.5142,11.5886,11.5891,11.5915,11.3711,11.3711,11.3721,10.973,10.973,10.9738,10.828,10.8282,10.8306,12.0919,12.0918,12.107,12.3946,12.3941,12.4328,12.0956,12.0954,12.1117,11.7287,11.7283,11.777,11.6949,11.696,11.6992,11.2832,11.2833,11.283,10.8699,10.87,10.8701,10.7466,10.7468,10.7478,11.6629,11.663,11.672,12.3155,12.317,12.3406,11.6699,11.6698,11.6799,11.2943,11.2942,11.3363,11.8814,11.8842,11.8866,11.2469,11.2473,11.2467,10.8187,10.8187,10.8187,10.708,10.7081,10.7085
model.language_model.layers.22.linear_attn.out_proj.weight,linear,linattn,22,4096x4096,16777216,30,2.5882,10.6216,12.7709,12.7774,12.7879,13.0191,13.0285,13.0355,12.7748,12.7813,12.7917,12.5023,12.5149,12.529,11.6073,11.6082,11.6107,11.3816,11.382,11.3829,10.9831,10.9835,10.9837,10.8398,10.8407,10.8416,12.1087,12.1124,12.118,12.448,12.4596,12.4711,12.1133,12.1172,12.1231,11.7736,11.7837,11.7967,11.7201,11.7209,11.7256,11.2967,11.2967,11.2971,10.8793,10.8794,10.8795,10.7565,10.757,10.7578,11.6795,11.6821,11.6858,12.3651,12.3707,12.383,11.687,11.6899,11.6936,11.3332,11.3423,11.3545,11.9052,11.9078,11.9132,11.262,11.262,11.2624,10.8279,10.828,10.8281,10.7175,10.7179,10.7186
model.language_model.layers.23.self_attn.k_proj.weight,linear,attn,23,1024x4096,4194304,27,2.6432,10.6801,12.8106,12.8106,12.8817,13.052,13.0519,13.1026,12.8148,12.8145,12.8851,12.5463,12.5461,12.6365,11.6769,11.6771,11.6825,11.4311,11.4311,11.4328,11.0719,11.0719,11.0738,10.8987,10.8985,10.905,12.1348,12.1345,12.1695,12.5181,12.5158,12.5953,12.1392,12.139,12.1751,11.8195,11.8189,11.905,11.8016,11.8007,11.8125,11.3506,11.3504,11.3503,10.9681,10.968,10.9691,10.8138,10.8139,10.819,11.7019,11.7019,11.7288,12.4358,12.4317,12.501,11.7081,11.7081,11.7351,11.3791,11.3782,11.4587,11.9661,11.9661,11.9814,11.317,11.3168,11.3176,10.917,10.917,10.9174,10.7744,10.7745,10.7779
model.language_model.layers.23.self_attn.o_proj.weight,linear,attn,23,4096x4096,16777216,32,2.5982,10.6407,12.7754,12.7986,12.8135,13.0044,13.022,13.034,12.7786,12.8011,12.8158,12.4875,12.5175,12.5436,11.6015,11.6042,11.6064,11.3788,11.3807,11.3808,11.0096,11.0103,11.0106,10.8461,10.8478,10.8508,12.101,12.1109,12.1165,12.4038,12.4242,12.4369,12.1047,12.1146,12.1207,11.7541,11.7788,11.8016,11.7064,11.7109,11.7157,11.2858,11.2866,11.2867,10.9071,10.9074,10.9075,10.7662,10.7674,10.7698,11.6644,11.6693,11.6726,12.3198,12.3384,12.354,11.6709,11.6755,11.6789,11.3192,11.3431,11.3647,11.8903,11.8967,11.9051,11.2471,11.2478,11.2482,10.8557,10.8561,10.8561,10.7271,10.7282,10.7297
model.language_model.layers.23.self_attn.v_proj.weight,linear,attn,23,1024x4096,4194304,27,2.6361,10.6667,12.8344,12.8336,12.8771,13.0448,13.0447,13.0739,12.8372,12.8368,12.8791,12.5504,12.5497,12.6131,11.6898,11.6898,11.6969,11.4236,11.4232,11.4257,11.0594,11.0594,11.0598,10.876,10.8761,10.8788,12.1354,12.1349,12.1494,12.4917,12.4907,12.524,12.1386,12.1382,12.1527,11.8211,11.8207,11.8757,11.8135,11.8142,11.8261,11.3278,11.3278,11.329,10.9561,10.9561,10.9564,10.7938,10.7939,10.7963,11.6934,11.6934,11.6999,12.4208,12.4227,12.456,11.6977,11.6976,11.7037,11.3871,11.3872,11.4408,11.9751,11.9745,11.9876,11.2844,11.2842,11.2855,10.9041,10.9042,10.9044,10.7521,10.7522,10.7537
model.language_model.layers.24.linear_attn.in_proj_z.weight,linear,linattn,24,4096x4096,16777216,29,2.5912,10.6268,12.7484,12.7489,12.7925,12.9864,12.9871,13.0365,12.7527,12.7532,12.7958,12.4538,12.4546,12.535,11.6004,11.601,11.6029,11.3782,11.3785,11.3794,10.9891,10.9891,10.9899,10.8394,10.8393,10.8425,12.0928,12.0932,12.1163,12.3978,12.3989,12.4595,12.0964,12.0968,12.1214,11.7298,11.7302,11.7986,11.7097,11.7106,11.714,11.2917,11.2921,11.2918,10.8861,10.8861,10.8862,10.7574,10.7574,10.7591,11.6644,11.6644,11.6811,12.3228,12.3255,12.3689,11.6711,11.6711,11.6888,11.2965,11.2966,11.3569,11.8926,11.8958,11.9026,11.256,11.2566,11.2566,10.8347,10.8348,10.8349,10.7185,10.7187,10.7196
model.language_model.layers.24.linear_attn.out_proj.weight,linear,linattn,24,4096x4096,16777216,31,2.5866,10.6188,12.7663,12.7715,12.7844,13.0188,13.0248,13.0329,12.7705,12.7757,12.7883,12.4989,12.5094,12.5249,11.6055,11.6069,11.609,11.3812,11.3813,11.382,10.9804,10.9806,10.9809,10.8389,10.8395,10.8408,12.1067,12.1104,12.1166,12.448,12.4577,12.471,12.1113,12.1152,12.1217,11.7702,11.7797,11.7943,11.7169,11.7188,11.7245,11.297,11.2968,11.2972,10.8763,10.8765,10.8766,10.7555,10.7559,10.757,11.6791,11.6821,11.6858,12.3605,12.3697,12.3826,11.6869,11.6899,11.6937,11.33,11.3385,11.3521,11.9017,11.9052,11.9121,11.2625,11.2628,11.2629,10.8249,10.825,10.825,10.7168,10.7171,10.718
model.language_model.layers.25.linear_attn.in_proj_z.weight,linear,linattn,25,4096x4096,16777216,26,2.5857,10.6214,12.7507,12.7501,12.7853,12.9886,12.988,13.0284,12.7546,12.7541,12.7883,12.4572,12.4559,12.523,11.5936,11.5944,11.596,11.3737,11.3737,11.3748,10.9805,10.9804,10.9812,10.833,10.833,10.8355,12.0931,12.0925,12.11,12.3956,12.3956,12.4396,12.0968,12.0962,12.1148,11.7307,11.7303,11.7851,11.7007,11.7021,11.7045,11.2859,11.2859,11.2855,10.8774,10.8774,10.8775,10.7514,10.7514,10.7526,11.6629,11.6631,11.6745,12.3171,12.3182,12.3505,11.6697,11.6698,11.6822,11.2963,11.2963,11.345,11.8875,11.8881,11.8932,11.2496,11.2496,11.2494,10.8261,10.8261,10.8262,10.7127,10.7127,10.7132
model.language_model.layers.25.linear_attn.out_proj.weight,linear,linattn,25,4096x4096,16777216,29,2.5872,10.6239,12.7651,12.7696,12.7842,13.0195,13.0237,13.0343,12.7689,12.7732,12.7878,12.4982,12.5048,12.526,11.6053,11.6061,11.6088,11.3798,11.3801,11.3809,10.9831,10.9833,10.9837,10.8371,10.8375,10.8388,12.105,12.1079,12.1157,12.4433,12.4514,12.4677,12.1096,12.1125,12.1206,11.767,11.7735,11.7932,11.7151,11.7176,11.7233,11.2942,11.2945,11.2947,10.8795,10.8796,10.8798,10.7539,10.7542,10.7553,11.6766,11.679,11.6837,12.3542,12.3637,12.379,11.6842,11.6865,11.6913,11.327,11.3333,11.3515,11.901,11.9047,11.9116,11.259,11.2594,11.2597,10.8283,10.8284,10.8285,10.7147,10.7151,10.7158
model.language_model.layers.26.linear_attn.in_proj_z.weight,linear,linattn,26,4096x4096,16777216,28,2.5825,10.6207,12.7521,12.7519,12.7847,12.9884,12.9879,13.0215,12.7557,12.7556,12.7874,12.457,12.4567,12.5154,11.586,11.5862,11.5884,11.3701,11.3699,11.371,10.9793,10.9793,10.98,10.83,10.83,10.8325,12.091,12.091,12.1061,12.3842,12.3831,12.4218,12.0947,12.0947,12.1106,11.7271,11.7268,11.7761,11.6895,11.6898,11.693,11.28,11.2799,11.2798,10.8764,10.8764,10.8766,10.7492,10.7491,10.7507,11.6589,11.6591,11.6683,12.2998,12.3011,12.3313,11.6658,11.6659,11.6759,11.2928,11.2928,11.3374,11.8758,11.8774,11.8827,11.2425,11.2427,11.2425,10.8251,10.8252,10.8252,10.7104,10.7104,10.7112
model.language_model.layers.26.linear_attn.out_proj.weight,linear,linattn,26,4096x4096,16777216,30,2.5802,10.6168,12.7574,12.7613,12.7755,13.0097,13.0133,13.0252,12.7611,12.7649,12.7792,12.4853,12.4908,12.5137,11.5941,11.5946,11.5964,11.3739,11.374,11.3744,10.9746,10.9747,10.9748,10.8299,10.8302,10.8317,12.0993,12.1014,12.109,12.423,12.4299,12.4453,12.1037,12.1058,12.1139,11.7542,11.7595,11.7794,11.7006,11.7022,11.7068,11.2874,11.2876,11.2874,10.8709,10.871,10.871,10.7469,10.7473,10.7484,11.6704,11.6721,11.6769,12.3354,12.3387,12.3557,11.678,11.6797,11.6848,11.3152,11.3197,11.338,11.8881,11.8893,11.8963,11.2519,11.252,11.2523,10.8196,10.8197,10.8197,10.708,10.7082,10.7091
model.language_model.layers.27.self_attn.k_proj.weight,linear,attn,27,1024x4096,4194304,28,2.6711,10.7167,12.8724,12.8709,12.9297,13.1064,13.1048,13.1525,12.8755,12.8742,12.9323,12.6231,12.6219,12.6978,11.7206,11.7194,11.724,11.463,11.4633,11.4646,11.1078,11.1075,11.1089,10.9077,10.9073,10.9127,12.1685,12.1679,12.1956,12.6003,12.5982,12.6661,12.1733,12.1728,12.2014,11.8895,11.8884,11.9582,11.8493,11.8485,11.8552,11.383,11.3835,11.383,11.0035,11.0034,11.0041,10.8215,10.8212,10.8249,11.7294,11.7291,11.7523,12.506,12.5015,12.5486,11.7347,11.7344,11.7574,11.4442,11.4432,11.5078,12.0002,11.9987,12.0065,11.35,11.3502,11.3503,10.9518,10.9518,10.9521,10.7794,10.7793,10.7815
model.language_model.layers.27.self_attn.o_proj.weight,linear,attn,27,4096x4096,16777216,30,2.611,10.6455,12.8011,12.8219,12.8489,13.0004,13.0132,13.0319,12.8047,12.8252,12.8514,12.4972,12.5203,12.5582,11.6479,11.6504,11.6523,11.4005,11.4017,11.4031,11.02,11.0203,11.0205,10.8514,10.852,10.8537,12.1114,12.1203,12.1289,12.4168,12.4347,12.4535,12.1144,12.1232,12.1319,11.7717,11.7928,11.8255,11.7657,11.7704,11.7732,11.3036,11.3043,11.3048,10.9169,10.9173,10.9173,10.7705,10.7711,10.7724,11.6705,11.6753,11.6793,12.3589,12.3761,12.3912,11.6754,11.6798,11.6836,11.3425,11.3629,11.3946,11.9374,11.9426,11.9464,11.2607,11.2614,11.2617,10.8652,10.8654,10.8655,10.73,10.7306,10.7314
model.language_model.layers.27.self_attn.v_proj.weight,linear,attn,27,1024x4096,4194304,28,2.6782,10.724,12.8415,12.8407,12.9386,13.0734,13.0754,13.1518,12.8445,12.8437,12.9413,12.58,12.5806,12.714,11.7044,11.7055,11.714,11.4574,11.4568,11.4591,11.123,11.1229,11.1259,10.9171,10.9171,10.9256,12.1485,12.1483,12.1948,12.5446,12.5446,12.6572,12.1526,12.1525,12.2008,11.8493,11.8487,11.9732,11.829,11.8288,11.8466,11.3772,11.3771,11.3778,11.0195,11.0195,11.0212,10.8311,10.8311,10.8372,11.71,11.7099,11.75,12.4603,12.4576,12.5381,11.7151,11.7151,11.7559,11.4089,11.408,11.5223,11.9836,11.9839,12.0034,11.3448,11.3445,11.3453,10.9689,10.9689,10.9693,10.7901,10.79,10.7935
model.language_model.layers.28.linear_attn.in_proj_qkv.weight,linear,linattn,28,8192x4096,33554432,30,2.5823,10.626,12.76,12.7601,12.7908,12.9966,12.9959,13.0189,12.7632,12.7634,12.7933,12.4693,12.4695,12.5077,11.5998,11.5993,11.6095,11.3755,11.3753,11.3791,10.9803,10.9803,10.9813,10.8327,10.8327,10.8353,12.0947,12.0947,12.1084,12.3942,12.3925,12.4225,12.0983,12.0984,12.1119,11.7372,11.7371,11.7703,11.7029,11.7023,11.7207,11.2819,11.2818,11.2845,10.8777,10.8777,10.8785,10.7537,10.7538,10.7564,11.661,11.661,11.6681,12.308,12.3089,12.3458,11.6676,11.6677,11.6739,11.3025,11.3025,11.336,11.8866,11.8872,11.9106,11.2423,11.2423,11.2448,10.8262,10.8262,10.827,10.7153,10.7154,10.7178
model.language_model.layers.28.linear_attn.in_proj_z.weight,linear,linattn,28,4096x4096,16777216,28,2.595,10.6301,12.7499,12.7499,12.8007,12.9876,12.9867,13.038,12.7534,12.7537,12.8036,12.4547,12.4539,12.5424,11.5969,11.5973,11.6005,11.3775,11.3774,11.3784,10.9951,10.9951,10.9958,10.8414,10.8412,10.8447,12.091,12.0908,12.1164,12.3873,12.3862,12.4517,12.0945,12.0945,12.1214,11.7259,11.7255,11.8023,11.7034,11.7041,11.7098,11.2891,11.2892,11.2888,10.892,10.892,10.8921,10.7597,10.7596,10.7616,11.6599,11.66,11.6778,12.3063,12.3069,12.3596,11.6665,11.6667,11.6855,11.2918,11.2918,11.3614,11.8882,11.8885,11.8978,11.2529,11.2528,11.2527,10.8407,10.8407,10.8408,10.7208,10.7208,10.7219
model.language_model.layers.28.linear_attn.out_proj.weight,linear,linattn,28,4096x4096,16777216,30,2.5788,10.6155,12.7598,12.763,12.772,13.0108,13.0156,13.0229,12.7637,12.7667,12.7756,12.4887,12.4958,12.5093,11.5938,11.5947,11.5964,11.373,11.3732,11.3736,10.972,10.9722,10.9722,10.8286,10.8291,10.8301,12.1002,12.1023,12.1074,12.4259,12.4324,12.4432,12.1046,12.1068,12.1123,11.7575,11.7639,11.7759,11.7026,11.7034,11.7075,11.2865,11.2864,11.2865,10.8684,10.8684,10.8685,10.7459,10.7461,10.7469,11.6714,11.6729,11.6759,12.3393,12.3419,12.3546,11.679,11.6805,11.6839,11.3184,11.324,11.3351,11.8916,11.8917,11.8985,11.251,11.2511,11.2511,10.8171,10.8171,10.8172,10.7069,10.707,10.7077
model.language_model.layers.29.linear_attn.in_proj_qkv.weight,linear,linattn,29,8192x4096,33554432,30,2.5675,10.611,12.7515,12.7515,12.7631,12.9965,12.9966,13.0062,12.7547,12.7546,12.7659,12.4657,12.4657,12.4828,11.5824,11.5825,11.5848,11.3654,11.3654,11.3664,10.9575,10.9575,10.9579,10.8166,10.8167,10.8182,12.0911,12.0912,12.0963,12.3899,12.3909,12.4004,12.095,12.0951,12.1003,11.7322,11.7321,11.746,11.6851,11.6846,11.6891,11.274,11.2741,11.2746,10.8543,10.8543,10.8546,10.7362,10.7363,10.7376,11.6595,11.6596,11.6617,12.3013,12.3021,12.3143,11.6666,11.6667,11.6686,11.2962,11.2963,11.3099,11.8745,11.8758,11.8806,11.2359,11.2361,11.2364,10.8029,10.803,10.8032,10.6979,10.6979,10.699
model.language_model.layers.29.linear_attn.in_proj_z.weight,linear,linattn,29,4096x4096,16777216,30,2.5804,10.6185,12.7491,12.7489,12.7799,12.9886,12.9885,13.0205,12.7528,12.7526,12.7827,12.4553,12.455,12.5109,11.5877,11.5881,11.5901,11.3703,11.3703,11.3712,10.9753,10.9753,10.976,10.8277,10.8278,10.8304,12.0906,12.0904,12.1052,12.3874,12.3863,12.4233,12.0941,12.094,12.1095,11.726,11.7255,11.7724,11.692,11.6921,11.6962,11.2808,11.2802,11.2803,10.8724,10.8723,10.8725,10.7469,10.7469,10.7483,11.6597,11.6595,11.6685,12.3035,12.3022,12.3345,11.6664,11.6664,11.6758,11.2918,11.2915,11.3338,11.8775,11.878,11.8878,11.243,11.2428,11.2432,10.8211,10.821,10.8212,10.7082,10.7082,10.7091
model.language_model.layers.29.linear_attn.out_proj.weight,linear,linattn,29,4096x4096,16777216,30,2.574,10.6109,12.7519,12.7549,12.7664,13.0015,13.0045,13.017,12.7554,12.7585,12.7698,12.4737,12.4782,12.4998,11.5871,11.5873,11.5889,11.3689,11.3692,11.3695,10.9639,10.964,10.9642,10.8225,10.8229,10.8238,12.0941,12.0957,12.1021,12.4059,12.4097,12.4246,12.0983,12.1,12.1067,11.7421,11.746,11.7646,11.6923,11.6924,11.6969,11.281,11.2811,11.2811,10.8604,10.8604,10.8604,10.7405,10.7406,10.7413,11.6652,11.6657,11.6701,12.3188,12.3221,12.3356,11.6726,11.6733,11.6779,11.3047,11.3078,11.3247,11.8815,11.8828,11.8888,11.2448,11.2448,11.2451,10.8091,10.8091,10.8091,10.7016,10.7016,10.7023
model.language_model.layers.3.self_attn.k_proj.weight,linear,attn,3,1024x4096,4194304,28,2.6249,10.6589,12.758,12.7586,12.8436,13.0009,13.0006,13.0755,12.7619,12.7625,12.8464,12.4725,12.4717,12.6037,11.6257,11.6254,11.6346,11.3954,11.3954,11.3983,11.0441,11.044,11.045,10.8676,10.8675,10.8756,12.0986,12.0991,12.1407,12.4172,12.417,12.5143,12.1024,12.1029,12.1462,11.745,11.7448,11.8616,11.7372,11.7367,11.7526,11.3093,11.309,11.3095,10.941,10.941,10.9415,10.7854,10.7855,10.7908,11.669,11.6693,11.6976,12.3401,12.3414,12.4219,11.6757,11.676,11.7046,11.3093,11.3095,11.4178,11.913,11.9137,11.9342,11.2727,11.2725,11.274,10.8895,10.8895,10.8901,10.7459,10.7459,10.7494
model.language_model.layers.3.self_attn.o_proj.weight,linear,attn,3,4096x4096,16777216,30,2.5862,10.6195,12.7603,12.7706,12.7821,13.0103,13.0233,13.0321,12.7645,12.7747,12.786,12.486,12.5071,12.5225,11.6033,11.6038,11.6132,11.38,11.38,11.382,10.9789,10.9795,10.9798,10.836,10.8373,10.8394,12.1033,12.1094,12.1162,12.4375,12.4548,12.4711,12.1075,12.1143,12.1211,11.7598,11.7775,11.7922,11.7143,11.7147,11.7312,11.2954,11.2952,11.297,10.8753,10.8755,10.8756,10.7531,10.754,10.7559,11.6761,11.6809,11.6853,12.3559,12.3656,12.3835,11.6835,11.6887,11.693,11.3209,11.3362,11.3503,11.8994,11.9012,11.9257,11.261,11.2608,11.2626,10.824,10.824,10.8242,10.7146,10.7152,10.7169
model.language_model.layers.3.self_attn.v_proj.weight,linear,attn,3,1024x4096,4194304,25,2.6433,10.6771,12.7805,12.7809,12.8744,13.0081,13.0089,13.0948,12.7845,12.7848,12.8772,12.4928,12.4931,12.6452,11.627,11.6261,11.6362,11.4,11.4,11.4031,11.0755,11.0756,11.0766,10.8844,10.8844,10.8948,12.1087,12.1093,12.1512,12.4287,12.431,12.5309,12.1126,12.1129,12.1575,11.7661,11.7665,11.8963,11.7366,11.7372,11.7531,11.3133,11.3132,11.3136,10.9728,10.9729,10.973,10.8022,10.8025,10.8091,11.6745,11.6749,11.7029,12.355,12.3559,12.4264,11.6811,11.6812,11.7108,11.3307,11.3311,11.4503,11.9123,11.9158,11.9346,11.2772,11.2773,11.2785,10.9215,10.9216,10.9217,10.7626,10.763,10.7668
model.language_model.layers.30.linear_attn.in_proj_z.weight,linear,linattn,30,4096x4096,16777216,29,2.5941,10.6294,12.7537,12.7542,12.7968,12.9953,12.9963,13.0393,12.7576,12.7582,12.7998,12.4637,12.4644,12.5396,11.6035,11.6034,11.6074,11.3794,11.3794,11.3807,10.9923,10.9923,10.9931,10.8405,10.8403,10.8435,12.0962,12.0961,12.1171,12.4066,12.4081,12.4604,12.0999,12.0997,12.1219,11.7369,11.7372,11.8014,11.7126,11.7125,11.7185,11.292,11.2919,11.292,10.8892,10.8893,10.8894,10.7586,10.7584,10.7604,11.6666,11.6665,11.6804,12.3268,12.3287,12.3682,11.6733,11.6732,11.6878,11.3022,11.3024,11.3603,11.8965,11.8975,11.9063,11.2555,11.2555,11.2558,10.8379,10.8379,10.8381,10.7195,10.7195,10.7207
model.language_model.layers.30.linear_attn.out_proj.weight,linear,linattn,30,4096x4096,16777216,30,2.594,10.6294,12.7783,12.7857,12.7961,13.0214,13.0292,13.0389,12.7816,12.7888,12.7992,12.5079,12.5197,12.5386,11.6035,11.606,11.6081,11.3799,11.3804,11.3804,10.9934,10.9936,10.9937,10.841,10.8419,10.843,12.1073,12.1117,12.117,12.4336,12.4463,12.4595,12.1118,12.1162,12.1218,11.7728,11.7834,11.8002,11.7117,11.7154,11.7214,11.2913,11.2916,11.2917,10.8898,10.89,10.89,10.7584,10.759,10.76,11.6737,11.6771,11.6801,12.3454,12.3563,12.3708,11.6809,11.6842,11.6874,11.3337,11.3436,11.3596,11.8981,11.9031,11.9121,11.2549,11.2551,11.2555,10.8384,10.8386,10.8388,10.7189,10.7194,10.7201
model.language_model.layers.31.self_attn.k_proj.weight,linear,attn,31,1024x4096,4194304,26,2.6837,10.7243,12.8666,12.8663,12.9452,13.115,13.1137,13.1709,12.8697,12.8696,12.9476,12.6242,12.6232,12.7222,11.7419,11.7432,11.7481,11.4779,11.4783,11.4816,11.1309,11.1311,11.1323,10.915,10.9152,10.9226,12.1688,12.1695,12.2059,12.6081,12.6126,12.6995,12.1733,12.1741,12.2111,11.8899,11.8899,11.9835,11.8705,11.8733,11.8841,11.4002,11.4006,11.401,11.0268,11.0268,11.0275,10.8285,10.8287,10.834,11.734,11.7339,11.7628,12.5048,12.5075,12.5723,11.7388,11.7385,11.7672,11.4456,11.4451,11.5333,12.0141,12.0164,12.0266,11.3664,11.3667,11.3673,10.975,10.975,10.9753,10.7862,10.7863,10.7893
model.language_model.layers.31.self_attn.o_proj.weight,linear,attn,31,4096x4096,16777216,32,2.6582,10.6969,12.8664,12.8909,12.8958,13.0855,13.1099,13.1151,12.8689,12.8929,12.8976,12.622,12.6607,12.6698,11.6793,11.6839,11.686,11.4224,11.4243,11.4249,11.0977,11.0985,11.0987,10.9055,10.9076,10.9081,12.1499,12.1601,12.1623,12.5384,12.5635,12.5704,12.1546,12.1647,12.1669,11.883,11.9138,11.9216,11.8003,11.8086,11.8133,11.3303,11.3317,11.3321,10.9946,10.9952,10.9953,10.8224,10.824,10.8244,11.7047,11.711,11.7123,12.4452,12.4686,12.4759,11.7104,11.7159,11.7172,11.4412,11.4722,11.4798,11.9636,11.9735,11.9808,11.2907,11.292,11.2925,10.9429,10.9434,10.9436,10.7799,10.7811,10.7815
model.language_model.layers.31.self_attn.v_proj.weight,linear,attn,31,1024x4096,4194304,26,2.6431,10.687,12.8166,12.8168,12.8877,13.0468,13.0462,13.1013,12.8207,12.8208,12.8909,12.5411,12.541,12.6287,11.7062,11.7074,11.7117,11.4526,11.4523,11.4556,11.0625,11.0625,11.0645,10.8817,10.882,10.8885,12.1335,12.1343,12.1727,12.505,12.5085,12.6033,12.1372,12.1379,12.1769,11.815,11.8162,11.9013,11.8346,11.8375,11.846,11.3748,11.3752,11.3754,10.9586,10.9588,10.9599,10.7974,10.7974,10.8032,11.6992,11.7,11.7322,12.4229,12.4267,12.5206,11.7043,11.705,11.7369,11.379,11.3797,11.4593,11.9903,11.9935,12.0048,11.342,11.3424,11.3428,10.9071,10.9072,10.9077,10.7563,10.7565,10.7606
model.language_model.layers.4.linear_attn.in_proj_z.weight,linear,linattn,4,4096x4096,16777216,28,2.5823,10.6214,12.7503,12.7502,12.7853,12.9879,12.987,13.0199,12.7538,12.7537,12.788,12.4561,12.4553,12.5143,11.5852,11.5844,11.5873,11.3696,11.3695,11.3704,10.981,10.9809,10.9816,10.8302,10.8302,10.8331,12.0897,12.0895,12.1055,12.3806,12.3797,12.4177,12.0933,12.0933,12.11,11.7247,11.7244,11.7747,11.6869,11.6864,11.6921,11.2788,11.2786,11.2787,10.878,10.8781,10.8782,10.7493,10.7495,10.7514,11.6574,11.6572,11.6669,12.2958,12.2962,12.3267,11.6643,11.6642,11.6744,11.2906,11.2902,11.3364,11.8737,11.8732,11.8811,11.2411,11.2409,11.2412,10.8268,10.8267,10.8269,10.7106,10.7106,10.7118
model.language_model.layers.4.linear_attn.out_proj.weight,linear,linattn,4,4096x4096,16777216,29,2.5774,10.6147,12.7475,12.7547,12.7692,13.0038,13.0122,13.0239,12.7514,12.7584,12.7729,12.4732,12.4868,12.5065,11.5921,11.5935,11.5996,11.3727,11.3728,11.3745,10.9697,10.9698,10.9699,10.8242,10.825,10.8275,12.095,12.0993,12.1069,12.4168,12.43,12.446,12.0994,12.104,12.1116,11.7434,11.7554,11.7728,11.6983,11.7011,11.7121,11.2863,11.2867,11.2878,10.8659,10.8661,10.8662,10.7415,10.7421,10.7442,11.6689,11.6717,11.6766,12.3295,12.3406,12.3581,11.6766,11.6795,11.6843,11.3046,11.3153,11.332,11.8854,11.8887,11.9052,11.2509,11.2513,11.2524,10.8147,10.8147,10.8149,10.7028,10.7033,10.705
model.language_model.layers.5.linear_attn.in_proj_z.weight,linear,linattn,5,4096x4096,16777216,28,2.5855,10.6227,12.7464,12.7472,12.7879,12.9878,12.9877,13.0267,12.7503,12.7511,12.7908,12.4548,12.4555,12.522,11.5894,11.5898,11.593,11.3716,11.3714,11.3734,10.9824,10.9824,10.9832,10.8314,10.8315,10.8351,12.0902,12.09,12.1089,12.3889,12.3887,12.4311,12.0939,12.0937,12.1135,11.7269,11.7273,11.7823,11.6939,11.6946,11.6993,11.2825,11.2824,11.2827,10.8794,10.8795,10.8797,10.7504,10.7505,10.7527,11.6604,11.6605,11.6713,12.3073,12.3068,12.3404,11.6673,11.6675,11.6787,11.2926,11.2926,11.3431,11.8809,11.8817,11.8885,11.2455,11.2456,11.2458,10.8281,10.8281,10.8283,10.7118,10.7118,10.7132
model.language_model.layers.5.linear_attn.out_proj.weight,linear,linattn,5,4096x4096,16777216,29,2.58,10.6168,12.7482,12.754,12.7726,13.0047,13.0129,13.0269,12.7524,12.758,12.7763,12.4753,12.487,12.5116,11.5959,11.5964,11.6041,11.375,11.3752,11.3772,10.972,10.9724,10.9727,10.8272,10.8279,10.8314,12.0967,12.1005,12.1103,12.4248,12.4358,12.4559,12.1011,12.1051,12.1153,11.7475,11.7576,11.78,11.703,11.7044,11.7182,11.2903,11.2904,11.2915,10.8684,10.8686,10.8687,10.7445,10.745,10.7478,11.6716,11.6743,11.6803,12.3397,12.346,12.3688,11.6792,11.6821,11.6882,11.3085,11.3172,11.3384,11.889,11.8902,11.9096,11.2552,11.2554,11.2565,10.8172,10.8172,10.8173,10.7057,10.7062,10.7086
model.language_model.layers.6.linear_attn.in_proj_z.weight,linear,linattn,6,4096x4096,16777216,29,2.5904,10.6248,12.7417,12.7424,12.7905,12.9929,12.9931,13.037,12.7461,12.7469,12.7943,12.4579,12.4583,12.5327,11.6063,11.606,11.611,11.3812,11.3811,11.3828,10.9855,10.9855,10.9874,10.838,10.8379,10.8431,12.0938,12.0941,12.1186,12.4169,12.4154,12.4719,12.0977,12.0981,12.1238,11.7352,11.7353,11.7998,11.7165,11.717,11.7244,11.2969,11.2969,11.2968,10.8827,10.8827,10.8833,10.7556,10.7556,10.7593,11.6699,11.6697,11.6859,12.3403,12.3407,12.3819,11.6768,11.6767,11.6938,11.2993,11.2993,11.3577,11.8996,11.9002,11.9088,11.2619,11.2619,11.2618,10.8316,10.8317,10.8318,10.7171,10.7172,10.7199
model.language_model.layers.6.linear_attn.out_proj.weight,linear,linattn,6,4096x4096,16777216,30,2.5995,10.6353,12.7636,12.7752,12.8047,13.0136,13.0297,13.0498,12.7674,12.7788,12.8083,12.4909,12.5138,12.5526,11.6071,11.6081,11.6182,11.3846,11.3849,11.3875,11.0015,11.0022,11.0026,10.8435,10.845,10.8503,12.1044,12.1111,12.1259,12.4369,12.4568,12.4872,12.1088,12.1157,12.1312,11.7622,11.7813,11.8161,11.7161,11.7164,11.7355,11.2995,11.2993,11.3011,10.8981,10.8984,10.8986,10.7605,10.7617,10.766,11.6761,11.6811,11.69,12.3529,12.3652,12.3944,11.6835,11.6887,11.6979,11.3234,11.3399,11.3725,11.9001,11.9014,11.9232,11.2644,11.2645,11.2662,10.8469,10.8471,10.8472,10.7215,10.7224,10.726
model.language_model.layers.7.self_attn.k_proj.weight,linear,attn,7,1024x4096,4194304,25,2.6298,10.663,12.788,12.7883,12.8536,13.026,13.0267,13.087,12.7912,12.7918,12.8566,12.5122,12.5128,12.6145,11.6417,11.642,11.6453,11.4061,11.4058,11.407,11.0492,11.0492,11.0512,10.8822,10.8821,10.8862,12.1161,12.1162,12.1497,12.4574,12.46,12.5448,12.1202,12.1202,12.1553,11.7822,11.7819,11.8748,11.7569,11.7593,11.7674,11.3204,11.3211,11.3207,10.9466,10.9466,10.9473,10.7984,10.7983,10.801,11.6825,11.6827,11.7078,12.3823,12.3792,12.4438,11.689,11.689,11.7149,11.3442,11.3439,11.4292,11.9307,11.9307,11.9432,11.2853,11.2854,11.2857,10.8955,10.8955,10.8958,10.7584,10.7583,10.7601
model.language_model.layers.7.self_attn.o_proj.weight,linear,attn,7,4096x4096,16777216,33,2.593,10.6234,12.754,12.771,12.7943,13.0043,13.0278,13.0405,12.7585,12.7753,12.7982,12.4756,12.5081,12.5364,11.6124,11.6135,11.6206,11.386,11.3867,11.3885,10.9893,10.9901,10.9905,10.8438,10.8455,10.8491,12.1009,12.1122,12.1234,12.4355,12.4675,12.4884,12.105,12.1168,12.1285,11.7522,11.7805,11.8069,11.7249,11.7263,11.7393,11.3033,11.3034,11.3043,10.8856,10.8858,10.886,10.761,10.7622,10.765,11.6761,11.6856,11.6919,12.3575,12.379,12.4018,11.6832,11.6931,11.6996,11.315,11.3392,11.3646,11.9064,11.9099,11.9264,11.2689,11.2692,11.2702,10.8342,10.8343,10.8344,10.7224,10.7237,10.7258
model.language_model.layers.7.self_attn.v_proj.weight,linear,attn,7,1024x4096,4194304,28,2.6231,10.6556,12.7941,12.7932,12.8451,13.0281,13.0288,13.0745,12.7976,12.7969,12.8483,12.5201,12.5209,12.602,11.6264,11.6263,11.6311,11.3982,11.3978,11.3993,11.0395,11.0396,11.0413,10.8739,10.8743,10.8788,12.1178,12.1174,12.1435,12.4616,12.4598,12.5225,12.1221,12.1219,12.1495,11.7901,11.7895,11.8622,11.7409,11.7412,11.7508,11.3125,11.3125,11.3125,10.9367,10.9367,10.9372,10.7904,10.7905,10.7935,11.6836,11.6835,11.7016,12.3821,12.3809,12.4229,11.6903,11.6902,11.7092,11.3516,11.3509,11.4164,11.9211,11.9217,11.9315,11.278,11.2782,11.2785,10.8856,10.8856,10.8857,10.7506,10.7507,10.7527
model.language_model.layers.8.linear_attn.in_proj_z.weight,linear,linattn,8,4096x4096,16777216,28,2.5946,10.6299,12.7523,12.7531,12.7979,12.9952,12.9956,13.0399,12.7566,12.7572,12.8012,12.4677,12.468,12.542,11.6014,11.601,11.6047,11.3787,11.3788,11.3806,10.9954,10.9954,10.9961,10.8413,10.8414,10.8454,12.096,12.0959,12.1184,12.4112,12.4109,12.4636,12.1,12.1,12.1234,11.7421,11.7421,11.8047,11.71,11.7103,11.7161,11.2926,11.2924,11.2927,10.8922,10.8922,10.8924,10.7592,10.7593,10.7619,11.6679,11.6676,11.6821,12.3342,12.334,12.3727,11.675,11.6747,11.6898,11.3065,11.3062,11.3628,11.895,11.894,11.9028,11.2572,11.2569,11.2575,10.8409,10.8409,10.8411,10.7203,10.7203,10.7221
model.language_model.layers.8.linear_attn.out_proj.weight,linear,linattn,8,4096x4096,16777216,29,2.5936,10.6275,12.7605,12.7717,12.7962,13.0103,13.0249,13.0404,12.7646,12.7756,12.7998,12.487,12.5084,12.54,11.6035,11.6048,11.6121,11.3819,11.3823,11.3843,10.9922,10.9927,10.9932,10.8416,10.8428,10.8464,12.1024,12.1091,12.1212,12.4324,12.4517,12.4756,12.1068,12.114,12.1264,11.7589,11.7769,11.8063,11.713,11.7141,11.7279,11.297,11.2973,11.2982,10.8887,10.8888,10.8891,10.7586,10.7594,10.7621,11.6744,11.6801,11.6871,12.3472,12.3623,12.3869,11.6821,11.688,11.6951,11.3198,11.3357,11.3633,11.8972,11.8989,11.9172,11.2622,11.2626,11.2636,10.8375,10.8375,10.8376,10.7198,10.7204,10.7224
model.language_model.layers.9.linear_attn.in_proj_z.weight,linear,linattn,9,4096x4096,16777216,28,2.5859,10.6224,12.7489,12.7489,12.7835,12.9945,12.9948,13.0318,12.7533,12.7532,12.7871,12.4641,12.4641,12.5243,11.5994,11.5993,11.6023,11.3769,11.3771,11.3784,10.9802,10.9803,10.9821,10.8338,10.8337,10.8379,12.0952,12.0958,12.1134,12.4116,12.4129,12.4572,12.0991,12.0998,12.1184,11.7393,11.7398,11.7901,11.7087,11.7089,11.7131,11.2915,11.2917,11.2916,10.8776,10.8777,10.8783,10.7513,10.7515,10.7545,11.6688,11.6689,11.6806,12.3347,12.3351,12.3675,11.6759,11.6761,11.6886,11.3035,11.3038,11.3485,11.8927,11.8939,11.9005,11.2563,11.2564,11.2565,10.8267,10.8268,10.827,10.7127,10.7128,10.7151
model.language_model.layers.9.linear_attn.out_proj.weight,linear,linattn,9,4096x4096,16777216,30,2.5948,10.6299,12.7573,12.7664,12.7977,13.0075,13.0183,13.0426,12.7612,12.77,12.8013,12.4821,12.498,12.5431,11.6036,11.6049,11.6116,11.3816,11.382,11.3839,10.995,10.9956,10.9962,10.842,10.8432,10.8469,12.1,12.1053,12.121,12.4249,12.44,12.4748,12.1043,12.1099,12.1263,11.753,11.7667,11.8079,11.7125,11.7133,11.7266,11.2966,11.2966,11.2973,10.8918,10.892,10.8922,10.7591,10.7601,10.7628,11.6718,11.6757,11.6863,12.3418,12.3526,12.383,11.6794,11.6835,11.6943,11.3143,11.3263,11.3647,11.8964,11.8979,11.9153,11.2615,11.2615,11.2625,10.8407,10.8407,10.8408,10.7202,10.7209,10.723
mtp.layers.0.self_attn.k_proj.weight,linear,attn,,1024x4096,4194304,28,2.6663,10.7026,12.7801,12.7792,12.9073,13.0141,13.0133,13.1385,12.784,12.7833,12.91,12.494,12.494,12.6923,11.6733,11.6736,11.6846,11.426,11.426,11.4316,11.109,11.109,11.1128,10.9113,10.9116,10.9238,12.1117,12.1117,12.178,12.449,12.4481,12.62,12.1151,12.1153,12.1842,11.769,11.7685,11.9459,11.7939,11.7955,11.8117,11.342,11.3423,11.3446,11.0075,11.0074,11.0088,10.8285,10.8285,10.8371,11.6793,11.6798,11.7307,12.3811,12.3804,12.5003,11.6852,11.6855,11.7369,11.3341,11.3344,11.4967,11.9595,11.9608,11.9786,11.3059,11.3063,11.3095,10.9565,10.9565,10.9572,10.7881,10.7881,10.7943
mtp.layers.0.self_attn.o_proj.weight,linear,attn,,4096x4096,16777216,31,2.656,10.6884,12.8489,12.8904,12.8963,13.0697,13.1074,13.1152,12.8518,12.8924,12.8981,12.5918,12.6529,12.6617,11.7021,11.7156,11.7223,11.4347,11.4386,11.4404,11.1032,11.1041,11.1044,10.9032,10.9059,10.9068,12.1429,12.1615,12.1653,12.5192,12.5695,12.5824,12.1473,12.1656,12.1692,11.8554,11.9087,11.9173,11.8182,11.8426,11.8539,11.3405,11.3438,11.3459,10.9997,11.0007,11.001,10.8193,10.8221,10.8231,11.7009,11.7143,11.7176,12.4327,12.483,12.4953,11.7066,11.7185,11.7215,11.4152,11.4685,11.4768,11.9748,11.9987,12.0074,11.2987,11.3016,11.303,10.948,10.9487,10.9489,10.7764,10.7784,10.779
mtp.layers.0.self_attn.v_proj.weight,linear,attn,,1024x4096,4194304,26,2.6129,10.6429,12.786,12.7841,12.8315,13.0143,13.0123,13.0629,12.7903,12.7885,12.8353,12.5007,12.4994,12.5775,11.6356,11.6369,11.6404,11.4031,11.4029,11.4036,11.0253,11.0254,11.0275,10.8746,10.8746,10.8783,12.1144,12.1135,12.1423,12.4502,12.4481,12.5266,12.1184,12.1173,12.1479,11.7771,11.776,11.8465,11.7533,11.756,11.7637,11.3193,11.3198,11.3199,10.9222,10.9222,10.9228,10.7908,10.7911,10.7934,11.6821,11.6815,11.7056,12.3812,12.3816,12.439,11.6882,11.6878,11.7131,11.341,11.3411,11.4019,11.931,11.9335,11.9419,11.2859,11.2862,11.2863,10.871,10.871,10.8712,10.7519,10.7522,10.7536
